Government,Players,InitPops,hcabs,AvePop,GiniIndex,GovWealth,TotalWealth,Keep,Take,Give,percTaxes,GKeep,GTake,GGive
None,hcabs16_cats4,equal_20,hcabs_cnone,75.0097,0.49633,NaN,1500.19,0.353792,0.115667,0.530542,-1,NaN,NaN,NaN
None,hcabs16_cats4,equal_20,hcabs_cnone,111.066,0.306068,NaN,2221.32,0.277375,0.082375,0.64025,-1,NaN,NaN,NaN
None,hcabs16_cats4,equal_20,hcabs_cnone,80.4617,0.357002,NaN,1609.23,0.329417,0.108708,0.561875,-1,NaN,NaN,NaN
None,hcabs16_cats4,equal_20,hcabs_cnone,64.3628,0.553739,NaN,1287.26,0.396042,0.11075,0.493208,-1,NaN,NaN,NaN
None,hcabs16_cats4,equal_20,hcabs_cnone,91.9618,0.331576,NaN,1839.24,0.299,0.0987917,0.602208,-1,NaN,NaN,NaN
None,hcabs16_cats4,equal_20,hcabs_cnone,87.7098,0.356384,NaN,1754.2,0.360667,0.099875,0.539458,-1,NaN,NaN,NaN
None,hcabs16_cats4,equal_20,hcabs_cnone,75.0098,0.324783,NaN,1500.2,0.324625,0.115083,0.560292,-1,NaN,NaN,NaN
None,hcabs16_cats4,equal_20,hcabs_cnone,72.6264,0.371106,NaN,1452.53,0.357792,0.133875,0.508333,-1,NaN,NaN,NaN
None,hcabs16_cats4,equal_20,hcabs_cnone,190.627,0.476036,NaN,3812.54,0.238,0.158042,0.603958,-1,NaN,NaN,NaN
None,hcabs16_cats4,equal_20,hcabs_cnone,43.9872,0.581083,NaN,879.743,0.295417,0.26225,0.442333,-1,NaN,NaN,NaN
None,hcabs16_cats4,equal_20,hcabs_cnone,82.2034,0.358414,NaN,1644.07,0.355042,0.115167,0.529792,-1,NaN,NaN,NaN
None,hcabs16_cats4,equal_20,hcabs_cnone,87.0655,0.307986,NaN,1741.31,0.325292,0.13725,0.537458,-1,NaN,NaN,NaN
None,hcabs16_cats4,equal_20,hcabs_cnone,74.3369,0.487745,NaN,1486.74,0.211208,0.212292,0.5765,-1,NaN,NaN,NaN
None,hcabs16_cats4,equal_20,hcabs_cnone,83.2472,0.331288,NaN,1664.94,0.327125,0.116042,0.556833,-1,NaN,NaN,NaN
None,hcabs16_cats4,equal_20,hcabs_cnone,86.6678,0.325954,NaN,1733.36,0.4385,0.07125,0.49025,-1,NaN,NaN,NaN
None,hcabs16_cats4,equal_20,hcabs_cnone,66.3068,0.347286,NaN,1326.14,0.33275,0.147583,0.519667,-1,NaN,NaN,NaN
None,hcabs16_cats4,equal_20,hcabs_cnone,129.099,0.537092,NaN,2581.99,0.270333,0.194542,0.535125,-1,NaN,NaN,NaN
None,hcabs16_cats4,equal_20,hcabs_cnone,95.0442,0.627464,NaN,1900.88,0.187042,0.225375,0.587583,-1,NaN,NaN,NaN
None,hcabs16_cats4,equal_20,hcabs_cnone,59.8062,0.517459,NaN,1196.12,0.254792,0.229167,0.516042,-1,NaN,NaN,NaN
None,hcabs16_cats4,equal_20,hcabs_cnone,174.147,0.515559,NaN,3482.95,0.244125,0.178625,0.57725,-1,NaN,NaN,NaN
None,hcabs16_cats4,equal_20,hcabs_cnone,32.6741,0.52783,NaN,653.483,0.249042,0.241083,0.509875,-1,NaN,NaN,NaN
None,hcabs16_cats4,equal_20,hcabs_cnone,122.646,0.633979,NaN,2452.93,0.238042,0.237583,0.524375,-1,NaN,NaN,NaN
None,hcabs16_cats4,equal_20,hcabs_cnone,57.6992,0.296006,NaN,1153.98,0.2945,0.168542,0.536958,-1,NaN,NaN,NaN
None,hcabs16_cats4,equal_20,hcabs_cnone,93.9996,0.593968,NaN,1879.99,0.266458,0.188833,0.544708,-1,NaN,NaN,NaN
None,hcabs16_cats4,equal_20,hcabs_cnone,89.9613,0.26086,NaN,1799.23,0.297,0.114167,0.588833,-1,NaN,NaN,NaN
None,hcabs16_cats4,equal_20,hcabs_cnone,86.8082,0.706117,NaN,1736.16,0.190333,0.248417,0.56125,-1,NaN,NaN,NaN
None,hcabs16_cats4,equal_20,hcabs_cnone,71.7608,0.43538,NaN,1435.22,0.386417,0.118875,0.494708,-1,NaN,NaN,NaN
None,hcabs16_cats4,equal_20,hcabs_cnone,67.2025,0.286571,NaN,1344.05,0.305042,0.163667,0.531292,-1,NaN,NaN,NaN
None,hcabs16_cats4,equal_20,hcabs_cnone,130.513,0.619098,NaN,2610.27,0.191875,0.212167,0.595958,-1,NaN,NaN,NaN
None,hcabs16_cats4,equal_20,hcabs_cnone,113.207,0.597689,NaN,2264.13,0.278208,0.194708,0.527083,-1,NaN,NaN,NaN
None,hcabs16_cats4,equal_20,hcabs_cnone,91.7718,0.327222,NaN,1835.44,0.309917,0.0946667,0.595417,-1,NaN,NaN,NaN
None,hcabs16_cats4,equal_20,hcabs_cnone,91.9193,0.532893,NaN,1838.39,0.254625,0.217417,0.527958,-1,NaN,NaN,NaN
None,hcabs16_cats4,equal_20,hcabs_cnone,128.388,0.556241,NaN,2567.76,0.231417,0.230042,0.538542,-1,NaN,NaN,NaN
None,hcabs16_cats4,equal_20,hcabs_cnone,92.2713,0.663365,NaN,1845.43,0.205167,0.227167,0.567667,-1,NaN,NaN,NaN
None,hcabs16_cats4,equal_20,hcabs_cnone,91.7255,0.301666,NaN,1834.51,0.39075,0.089,0.52025,-1,NaN,NaN,NaN
None,hcabs16_cats4,equal_20,hcabs_cnone,63.855,0.362041,NaN,1277.1,0.264125,0.174333,0.561542,-1,NaN,NaN,NaN
None,hcabs16_cats4,equal_20,hcabs_cnone,81.8752,0.608015,NaN,1637.5,0.283833,0.186042,0.530125,-1,NaN,NaN,NaN
None,hcabs16_cats4,equal_20,hcabs_cnone,94.6962,0.734168,NaN,1893.92,0.242667,0.210292,0.547042,-1,NaN,NaN,NaN
None,hcabs16_cats4,equal_20,hcabs_cnone,101.099,0.52993,NaN,2021.98,0.21325,0.200333,0.586417,-1,NaN,NaN,NaN
None,hcabs16_cats4,equal_20,hcabs_cnone,55.6041,0.585412,NaN,1112.08,0.290875,0.191958,0.517167,-1,NaN,NaN,NaN
None,hcabs16_cats4,equal_20,hcabs_cnone,73.0105,0.391696,NaN,1460.21,0.286167,0.153375,0.560458,-1,NaN,NaN,NaN
None,hcabs16_cats4,equal_20,hcabs_cnone,65.5052,0.627728,NaN,1310.1,0.321292,0.1965,0.482208,-1,NaN,NaN,NaN
None,hcabs16_cats4,equal_20,hcabs_cnone,78.7589,0.587658,NaN,1575.18,0.1945,0.233417,0.572083,-1,NaN,NaN,NaN
None,hcabs16_cats4,equal_20,hcabs_cnone,101.537,0.663306,NaN,2030.74,0.306292,0.223375,0.470333,-1,NaN,NaN,NaN
None,hcabs16_cats4,equal_20,hcabs_cnone,62.4113,0.431759,NaN,1248.23,0.356625,0.15825,0.485125,-1,NaN,NaN,NaN
None,hcabs16_cats4,equal_20,hcabs_cnone,164.816,0.539496,NaN,3296.32,0.210958,0.185208,0.603833,-1,NaN,NaN,NaN
None,hcabs16_cats4,equal_20,hcabs_cnone,92.1866,0.270296,NaN,1843.73,0.342917,0.093875,0.563208,-1,NaN,NaN,NaN
None,hcabs16_cats4,equal_20,hcabs_cnone,69.9822,0.545194,NaN,1399.64,0.35075,0.14025,0.509,-1,NaN,NaN,NaN
None,hcabs16_cats4,equal_20,hcabs_cnone,76.4568,0.738642,NaN,1529.14,0.287333,0.213542,0.499125,-1,NaN,NaN,NaN
None,hcabs16_cats4,equal_20,hcabs_cnone,77.6934,0.734784,NaN,1553.87,0.339458,0.214542,0.446,-1,NaN,NaN,NaN
None,hcabs16_cats4,equal_20,hcabs_cnone,47.2634,0.520541,NaN,945.267,0.289958,0.194042,0.516,-1,NaN,NaN,NaN
None,hcabs16_cats4,equal_20,hcabs_cnone,83.03,0.584663,NaN,1660.6,0.2775,0.212875,0.509625,-1,NaN,NaN,NaN
None,hcabs16_cats4,equal_20,hcabs_cnone,117.452,0.659955,NaN,2349.04,0.196917,0.233667,0.569417,-1,NaN,NaN,NaN
None,hcabs16_cats4,equal_20,hcabs_cnone,89.6226,0.726154,NaN,1792.45,0.266417,0.238417,0.495167,-1,NaN,NaN,NaN
None,hcabs16_cats4,equal_20,hcabs_cnone,69.4899,0.54588,NaN,1389.8,0.441125,0.116167,0.442708,-1,NaN,NaN,NaN
None,hcabs16_cats4,equal_20,hcabs_cnone,92.4258,0.26469,NaN,1848.52,0.347083,0.0895,0.563417,-1,NaN,NaN,NaN
None,hcabs16_cats4,equal_20,hcabs_cnone,103.338,0.599965,NaN,2066.76,0.2415,0.211125,0.547375,-1,NaN,NaN,NaN
None,hcabs16_cats4,equal_20,hcabs_cnone,65.7329,0.505747,NaN,1314.66,0.294875,0.134917,0.570208,-1,NaN,NaN,NaN
None,hcabs16_cats4,equal_20,hcabs_cnone,67.8753,0.534768,NaN,1357.51,0.267958,0.147125,0.584917,-1,NaN,NaN,NaN
None,hcabs16_cats4,equal_20,hcabs_cnone,93.977,0.661711,NaN,1879.54,0.202958,0.220167,0.576875,-1,NaN,NaN,NaN
None,hcabs16_cats4,equal_20,hcabs_cnone,161.404,0.552554,NaN,3228.08,0.207292,0.185208,0.6075,-1,NaN,NaN,NaN
None,hcabs16_cats4,equal_20,hcabs_cnone,106.096,0.647309,NaN,2121.93,0.228917,0.238958,0.532125,-1,NaN,NaN,NaN
None,hcabs16_cats4,equal_20,hcabs_cnone,78.8777,0.644364,NaN,1577.55,0.184917,0.247042,0.568042,-1,NaN,NaN,NaN
None,hcabs16_cats4,equal_20,hcabs_cnone,99.7043,0.612433,NaN,1994.09,0.264792,0.241375,0.493833,-1,NaN,NaN,NaN
None,hcabs16_cats4,equal_20,hcabs_cnone,82.2623,0.330734,NaN,1645.25,0.281208,0.143125,0.575667,-1,NaN,NaN,NaN
None,hcabs16_cats4,equal_20,hcabs_cnone,82.7818,0.363441,NaN,1655.64,0.314833,0.111917,0.57325,-1,NaN,NaN,NaN
None,hcabs16_cats4,equal_20,hcabs_cnone,86.1333,0.40274,NaN,1722.67,0.325292,0.104583,0.570125,-1,NaN,NaN,NaN
None,hcabs16_cats4,equal_20,hcabs_cnone,147.387,0.586668,NaN,2947.74,0.231,0.171167,0.597833,-1,NaN,NaN,NaN
None,hcabs16_cats4,equal_20,hcabs_cnone,78.6089,0.505117,NaN,1572.18,0.407125,0.0978333,0.495042,-1,NaN,NaN,NaN
None,hcabs16_cats4,equal_20,hcabs_cnone,120.787,0.649879,NaN,2415.75,0.166,0.245667,0.588333,-1,NaN,NaN,NaN
None,hcabs16_cats4,equal_20,hcabs_cnone,93.9641,0.377285,NaN,1879.28,0.267875,0.111,0.621125,-1,NaN,NaN,NaN
None,hcabs16_cats4,equal_20,hcabs_cnone,48.4946,0.753752,NaN,969.892,0.260125,0.278083,0.461792,-1,NaN,NaN,NaN
None,hcabs16_cats4,equal_20,hcabs_cnone,74.5217,0.651809,NaN,1490.43,0.226,0.236042,0.537958,-1,NaN,NaN,NaN
None,hcabs16_cats4,equal_20,hcabs_cnone,93.3484,0.640403,NaN,1866.97,0.247708,0.239667,0.512625,-1,NaN,NaN,NaN
None,hcabs16_cats4,equal_20,hcabs_cnone,67.0437,0.688653,NaN,1340.87,0.289125,0.205542,0.505333,-1,NaN,NaN,NaN
None,hcabs16_cats4,equal_20,hcabs_cnone,76.3253,0.405756,NaN,1526.51,0.330042,0.116667,0.553292,-1,NaN,NaN,NaN
None,hcabs16_cats4,equal_20,hcabs_cnone,76.9051,0.415584,NaN,1538.1,0.282417,0.137375,0.580208,-1,NaN,NaN,NaN
None,hcabs16_cats4,equal_20,hcabs_cnone,80.2124,0.379833,NaN,1604.25,0.262875,0.130375,0.60675,-1,NaN,NaN,NaN
None,hcabs16_cats4,equal_20,hcabs_cnone,59.169,0.614204,NaN,1183.38,0.275667,0.244917,0.479417,-1,NaN,NaN,NaN
None,hcabs16_cats4,equal_20,hcabs_cnone,68.0516,0.695162,NaN,1361.03,0.298875,0.249792,0.451333,-1,NaN,NaN,NaN
None,hcabs16_cats4,equal_20,hcabs_cnone,52.2704,0.586917,NaN,1045.41,0.42225,0.133792,0.443958,-1,NaN,NaN,NaN
None,hcabs16_cats4,equal_20,hcabs_cnone,59.9388,0.532414,NaN,1198.78,0.339042,0.132958,0.528,-1,NaN,NaN,NaN
None,hcabs16_cats4,equal_20,hcabs_cnone,72.3911,0.547193,NaN,1447.82,0.24525,0.217375,0.537375,-1,NaN,NaN,NaN
None,hcabs16_cats4,equal_20,hcabs_cnone,75.0431,0.440269,NaN,1500.86,0.340375,0.0931667,0.566458,-1,NaN,NaN,NaN
None,hcabs16_cats4,equal_20,hcabs_cnone,163.809,0.539902,NaN,3276.19,0.20725,0.19075,0.602,-1,NaN,NaN,NaN
None,hcabs16_cats4,equal_20,hcabs_cnone,92.8157,0.595919,NaN,1856.31,0.246542,0.245167,0.508292,-1,NaN,NaN,NaN
None,hcabs16_cats4,equal_20,hcabs_cnone,57.0752,0.503568,NaN,1141.5,0.344833,0.21775,0.437417,-1,NaN,NaN,NaN
None,hcabs16_cats4,equal_20,hcabs_cnone,112.558,0.559418,NaN,2251.16,0.230417,0.197042,0.572542,-1,NaN,NaN,NaN
None,hcabs16_cats4,equal_20,hcabs_cnone,117.174,0.52256,NaN,2343.49,0.307083,0.168083,0.524833,-1,NaN,NaN,NaN
None,hcabs16_cats4,equal_20,hcabs_cnone,117.154,0.580331,NaN,2343.08,0.199042,0.223625,0.577333,-1,NaN,NaN,NaN
None,hcabs16_cats4,equal_20,hcabs_cnone,68.506,0.425438,NaN,1370.12,0.370417,0.123208,0.506375,-1,NaN,NaN,NaN
None,hcabs16_cats4,equal_20,hcabs_cnone,110.147,0.556665,NaN,2202.93,0.254375,0.212458,0.533167,-1,NaN,NaN,NaN
None,hcabs16_cats4,equal_20,hcabs_cnone,45.719,0.617786,NaN,914.379,0.316125,0.22475,0.459125,-1,NaN,NaN,NaN
None,hcabs16_cats4,equal_20,hcabs_cnone,63.0259,0.292692,NaN,1260.52,0.23825,0.201167,0.560583,-1,NaN,NaN,NaN
None,hcabs16_cats4,equal_20,hcabs_cnone,60.1555,0.694063,NaN,1203.11,0.257542,0.25075,0.491708,-1,NaN,NaN,NaN
None,hcabs16_cats4,equal_20,hcabs_cnone,99.1323,0.639755,NaN,1982.65,0.224167,0.209792,0.566042,-1,NaN,NaN,NaN
None,hcabs16_cats4,equal_20,hcabs_cnone,88.5451,0.686854,NaN,1770.9,0.299,0.246208,0.454792,-1,NaN,NaN,NaN
None,hcabs16_cats4,equal_20,hcabs_cnone,122.221,0.571988,NaN,2444.43,0.224375,0.217208,0.558417,-1,NaN,NaN,NaN
None,hcabs16_cats4,equal_20,hcabs_cnone,60.1461,0.507349,NaN,1202.92,0.3765,0.15575,0.46775,-1,NaN,NaN,NaN
None,hcabs16_cats4,equal_20,hcabs_cnone,68.5147,0.464127,NaN,1370.29,0.333458,0.148,0.518542,-1,NaN,NaN,NaN
Prioritize equality,gov_hcabs16_cats4,equal_21,hcabs_c2080,195.305,0.314113,1491.14,5397.23,0.259405,0.0795238,0.661071,0.845632,0.147619,0.12619,0.72619
Prioritize equality,gov_hcabs16_cats4,equal_21,hcabs_c2080,155.576,0.24614,1204.79,4316.31,0.258254,0.136786,0.60496,0.895433,0.104762,0.101587,0.793651
Prioritize equality,gov_hcabs16_cats4,equal_21,hcabs_c2080,195.689,0.231181,1515.29,5429.06,0.169881,0.136667,0.693452,0.898148,0.123016,0.113492,0.763492
Prioritize equality,gov_hcabs16_cats4,equal_21,hcabs_c2080,170.763,0.308652,1318.43,4733.69,0.247857,0.144921,0.607222,0.832831,0.134127,0.131746,0.734127
Prioritize equality,gov_hcabs16_cats4,equal_21,hcabs_c2080,158.042,0.269869,1227.73,4388.56,0.23,0.15373,0.61627,0.855647,0.0936508,0.131746,0.774603
Prioritize equality,gov_hcabs16_cats4,equal_21,hcabs_c2080,192.874,0.226021,1491.65,5349.14,0.296706,0.0850794,0.618214,0.905405,0.153175,0.0801587,0.766667
Prioritize equality,gov_hcabs16_cats4,equal_21,hcabs_c2080,165.458,0.351255,1361.08,4670.23,0.329048,0.126111,0.544841,0.834795,0.126984,0.104762,0.768254
Prioritize equality,gov_hcabs16_cats4,equal_21,hcabs_c2080,204.701,0.21717,1575.91,5669.93,0.202619,0.130159,0.667222,0.902373,0.142063,0.0904762,0.76746
Prioritize equality,gov_hcabs16_cats4,equal_21,hcabs_c2080,158.56,0.223088,1235.43,4406.63,0.229048,0.154484,0.616468,0.894399,0.1,0.116667,0.783333
Prioritize equality,gov_hcabs16_cats4,equal_21,hcabs_c2080,175.202,0.277709,1344.15,4848.19,0.30377,0.114683,0.581548,0.867492,0.142857,0.1,0.757143
Prioritize equality,gov_hcabs16_cats4,equal_21,hcabs_c2080,181.784,0.228232,1454.94,5090.62,0.173532,0.160238,0.66623,0.899124,0.128571,0.0952381,0.77619
Prioritize equality,gov_hcabs16_cats4,equal_21,hcabs_c2080,174.396,0.216828,1341.31,4829.22,0.251746,0.125516,0.622738,0.896649,0.109524,0.111111,0.779365
Prioritize equality,gov_hcabs16_cats4,equal_21,hcabs_c2080,207.466,0.305958,1578.49,5727.82,0.236865,0.110079,0.653056,0.848622,0.161111,0.11746,0.721429
Prioritize equality,gov_hcabs16_cats4,equal_21,hcabs_c2080,189.126,0.244148,1474.38,5256.91,0.249524,0.106548,0.643929,0.900513,0.148413,0.0746032,0.776984
Prioritize equality,gov_hcabs16_cats4,equal_21,hcabs_c2080,174.87,0.227625,1358.52,4855.92,0.180317,0.191786,0.627897,0.902713,0.111905,0.0904762,0.797619
Prioritize equality,gov_hcabs16_cats4,equal_21,hcabs_c2080,147.417,0.221694,1154.34,4102.69,0.171905,0.223889,0.604206,0.899985,0.0849206,0.103175,0.811905
Prioritize equality,gov_hcabs16_cats4,equal_21,hcabs_c2080,174.049,0.264637,1359.06,4840.05,0.246429,0.154325,0.599246,0.869431,0.13254,0.106349,0.761111
Prioritize equality,gov_hcabs16_cats4,equal_21,hcabs_c2080,138.422,0.243162,1093.51,3861.94,0.213651,0.165238,0.621111,0.84065,0.0563492,0.157937,0.785714
Prioritize equality,gov_hcabs16_cats4,equal_21,hcabs_c2080,198.687,0.226911,1532.32,5506.05,0.192381,0.124762,0.682857,0.900557,0.140476,0.0912698,0.768254
Prioritize equality,gov_hcabs16_cats4,equal_21,hcabs_c2080,218.969,0.218105,1668.45,6047.83,0.242778,0.100317,0.656905,0.907503,0.169048,0.0666667,0.764286
Prioritize equality,gov_hcabs16_cats4,equal_21,hcabs_c2080,169,0.22727,1310.45,4690.46,0.240079,0.139762,0.620159,0.897775,0.114286,0.0968254,0.788889
Prioritize equality,gov_hcabs16_cats4,equal_21,hcabs_c2080,221.14,0.260983,1686.39,6109.19,0.252341,0.067619,0.68004,0.885282,0.165079,0.0738095,0.761111
Prioritize equality,gov_hcabs16_cats4,equal_21,hcabs_c2080,183.851,0.210287,1401.79,5078.81,0.260198,0.113849,0.625952,0.901973,0.125397,0.0984127,0.77619
Prioritize equality,gov_hcabs16_cats4,equal_21,hcabs_c2080,183.662,0.322752,1405.64,5078.87,0.265754,0.100595,0.633651,0.811875,0.161905,0.109524,0.728571
Prioritize equality,gov_hcabs16_cats4,equal_21,hcabs_c2080,176.209,0.269201,1365.46,4889.64,0.249921,0.147103,0.602976,0.86713,0.129365,0.0944444,0.77619
Prioritize equality,gov_hcabs16_cats4,equal_21,hcabs_c2080,218.106,0.213232,1664.03,6026.15,0.211587,0.10881,0.679603,0.901296,0.165079,0.0753968,0.759524
Prioritize equality,gov_hcabs16_cats4,equal_21,hcabs_c2080,215.202,0.268391,1641.48,5945.53,0.239643,0.0903968,0.66996,0.876485,0.153175,0.0865079,0.760317
Prioritize equality,gov_hcabs16_cats4,equal_21,hcabs_c2080,216.805,0.263372,1661.13,5997.23,0.217738,0.106627,0.675635,0.878921,0.173016,0.0793651,0.747619
Prioritize equality,gov_hcabs16_cats4,equal_21,hcabs_c2080,195.365,0.268972,1495.07,5402.38,0.260873,0.103254,0.635873,0.858962,0.155556,0.0888889,0.755556
Prioritize equality,gov_hcabs16_cats4,equal_21,hcabs_c2080,178.773,0.225781,1385.09,4960.54,0.225556,0.104722,0.669722,0.897486,0.113492,0.107143,0.779365
Prioritize equality,gov_hcabs16_cats4,equal_21,hcabs_c2080,158.492,0.244808,1234.72,4404.56,0.182063,0.185675,0.632262,0.881854,0.0865079,0.123016,0.790476
Prioritize equality,gov_hcabs16_cats4,equal_21,hcabs_c2080,203.236,0.209879,1561.63,5626.35,0.213849,0.154405,0.631746,0.901326,0.159524,0.0706349,0.769841
Prioritize equality,gov_hcabs16_cats4,equal_21,hcabs_c2080,112.385,0.246973,911.014,3158.71,0.199921,0.215992,0.584087,0.900502,0.0214286,0.146032,0.83254
Prioritize equality,gov_hcabs16_cats4,equal_21,hcabs_c2080,157.68,0.261668,1299.64,4453.24,0.20496,0.184365,0.610675,0.898946,0.118254,0.0888889,0.792857
Prioritize equality,gov_hcabs16_cats4,equal_21,hcabs_c2080,170.893,0.236619,1354.08,4771.94,0.22123,0.140913,0.637857,0.898763,0.0920635,0.11746,0.790476
Prioritize equality,gov_hcabs16_cats4,equal_21,hcabs_c2080,190.175,0.232464,1489.84,5293.35,0.196429,0.117778,0.685794,0.89991,0.125397,0.101587,0.773016
Prioritize equality,gov_hcabs16_cats4,equal_21,hcabs_c2080,207.49,0.263495,1590.96,5740.75,0.2575,0.0792063,0.663294,0.872449,0.151587,0.097619,0.750794
Prioritize equality,gov_hcabs16_cats4,equal_21,hcabs_c2080,148.421,0.328735,1172.79,4141.22,0.198056,0.172659,0.629286,0.821776,0.119048,0.116667,0.764286
Prioritize equality,gov_hcabs16_cats4,equal_21,hcabs_c2080,152.523,0.264357,1175.23,4225.69,0.262579,0.154246,0.583175,0.856623,0.104762,0.155556,0.739683
Prioritize equality,gov_hcabs16_cats4,equal_21,hcabs_c2080,172.213,0.211636,1327.09,4771.34,0.219921,0.136349,0.64373,0.894107,0.0912698,0.124603,0.784127
Prioritize equality,gov_hcabs16_cats4,equal_21,hcabs_c2080,154.905,0.275777,1198.47,4296.57,0.240556,0.141429,0.618016,0.872583,0.103968,0.101587,0.794444
Prioritize equality,gov_hcabs16_cats4,equal_21,hcabs_c2080,146.104,0.344664,1165.73,4087.81,0.2175,0.193373,0.589127,0.8376,0.111905,0.103968,0.784127
Prioritize equality,gov_hcabs16_cats4,equal_21,hcabs_c2080,153.031,0.292651,1256.67,4317.29,0.338135,0.100714,0.561151,0.876663,0.0984127,0.107937,0.793651
Prioritize equality,gov_hcabs16_cats4,equal_21,hcabs_c2080,195.235,0.307673,1508.56,5413.27,0.226627,0.121667,0.651706,0.834129,0.142857,0.116667,0.740476
Prioritize equality,gov_hcabs16_cats4,equal_21,hcabs_c2080,206.332,0.265727,1593.37,5720.01,0.191706,0.136627,0.671667,0.868176,0.163492,0.105556,0.730952
Prioritize equality,gov_hcabs16_cats4,equal_21,hcabs_c2080,193.306,0.313016,1483.63,5349.75,0.290556,0.0906746,0.61877,0.842581,0.15873,0.107143,0.734127
Prioritize equality,gov_hcabs16_cats4,equal_21,hcabs_c2080,189.915,0.284112,1483.51,5281.81,0.26504,0.092619,0.642341,0.871759,0.153175,0.0880952,0.75873
Prioritize equality,gov_hcabs16_cats4,equal_21,hcabs_c2080,149.67,0.285219,1181.68,4175.09,0.310595,0.147024,0.542381,0.869728,0.129365,0.0888889,0.781746
Prioritize equality,gov_hcabs16_cats4,equal_21,hcabs_c2080,201.453,0.26477,1546.18,5575.24,0.194325,0.147024,0.658651,0.877778,0.153175,0.0833333,0.763492
Prioritize equality,gov_hcabs16_cats4,equal_21,hcabs_c2080,164.583,0.243478,1352.78,4644.45,0.24496,0.130635,0.624405,0.901775,0.115873,0.0984127,0.785714
Prioritize equality,gov_hcabs16_cats4,equal_21,hcabs_c2080,228.62,0.206479,1742.03,6314.42,0.248413,0.0671032,0.684484,0.912718,0.176984,0.0666667,0.756349
Prioritize equality,gov_hcabs16_cats4,equal_21,hcabs_c2080,186.324,0.236879,1455.13,5181.62,0.30881,0.0725,0.61869,0.906478,0.147619,0.0801587,0.772222
Prioritize equality,gov_hcabs16_cats4,equal_21,hcabs_c2080,160.498,0.239281,1257.24,4467.19,0.256508,0.149167,0.594325,0.891856,0.106349,0.105556,0.788095
Prioritize equality,gov_hcabs16_cats4,equal_21,hcabs_c2080,211.801,0.214688,1609.13,5845.16,0.188849,0.104325,0.706825,0.903003,0.140476,0.1,0.759524
Prioritize equality,gov_hcabs16_cats4,equal_21,hcabs_c2080,157.567,0.282341,1272.07,4423.4,0.200952,0.172817,0.62623,0.862339,0.123016,0.115873,0.761111
Prioritize equality,gov_hcabs16_cats4,equal_21,hcabs_c2080,200.962,0.227217,1541.63,5560.86,0.211746,0.13996,0.648294,0.90273,0.149206,0.081746,0.769048
Prioritize equality,gov_hcabs16_cats4,equal_21,hcabs_c2080,215.858,0.211727,1640.92,5958.07,0.268452,0.0761111,0.655437,0.904719,0.161111,0.0753968,0.763492
Prioritize equality,gov_hcabs16_cats4,equal_21,hcabs_c2080,137.364,0.23456,1095.62,3842.89,0.242302,0.158492,0.599206,0.896289,0.0849206,0.103968,0.811111
Prioritize equality,gov_hcabs16_cats4,equal_21,hcabs_c2080,175.443,0.244298,1360.52,4869.37,0.185714,0.15131,0.662976,0.899215,0.115079,0.103968,0.780952
Prioritize equality,gov_hcabs16_cats4,equal_21,hcabs_c2080,183.184,0.234081,1465.77,5129.45,0.215516,0.142421,0.642063,0.899127,0.139683,0.0857143,0.774603
Prioritize equality,gov_hcabs16_cats4,equal_21,hcabs_c2080,181.683,0.308799,1397.92,5031.58,0.208929,0.16131,0.629762,0.82833,0.118254,0.138889,0.742857
Prioritize equality,gov_hcabs16_cats4,equal_21,hcabs_c2080,179.944,0.212755,1378.27,4977.16,0.204167,0.134722,0.661111,0.894097,0.10873,0.124603,0.766667
Prioritize equality,gov_hcabs16_cats4,equal_21,hcabs_c2080,181.429,0.261324,1393.16,5021.75,0.29623,0.100873,0.602897,0.869961,0.126984,0.105556,0.76746
Prioritize equality,gov_hcabs16_cats4,equal_21,hcabs_c2080,203.361,0.258853,1554.8,5622.02,0.253532,0.105556,0.640913,0.873795,0.155556,0.0968254,0.747619
Prioritize equality,gov_hcabs16_cats4,equal_21,hcabs_c2080,211.382,0.207999,1610.93,5838.56,0.236746,0.089246,0.674008,0.907823,0.155556,0.0809524,0.763492
Prioritize equality,gov_hcabs16_cats4,equal_21,hcabs_c2080,205.385,0.308671,1585.38,5693.08,0.29623,0.11504,0.58873,0.841554,0.166667,0.0873016,0.746032
Prioritize equality,gov_hcabs16_cats4,equal_21,hcabs_c2080,169.762,0.223787,1308.42,4703.66,0.208095,0.168532,0.623373,0.894918,0.118254,0.0992063,0.78254
Prioritize equality,gov_hcabs16_cats4,equal_21,hcabs_c2080,155.324,0.241275,1230.26,4336.74,0.225159,0.140317,0.634524,0.901419,0.097619,0.107143,0.795238
Prioritize equality,gov_hcabs16_cats4,equal_21,hcabs_c2080,124.399,0.345578,1039.37,3527.35,0.264365,0.181667,0.553968,0.826025,0.0706349,0.170635,0.75873
Prioritize equality,gov_hcabs16_cats4,equal_21,hcabs_c2080,178.322,0.232708,1388.72,4955.16,0.12496,0.198254,0.676786,0.898631,0.12619,0.0936508,0.780159
Prioritize equality,gov_hcabs16_cats4,equal_21,hcabs_c2080,210.668,0.213007,1609.92,5823.27,0.242024,0.0883333,0.669643,0.90644,0.157143,0.081746,0.761111
Prioritize equality,gov_hcabs16_cats4,equal_21,hcabs_c2080,183.475,0.256265,1438.37,5107.87,0.203929,0.149762,0.64631,0.863636,0.12619,0.110317,0.763492
Prioritize equality,gov_hcabs16_cats4,equal_21,hcabs_c2080,211.264,0.212078,1610.62,5835.89,0.212778,0.103016,0.684206,0.903119,0.149206,0.0873016,0.763492
Prioritize equality,gov_hcabs16_cats4,equal_21,hcabs_c2080,227.239,0.212338,1751.55,6296.32,0.262222,0.0615476,0.67623,0.914002,0.17381,0.065873,0.760317
Prioritize equality,gov_hcabs16_cats4,equal_21,hcabs_c2080,186.69,0.260397,1444.38,5178.17,0.299484,0.0954365,0.605079,0.867364,0.155556,0.0960317,0.748413
Prioritize equality,gov_hcabs16_cats4,equal_21,hcabs_c2080,179.799,0.279087,1393,4988.98,0.175595,0.15123,0.673175,0.86303,0.106349,0.121429,0.772222
Prioritize equality,gov_hcabs16_cats4,equal_21,hcabs_c2080,193.009,0.239627,1526.62,5386.81,0.213333,0.14373,0.642937,0.900422,0.145238,0.0809524,0.77381
Prioritize equality,gov_hcabs16_cats4,equal_21,hcabs_c2080,165.245,0.332318,1282.37,4587.27,0.290714,0.110476,0.59881,0.832408,0.121429,0.129365,0.749206
Prioritize equality,gov_hcabs16_cats4,equal_21,hcabs_c2080,140.111,0.189415,1171.15,3973.37,0.205198,0.177817,0.616984,0.874838,0.0642857,0.145238,0.790476
Prioritize equality,gov_hcabs16_cats4,equal_21,hcabs_c2080,132.996,0.177984,1076.38,3736.3,0.182976,0.176984,0.64004,0.87773,0.0404762,0.168254,0.79127
Prioritize equality,gov_hcabs16_cats4,equal_21,hcabs_c2080,179.729,0.229468,1393.46,4988.04,0.244683,0.108651,0.646667,0.904249,0.126984,0.0873016,0.785714
Prioritize equality,gov_hcabs16_cats4,equal_21,hcabs_c2080,211.728,0.207004,1634.67,5869.24,0.22369,0.107579,0.66873,0.906349,0.161905,0.0777778,0.760317
Prioritize equality,gov_hcabs16_cats4,equal_21,hcabs_c2080,193.445,0.226407,1503.5,5372.39,0.220317,0.11381,0.665873,0.901311,0.136508,0.0865079,0.776984
Prioritize equality,gov_hcabs16_cats4,equal_21,hcabs_c2080,156.444,0.31357,1202.99,4331.86,0.286548,0.156508,0.556944,0.837217,0.0920635,0.11746,0.790476
Prioritize equality,gov_hcabs16_cats4,equal_21,hcabs_c2080,172.829,0.215822,1345.56,4802.15,0.284325,0.117024,0.598651,0.900755,0.127778,0.0896825,0.78254
Prioritize equality,gov_hcabs16_cats4,equal_21,hcabs_c2080,173.448,0.302922,1377.02,4845.98,0.191071,0.143016,0.665913,0.86159,0.111905,0.115873,0.772222
Prioritize equality,gov_hcabs16_cats4,equal_21,hcabs_c2080,188.52,0.269218,1440.25,5210.65,0.17754,0.1575,0.66496,0.86155,0.10873,0.119841,0.771429
Prioritize equality,gov_hcabs16_cats4,equal_21,hcabs_c2080,199.12,0.222669,1544.84,5527.24,0.227381,0.114087,0.658532,0.90837,0.15873,0.0769841,0.764286
Prioritize equality,gov_hcabs16_cats4,equal_21,hcabs_c2080,187.821,0.208473,1436.35,5192.78,0.241508,0.110714,0.647778,0.90099,0.127778,0.102381,0.769841
Prioritize equality,gov_hcabs16_cats4,equal_21,hcabs_c2080,203.83,0.288653,1591.1,5667.69,0.179722,0.122659,0.697619,0.871678,0.153175,0.0785714,0.768254
Prioritize equality,gov_hcabs16_cats4,equal_21,hcabs_c2080,204.755,0.210529,1554.84,5649.94,0.24131,0.101111,0.657579,0.906316,0.145238,0.0857143,0.769048
Prioritize equality,gov_hcabs16_cats4,equal_21,hcabs_c2080,213.366,0.222718,1621.86,5889.17,0.257421,0.0838492,0.65873,0.903631,0.163492,0.0730159,0.763492
Prioritize equality,gov_hcabs16_cats4,equal_21,hcabs_c2080,157.456,0.240979,1239.1,4388.23,0.303333,0.100873,0.595794,0.898101,0.11746,0.0904762,0.792063
Prioritize equality,gov_hcabs16_cats4,equal_21,hcabs_c2080,160.059,0.269256,1254.99,4456.17,0.206825,0.160437,0.632738,0.865955,0.110317,0.115873,0.77381
Prioritize equality,gov_hcabs16_cats4,equal_21,hcabs_c2080,194.647,0.271263,1496.68,5389.61,0.227579,0.137262,0.635159,0.874067,0.146825,0.0968254,0.756349
Prioritize equality,gov_hcabs16_cats4,equal_21,hcabs_c2080,214.552,0.223719,1650.7,5941.74,0.268651,0.0637698,0.667579,0.912871,0.164286,0.0746032,0.761111
Prioritize equality,gov_hcabs16_cats4,equal_21,hcabs_c2080,189.219,0.229724,1459.32,5243.69,0.307341,0.0914683,0.60119,0.901934,0.143651,0.0809524,0.775397
Prioritize equality,gov_hcabs16_cats4,equal_21,hcabs_c2080,165.848,0.26137,1258.93,4575.89,0.219841,0.124563,0.655595,0.858498,0.0865079,0.148413,0.765079
Prioritize equality,gov_hcabs16_cats4,equal_21,hcabs_c2080,183.262,0.244324,1493.11,5158.35,0.27123,0.0909921,0.637778,0.903567,0.143651,0.081746,0.774603
Prioritize equality,gov_hcabs16_cats4,equal_21,hcabs_c2080,166.319,0.220559,1309.74,4636.12,0.17996,0.177103,0.642937,0.898315,0.125397,0.0873016,0.787302
Balanced priorities,gov_hcabs16_cats4,equal_21,hcabs_c5050,227.336,0.223129,1843.4,6390.12,0.221508,0.0888095,0.689683,0.91119,0.183333,0.0674603,0.749206
Balanced priorities,gov_hcabs16_cats4,equal_21,hcabs_c5050,233.955,0.21702,1864.87,6543.97,0.269643,0.0523016,0.678056,0.911556,0.19127,0.0642857,0.744444
Balanced priorities,gov_hcabs16_cats4,equal_21,hcabs_c5050,227.281,0.31419,1838.19,6383.81,0.209286,0.102103,0.688611,0.850008,0.184921,0.0801587,0.734921
Balanced priorities,gov_hcabs16_cats4,equal_21,hcabs_c5050,228.306,0.217204,1820.95,6387.06,0.288849,0.0572619,0.653889,0.911948,0.189683,0.0595238,0.750794
Balanced priorities,gov_hcabs16_cats4,equal_21,hcabs_c5050,203.52,0.260358,1633.92,5704.31,0.291548,0.0795238,0.628929,0.880756,0.177778,0.0785714,0.743651
Balanced priorities,gov_hcabs16_cats4,equal_21,hcabs_c5050,201.524,0.219457,1637.46,5667.93,0.241032,0.124524,0.634444,0.910476,0.174603,0.0634921,0.761905
Balanced priorities,gov_hcabs16_cats4,equal_21,hcabs_c5050,222.149,0.309991,1767.16,6210.14,0.277857,0.0825794,0.639563,0.846094,0.179365,0.103968,0.716667
Balanced priorities,gov_hcabs16_cats4,equal_21,hcabs_c5050,202.15,0.313132,1616.2,5659.19,0.2575,0.106508,0.635992,0.845766,0.17381,0.0896825,0.736508
Balanced priorities,gov_hcabs16_cats4,equal_21,hcabs_c5050,158.53,0.298461,1345.86,4516.47,0.152857,0.201706,0.645437,0.872519,0.052381,0.161905,0.785714
Balanced priorities,gov_hcabs16_cats4,equal_21,hcabs_c5050,247.346,0.212948,1975.67,6922.58,0.229405,0.0521429,0.718452,0.91049,0.196032,0.0666667,0.737302
Balanced priorities,gov_hcabs16_cats4,equal_21,hcabs_c5050,203.826,0.28471,1754.82,5831.35,0.227222,0.113571,0.659206,0.873623,0.170635,0.0896825,0.739683
Balanced priorities,gov_hcabs16_cats4,equal_21,hcabs_c5050,240.977,0.2221,1920.73,6740.27,0.208294,0.0770238,0.714683,0.908662,0.187302,0.0714286,0.74127
Balanced priorities,gov_hcabs16_cats4,equal_21,hcabs_c5050,242.788,0.218955,1932.6,6788.36,0.21254,0.0826587,0.704802,0.910031,0.193651,0.0642857,0.742063
Balanced priorities,gov_hcabs16_cats4,equal_21,hcabs_c5050,139.012,0.273507,1317.48,4097.72,0.3025,0.107183,0.590317,0.904966,0.0865079,0.119841,0.793651
Balanced priorities,gov_hcabs16_cats4,equal_21,hcabs_c5050,225.045,0.228279,1821.04,6321.95,0.253968,0.0690476,0.676984,0.908916,0.18254,0.065873,0.751587
Balanced priorities,gov_hcabs16_cats4,equal_21,hcabs_c5050,219.22,0.264712,1753.51,6137.91,0.245913,0.0797222,0.674365,0.882039,0.17381,0.0785714,0.747619
Balanced priorities,gov_hcabs16_cats4,equal_21,hcabs_c5050,166.685,0.284262,1410.53,4744.22,0.2525,0.145159,0.602341,0.871771,0.115079,0.109524,0.775397
Balanced priorities,gov_hcabs16_cats4,equal_21,hcabs_c5050,167.766,0.231063,1397.21,4752.52,0.250913,0.106905,0.642183,0.903682,0.0904762,0.115079,0.794444
Balanced priorities,gov_hcabs16_cats4,equal_21,hcabs_c5050,239.141,0.263452,1912.02,6694.84,0.195595,0.088254,0.716151,0.878183,0.186508,0.0793651,0.734127
Balanced priorities,gov_hcabs16_cats4,equal_21,hcabs_c5050,205.591,0.258137,1648.23,5760.05,0.296944,0.0844048,0.618651,0.885925,0.177778,0.0690476,0.753175
Balanced priorities,gov_hcabs16_cats4,equal_21,hcabs_c5050,238.742,0.259714,1900.44,6675.28,0.185794,0.100476,0.71373,0.884286,0.190476,0.0730159,0.736508
Balanced priorities,gov_hcabs16_cats4,equal_21,hcabs_c5050,238.415,0.212978,1900,6668.29,0.257659,0.0570238,0.685317,0.910852,0.192857,0.0619048,0.745238
Balanced priorities,gov_hcabs16_cats4,equal_21,hcabs_c5050,221.545,0.220507,1772.02,6202.93,0.230079,0.0734127,0.696508,0.907722,0.170635,0.0753968,0.753968
Balanced priorities,gov_hcabs16_cats4,equal_21,hcabs_c5050,226.888,0.259831,1807.56,6345.33,0.296627,0.0437698,0.659603,0.884881,0.188095,0.0722222,0.739683
Balanced priorities,gov_hcabs16_cats4,equal_21,hcabs_c5050,258.444,0.210537,2053.63,7222.5,0.219921,0.0474206,0.732659,0.909843,0.201587,0.0626984,0.735714
Balanced priorities,gov_hcabs16_cats4,equal_21,hcabs_c5050,217.806,0.25424,1863.57,6219.69,0.311349,0.0357937,0.652857,0.912236,0.186508,0.0666667,0.746825
Balanced priorities,gov_hcabs16_cats4,equal_21,hcabs_c5050,189.177,0.230899,1580.47,5364.01,0.220119,0.118135,0.661746,0.903207,0.133333,0.0944444,0.772222
Balanced priorities,gov_hcabs16_cats4,equal_21,hcabs_c5050,206.757,0.263733,1683.76,5818.91,0.240952,0.108056,0.650992,0.873751,0.172222,0.081746,0.746032
Balanced priorities,gov_hcabs16_cats4,equal_21,hcabs_c5050,213.87,0.224002,1732.45,6009.85,0.273413,0.0626587,0.663929,0.913793,0.171429,0.068254,0.760317
Balanced priorities,gov_hcabs16_cats4,equal_21,hcabs_c5050,196.863,0.220531,1597.53,5534.79,0.273413,0.109524,0.617063,0.910165,0.161111,0.0698413,0.769048
Balanced priorities,gov_hcabs16_cats4,equal_21,hcabs_c5050,204.944,0.288125,1789.76,5888.64,0.218929,0.100952,0.680119,0.875591,0.166667,0.0920635,0.74127
Balanced priorities,gov_hcabs16_cats4,equal_21,hcabs_c5050,224.163,0.265364,1792.06,6275.33,0.26119,0.0540873,0.684722,0.88906,0.186508,0.0650794,0.748413
Balanced priorities,gov_hcabs16_cats4,equal_21,hcabs_c5050,233.023,0.210471,1858.31,6518.77,0.240952,0.0826587,0.676389,0.909024,0.19127,0.0634921,0.745238
Balanced priorities,gov_hcabs16_cats4,equal_21,hcabs_c5050,212.719,0.222161,1711.18,5965.56,0.247421,0.116429,0.636151,0.907069,0.176984,0.068254,0.754762
Balanced priorities,gov_hcabs16_cats4,equal_21,hcabs_c5050,225.412,0.225734,1888.77,6397.01,0.218056,0.0920635,0.689881,0.909077,0.180952,0.0738095,0.745238
Balanced priorities,gov_hcabs16_cats4,equal_21,hcabs_c5050,192.299,0.280024,1567.09,5413.08,0.274008,0.0778175,0.648175,0.884822,0.142063,0.0984127,0.759524
Balanced priorities,gov_hcabs16_cats4,equal_21,hcabs_c5050,210.772,0.270849,1675.77,5891.21,0.312103,0.0536508,0.634246,0.885117,0.179365,0.0769841,0.743651
Balanced priorities,gov_hcabs16_cats4,equal_21,hcabs_c5050,137.306,0.302913,1249.16,3995.27,0.265754,0.124206,0.61004,0.869024,0.0698413,0.151587,0.778571
Balanced priorities,gov_hcabs16_cats4,equal_21,hcabs_c5050,220.074,0.208485,1750.98,6152.47,0.264762,0.0913889,0.643849,0.907536,0.184921,0.0634921,0.751587
Balanced priorities,gov_hcabs16_cats4,equal_21,hcabs_c5050,204.634,0.267409,1653.79,5746.47,0.256508,0.111508,0.631984,0.879447,0.172222,0.084127,0.743651
Balanced priorities,gov_hcabs16_cats4,equal_21,hcabs_c5050,190.402,0.293062,1618.06,5426.1,0.17373,0.160635,0.665635,0.870772,0.149206,0.0992063,0.751587
Balanced priorities,gov_hcabs16_cats4,equal_21,hcabs_c5050,110.036,0.313773,1224.36,3425.09,0.256786,0.134841,0.608373,0.87422,0.0507937,0.165079,0.784127
Balanced priorities,gov_hcabs16_cats4,equal_21,hcabs_c5050,211.031,0.211305,1700.2,5920.82,0.320317,0.0646825,0.615,0.911203,0.180952,0.0619048,0.757143
Balanced priorities,gov_hcabs16_cats4,equal_21,hcabs_c5050,212.155,0.227266,1702.42,5945.52,0.270317,0.079881,0.649802,0.907699,0.166667,0.0777778,0.755556
Balanced priorities,gov_hcabs16_cats4,equal_21,hcabs_c5050,245.691,0.218135,1963.95,6877.77,0.20254,0.08,0.71746,0.910476,0.192857,0.065873,0.74127
Balanced priorities,gov_hcabs16_cats4,equal_21,hcabs_c5050,216.66,0.216747,1725.31,6058.51,0.301071,0.0715873,0.627341,0.908782,0.184921,0.0603175,0.754762
Balanced priorities,gov_hcabs16_cats4,equal_21,hcabs_c5050,235.818,0.217118,1888.26,6604.61,0.248849,0.0713095,0.679841,0.910219,0.193651,0.0611111,0.745238
Balanced priorities,gov_hcabs16_cats4,equal_21,hcabs_c5050,241.233,0.214823,1933.45,6758.11,0.234246,0.056746,0.709008,0.907563,0.19127,0.0690476,0.739683
Balanced priorities,gov_hcabs16_cats4,equal_21,hcabs_c5050,232.621,0.257663,1864.81,6517.23,0.227897,0.0777381,0.694365,0.883532,0.194444,0.0714286,0.734127
Balanced priorities,gov_hcabs16_cats4,equal_21,hcabs_c5050,199.753,0.224303,1613.37,5608.42,0.266865,0.0892857,0.643849,0.908983,0.15873,0.0738095,0.76746
Balanced priorities,gov_hcabs16_cats4,equal_21,hcabs_c5050,247.022,0.209425,1967.31,6907.74,0.208611,0.0784921,0.712897,0.908836,0.196032,0.0650794,0.738889
Balanced priorities,gov_hcabs16_cats4,equal_21,hcabs_c5050,169.954,0.226639,1386.85,4785.93,0.30631,0.0887698,0.604921,0.907801,0.11746,0.100794,0.781746
Balanced priorities,gov_hcabs16_cats4,equal_21,hcabs_c5050,211.212,0.267836,1696.69,5920.93,0.240714,0.107103,0.652183,0.881199,0.170635,0.0793651,0.75
Balanced priorities,gov_hcabs16_cats4,equal_21,hcabs_c5050,239.602,0.211875,1921.58,6713.61,0.223492,0.0875,0.689008,0.909615,0.195238,0.0611111,0.743651
Balanced priorities,gov_hcabs16_cats4,equal_21,hcabs_c5050,198.499,0.264782,1601,5570.98,0.332341,0.0567063,0.610952,0.880238,0.165079,0.0825397,0.752381
Balanced priorities,gov_hcabs16_cats4,equal_21,hcabs_c5050,238.806,0.213963,1915.15,6691.27,0.17,0.11131,0.71869,0.909333,0.194444,0.0642857,0.74127
Balanced priorities,gov_hcabs16_cats4,equal_21,hcabs_c5050,186.067,0.241701,1591.34,5312.69,0.259008,0.0787698,0.662222,0.907934,0.14127,0.0896825,0.769048
Balanced priorities,gov_hcabs16_cats4,equal_21,hcabs_c5050,193.71,0.27771,1594.38,5468.58,0.211944,0.144365,0.64369,0.883226,0.170635,0.0706349,0.75873
Balanced priorities,gov_hcabs16_cats4,equal_21,hcabs_c5050,171.387,0.280761,1431.35,4859.09,0.280635,0.108571,0.610794,0.873028,0.11746,0.121429,0.761111
Balanced priorities,gov_hcabs16_cats4,equal_21,hcabs_c5050,218.785,0.21191,1745.34,6121.04,0.316429,0.0522619,0.63131,0.911839,0.184127,0.0611111,0.754762
Balanced priorities,gov_hcabs16_cats4,equal_21,hcabs_c5050,228.678,0.221022,1931.53,6505.1,0.207302,0.0956746,0.697024,0.909682,0.189683,0.068254,0.742063
Balanced priorities,gov_hcabs16_cats4,equal_21,hcabs_c5050,248.804,0.211839,1979.82,6955.9,0.253175,0.0425397,0.704286,0.913276,0.198413,0.0611111,0.740476
Balanced priorities,gov_hcabs16_cats4,equal_21,hcabs_c5050,211.106,0.216029,1690.13,5912.25,0.33877,0.0485714,0.612659,0.909467,0.180952,0.0634921,0.755556
Balanced priorities,gov_hcabs16_cats4,equal_21,hcabs_c5050,196.968,0.284339,1695.77,5635.13,0.218651,0.135476,0.645873,0.874735,0.163492,0.0952381,0.74127
Balanced priorities,gov_hcabs16_cats4,equal_21,hcabs_c5050,173.842,0.246224,1496.78,4973.62,0.209643,0.123611,0.666746,0.906462,0.0960317,0.118254,0.785714
Balanced priorities,gov_hcabs16_cats4,equal_21,hcabs_c5050,170.506,0.257291,1532.23,4942.34,0.310833,0.108929,0.580238,0.906139,0.125397,0.097619,0.776984
Balanced priorities,gov_hcabs16_cats4,equal_21,hcabs_c5050,190.329,0.232704,1555.02,5361.59,0.337381,0.0727381,0.589881,0.911542,0.165873,0.0642857,0.769841
Balanced priorities,gov_hcabs16_cats4,equal_21,hcabs_c5050,218.449,0.214474,1758.14,6127.11,0.27623,0.0914286,0.632341,0.911826,0.184127,0.0619048,0.753968
Balanced priorities,gov_hcabs16_cats4,equal_21,hcabs_c5050,238.978,0.212034,1905.97,6685.53,0.228135,0.075873,0.695992,0.909561,0.192857,0.0650794,0.742063
Balanced priorities,gov_hcabs16_cats4,equal_21,hcabs_c5050,171.478,0.291919,1547.6,4977.17,0.250437,0.0988095,0.650754,0.87739,0.13254,0.114286,0.753175
Balanced priorities,gov_hcabs16_cats4,equal_21,hcabs_c5050,198.424,0.248907,1727.47,5695.95,0.249325,0.0616667,0.689008,0.909939,0.152381,0.0857143,0.761905
Balanced priorities,gov_hcabs16_cats4,equal_21,hcabs_c5050,169.301,0.316178,1530.01,4916.02,0.175238,0.174921,0.649841,0.867049,0.126984,0.135714,0.737302
Balanced priorities,gov_hcabs16_cats4,equal_21,hcabs_c5050,231.028,0.221023,1842.57,6463.13,0.26373,0.0612302,0.67504,0.909104,0.190476,0.0619048,0.747619
Balanced priorities,gov_hcabs16_cats4,equal_21,hcabs_c5050,150.464,0.262862,1384.39,4393.67,0.244643,0.145913,0.609444,0.904566,0.101587,0.10873,0.789683
Balanced priorities,gov_hcabs16_cats4,equal_21,hcabs_c5050,241.419,0.215468,1930.16,6758.54,0.145714,0.111071,0.743214,0.908768,0.192857,0.0666667,0.740476
Balanced priorities,gov_hcabs16_cats4,equal_21,hcabs_c5050,227.963,0.218878,1819.28,6378.54,0.251984,0.0817063,0.66631,0.907924,0.187302,0.0642857,0.748413
Balanced priorities,gov_hcabs16_cats4,equal_21,hcabs_c5050,192.875,0.227872,1567.62,5425.12,0.215635,0.13754,0.646825,0.907235,0.145238,0.0825397,0.772222
Balanced priorities,gov_hcabs16_cats4,equal_21,hcabs_c5050,158.68,0.264335,1513.22,4686.82,0.226667,0.0949206,0.678413,0.905806,0.0706349,0.142857,0.786508
Balanced priorities,gov_hcabs16_cats4,equal_21,hcabs_c5050,244.499,0.211024,1941.67,6831.66,0.252579,0.0447619,0.702659,0.914609,0.196825,0.0626984,0.740476
Balanced priorities,gov_hcabs16_cats4,equal_21,hcabs_c5050,200.988,0.261032,1620.83,5640.59,0.292262,0.107579,0.600159,0.878986,0.170635,0.0857143,0.743651
Balanced priorities,gov_hcabs16_cats4,equal_21,hcabs_c5050,210.494,0.220323,1696.37,5906.24,0.212143,0.0795238,0.708333,0.908593,0.145238,0.0904762,0.764286
Balanced priorities,gov_hcabs16_cats4,equal_21,hcabs_c5050,177.291,0.338715,1543.44,5089.26,0.298254,0.0896429,0.612103,0.850777,0.127778,0.113492,0.75873
Balanced priorities,gov_hcabs16_cats4,equal_21,hcabs_c5050,227.996,0.211942,1821.49,6381.41,0.269127,0.0675794,0.663294,0.910532,0.189683,0.0634921,0.746825
Balanced priorities,gov_hcabs16_cats4,equal_21,hcabs_c5050,187.861,0.218103,1523.21,5280.43,0.22381,0.121944,0.654246,0.902203,0.152381,0.0777778,0.769841
Balanced priorities,gov_hcabs16_cats4,equal_21,hcabs_c5050,178.157,0.248378,1505.73,5068.86,0.122341,0.211508,0.666151,0.904298,0.122222,0.097619,0.780159
Balanced priorities,gov_hcabs16_cats4,equal_21,hcabs_c5050,184.862,0.252257,1625,5322.24,0.249683,0.114048,0.63627,0.908809,0.151587,0.081746,0.766667
Balanced priorities,gov_hcabs16_cats4,equal_21,hcabs_c5050,208.194,0.219647,1691.24,5855.12,0.280952,0.0755556,0.643492,0.906411,0.16746,0.0730159,0.759524
Balanced priorities,gov_hcabs16_cats4,equal_21,hcabs_c5050,147.167,0.298004,1252.41,4195.74,0.233175,0.155397,0.611429,0.862033,0.0769841,0.142063,0.780952
Balanced priorities,gov_hcabs16_cats4,equal_21,hcabs_c5050,203.14,0.220806,1647.63,5710.43,0.257778,0.0833333,0.658889,0.91026,0.16746,0.0706349,0.761905
Balanced priorities,gov_hcabs16_cats4,equal_21,hcabs_c5050,178.669,0.245392,1546.52,5119.9,0.176071,0.18373,0.640198,0.906733,0.153968,0.0746032,0.771429
Balanced priorities,gov_hcabs16_cats4,equal_21,hcabs_c5050,171.698,0.316815,1413.74,4847.7,0.305794,0.115397,0.57881,0.842254,0.151587,0.0912698,0.757143
Balanced priorities,gov_hcabs16_cats4,equal_21,hcabs_c5050,241.618,0.211546,1926.74,6759.09,0.24131,0.0640476,0.694643,0.910799,0.196032,0.0619048,0.742063
Balanced priorities,gov_hcabs16_cats4,equal_21,hcabs_c5050,224.595,0.209009,1808.32,6300.21,0.297421,0.0526984,0.649881,0.909131,0.188889,0.0619048,0.749206
Balanced priorities,gov_hcabs16_cats4,equal_21,hcabs_c5050,218.712,0.239424,1760.99,6135.24,0.24381,0.075,0.68119,0.90893,0.176984,0.0706349,0.752381
Balanced priorities,gov_hcabs16_cats4,equal_21,hcabs_c5050,195.437,0.258667,1583.19,5491.93,0.317103,0.0951587,0.587738,0.873237,0.166667,0.0793651,0.753968
Balanced priorities,gov_hcabs16_cats4,equal_21,hcabs_c5050,176.631,0.289347,1526.29,5058.91,0.354683,0.0973016,0.548016,0.878935,0.160317,0.0769841,0.762698
Balanced priorities,gov_hcabs16_cats4,equal_21,hcabs_c5050,178.708,0.225829,1479.9,5054.07,0.268095,0.100595,0.63131,0.907561,0.128571,0.0968254,0.774603
Balanced priorities,gov_hcabs16_cats4,equal_21,hcabs_c5050,201.197,0.321699,1708.9,5732.85,0.237222,0.124524,0.638254,0.851249,0.161111,0.1,0.738889
Balanced priorities,gov_hcabs16_cats4,equal_21,hcabs_c5050,217.474,0.259686,1731.68,6081.16,0.26131,0.093373,0.645317,0.880818,0.181746,0.0722222,0.746032
Balanced priorities,gov_hcabs16_cats4,equal_21,hcabs_c5050,150.746,0.249209,1301.94,4316.85,0.173571,0.213333,0.613095,0.90053,0.0611111,0.146825,0.792063
Prioritize ave. wealth,gov_hcabs16_cats4,equal_21,hcabs_c8020,263.256,0.297364,1801.57,7066.68,0.24131,0.0156746,0.743016,0.798829,0.206349,0.0698413,0.72381
Prioritize ave. wealth,gov_hcabs16_cats4,equal_21,hcabs_c8020,271.128,0.307577,1844.33,7266.88,0.244603,0.0144841,0.740913,0.798829,0.207937,0.0650794,0.726984
Prioritize ave. wealth,gov_hcabs16_cats4,equal_21,hcabs_c8020,252.049,0.383844,1718.14,6759.13,0.269603,0.0176984,0.712698,0.690013,0.205556,0.0928571,0.701587
Prioritize ave. wealth,gov_hcabs16_cats4,equal_21,hcabs_c8020,250.752,0.313759,1729.38,6744.42,0.259802,0.026746,0.713452,0.796845,0.201587,0.065873,0.73254
Prioritize ave. wealth,gov_hcabs16_cats4,equal_21,hcabs_c8020,262.62,0.344548,1787.43,7039.83,0.223571,0.0280159,0.748413,0.796845,0.204762,0.0674603,0.727778
Prioritize ave. wealth,gov_hcabs16_cats4,equal_21,hcabs_c8020,256.764,0.319109,1739.84,6875.13,0.24254,0.0177778,0.739683,0.748464,0.201587,0.0809524,0.71746
Prioritize ave. wealth,gov_hcabs16_cats4,equal_21,hcabs_c8020,265.229,0.327811,1817,7121.57,0.249325,0.0247619,0.725913,0.796962,0.207143,0.0626984,0.730159
Prioritize ave. wealth,gov_hcabs16_cats4,equal_21,hcabs_c8020,260.385,0.325394,1755.15,6962.85,0.262619,0.0230952,0.714286,0.748467,0.201587,0.0730159,0.725397
Prioritize ave. wealth,gov_hcabs16_cats4,equal_21,hcabs_c8020,270.611,0.312683,1824.37,7236.6,0.250357,0.0097619,0.739881,0.748573,0.207937,0.0793651,0.712698
Prioritize ave. wealth,gov_hcabs16_cats4,equal_21,hcabs_c8020,248.83,0.350126,1673.76,6650.36,0.286944,0.0102381,0.702817,0.701067,0.196825,0.1,0.703175
Prioritize ave. wealth,gov_hcabs16_cats4,equal_21,hcabs_c8020,228.274,0.365749,1562.67,6128.16,0.282897,0.0340079,0.683095,0.798829,0.187302,0.0666667,0.746032
Prioritize ave. wealth,gov_hcabs16_cats4,equal_21,hcabs_c8020,254.018,0.38212,1721.25,6801.6,0.25881,0.018373,0.722817,0.748686,0.198413,0.081746,0.719841
Prioritize ave. wealth,gov_hcabs16_cats4,equal_21,hcabs_c8020,259.185,0.297041,1747.88,6931.57,0.275794,0.0134127,0.710794,0.798829,0.202381,0.0674603,0.730159
Prioritize ave. wealth,gov_hcabs16_cats4,equal_21,hcabs_c8020,239.018,0.329728,1660.85,6441.22,0.257063,0.0310714,0.711865,0.798829,0.194444,0.0650794,0.740476
Prioritize ave. wealth,gov_hcabs16_cats4,equal_21,hcabs_c8020,252.893,0.346628,1729.09,6786.96,0.289881,0.0105952,0.699524,0.748573,0.200794,0.0785714,0.720635
Prioritize ave. wealth,gov_hcabs16_cats4,equal_21,hcabs_c8020,229.222,0.326781,1565.64,6150.08,0.286429,0.0319048,0.681667,0.798829,0.187302,0.065873,0.746825
Prioritize ave. wealth,gov_hcabs16_cats4,equal_21,hcabs_c8020,273.012,0.289495,1848.15,7308.38,0.250635,0.012619,0.736746,0.798829,0.20873,0.0650794,0.72619
Prioritize ave. wealth,gov_hcabs16_cats4,equal_21,hcabs_c8020,268.767,0.330761,1824.01,7199.35,0.234286,0.0358333,0.729881,0.79638,0.206349,0.0587302,0.734921
Prioritize ave. wealth,gov_hcabs16_cats4,equal_21,hcabs_c8020,281.95,0.264591,1909.87,7548.88,0.214643,0.0148016,0.770556,0.798829,0.212698,0.065873,0.721429
Prioritize ave. wealth,gov_hcabs16_cats4,equal_21,hcabs_c8020,266.725,0.313274,1817.07,7151.57,0.238175,0.0195635,0.742262,0.798712,0.205556,0.0666667,0.727778
Prioritize ave. wealth,gov_hcabs16_cats4,equal_21,hcabs_c8020,221.607,0.390183,1538.9,5971.04,0.289087,0.0441667,0.666746,0.745084,0.185714,0.0801587,0.734127
Prioritize ave. wealth,gov_hcabs16_cats4,equal_21,hcabs_c8020,233.262,0.32907,1638.82,6304.07,0.250873,0.0352381,0.713889,0.798829,0.192857,0.0674603,0.739683
Prioritize ave. wealth,gov_hcabs16_cats4,equal_21,hcabs_c8020,258.392,0.376126,1756.31,6924.14,0.218413,0.0299206,0.751667,0.750183,0.202381,0.0674603,0.730159
Prioritize ave. wealth,gov_hcabs16_cats4,equal_21,hcabs_c8020,235.54,0.362064,1614.27,6325.08,0.272976,0.0303968,0.696627,0.750329,0.192063,0.0777778,0.730159
Prioritize ave. wealth,gov_hcabs16_cats4,equal_21,hcabs_c8020,269.185,0.309736,1808.31,7192.02,0.242302,0.00920635,0.748492,0.746388,0.202381,0.0880952,0.709524
Prioritize ave. wealth,gov_hcabs16_cats4,equal_21,hcabs_c8020,240.554,0.357954,1648.62,6459.7,0.266627,0.033373,0.7,0.798829,0.193651,0.0650794,0.74127
Prioritize ave. wealth,gov_hcabs16_cats4,equal_21,hcabs_c8020,268.078,0.296629,1817.2,7178.76,0.235873,0.011746,0.752381,0.746122,0.214286,0.0865079,0.699206
Prioritize ave. wealth,gov_hcabs16_cats4,equal_21,hcabs_c8020,265.23,0.292923,1822.82,7127.42,0.228413,0.0203571,0.75123,0.796845,0.206349,0.065873,0.727778
Prioritize ave. wealth,gov_hcabs16_cats4,equal_21,hcabs_c8020,271.692,0.315445,1842,7275.84,0.264008,0.0122619,0.72373,0.798829,0.20873,0.0650794,0.72619
Prioritize ave. wealth,gov_hcabs16_cats4,equal_21,hcabs_c8020,258.079,0.297809,1766.87,6928.44,0.250754,0.0215873,0.727659,0.798829,0.203175,0.065873,0.730952
Prioritize ave. wealth,gov_hcabs16_cats4,equal_21,hcabs_c8020,256.102,0.319861,1739.11,6861.15,0.221151,0.0446429,0.734206,0.798829,0.2,0.065873,0.734127
Prioritize ave. wealth,gov_hcabs16_cats4,equal_21,hcabs_c8020,272.269,0.291937,1850.99,7296.36,0.222579,0.0370238,0.740397,0.796962,0.20873,0.0619048,0.729365
Prioritize ave. wealth,gov_hcabs16_cats4,equal_21,hcabs_c8020,259.686,0.315314,1753.84,6947.57,0.260675,0.0360317,0.703294,0.796613,0.201587,0.0619048,0.736508
Prioritize ave. wealth,gov_hcabs16_cats4,equal_21,hcabs_c8020,259.787,0.327471,1782.6,6978.34,0.279087,0.0162302,0.704683,0.798829,0.204762,0.0666667,0.728571
Prioritize ave. wealth,gov_hcabs16_cats4,equal_21,hcabs_c8020,282.474,0.247978,1899.3,7548.79,0.226111,0.0108333,0.763056,0.798595,0.212698,0.0698413,0.71746
Prioritize ave. wealth,gov_hcabs16_cats4,equal_21,hcabs_c8020,271.301,0.259699,1834.38,7260.4,0.259802,0.00944444,0.730754,0.798829,0.207937,0.065873,0.72619
Prioritize ave. wealth,gov_hcabs16_cats4,equal_21,hcabs_c8020,252.344,0.397021,1715.14,6762.02,0.260476,0.0290476,0.710476,0.748321,0.2,0.0777778,0.722222
Prioritize ave. wealth,gov_hcabs16_cats4,equal_21,hcabs_c8020,247.102,0.293138,1697.94,6639.99,0.270317,0.0309524,0.69873,0.794988,0.197619,0.0611111,0.74127
Prioritize ave. wealth,gov_hcabs16_cats4,equal_21,hcabs_c8020,240.865,0.350695,1651.68,6468.98,0.27881,0.0307937,0.690397,0.798829,0.194444,0.065873,0.739683
Prioritize ave. wealth,gov_hcabs16_cats4,equal_21,hcabs_c8020,257.64,0.337594,1743.01,6895.82,0.226984,0.0484127,0.724603,0.796845,0.201587,0.0666667,0.731746
Prioritize ave. wealth,gov_hcabs16_cats4,equal_21,hcabs_c8020,260.478,0.367411,1761.07,6970.64,0.244802,0.0128968,0.742302,0.695316,0.207143,0.0944444,0.698413
Prioritize ave. wealth,gov_hcabs16_cats4,equal_21,hcabs_c8020,206.099,0.446001,1416.75,5538.73,0.325357,0.0594444,0.615198,0.69319,0.174603,0.0896825,0.735714
Prioritize ave. wealth,gov_hcabs16_cats4,equal_21,hcabs_c8020,244.485,0.354191,1669.41,6559.1,0.268333,0.021627,0.71004,0.746824,0.196825,0.0761905,0.726984
Prioritize ave. wealth,gov_hcabs16_cats4,equal_21,hcabs_c8020,271.678,0.269552,1847.52,7281.08,0.23123,0.0165873,0.752183,0.798829,0.207937,0.0650794,0.726984
Prioritize ave. wealth,gov_hcabs16_cats4,equal_21,hcabs_c8020,251.765,0.310348,1723.04,6758.33,0.307341,0.0120238,0.680635,0.798829,0.201587,0.0666667,0.731746
Prioritize ave. wealth,gov_hcabs16_cats4,equal_21,hcabs_c8020,258.422,0.290196,1754.33,6922.78,0.258889,0.0190873,0.722024,0.798829,0.202381,0.065873,0.731746
Prioritize ave. wealth,gov_hcabs16_cats4,equal_21,hcabs_c8020,270.164,0.297072,1824.35,7227.62,0.23119,0.0216667,0.747143,0.798829,0.207937,0.0666667,0.725397
Prioritize ave. wealth,gov_hcabs16_cats4,equal_21,hcabs_c8020,261.682,0.331336,1767.09,7000.74,0.246111,0.0155159,0.738373,0.746824,0.200794,0.0777778,0.721429
Prioritize ave. wealth,gov_hcabs16_cats4,equal_21,hcabs_c8020,274.941,0.294035,1876.76,7375.57,0.250754,0.0105159,0.73873,0.798829,0.211111,0.065873,0.723016
Prioritize ave. wealth,gov_hcabs16_cats4,equal_21,hcabs_c8020,262.172,0.310804,1784.47,7027.9,0.25754,0.0160317,0.726429,0.798829,0.204762,0.065873,0.729365
Prioritize ave. wealth,gov_hcabs16_cats4,equal_21,hcabs_c8020,268.949,0.280892,1818.38,7197.36,0.256825,0.0118651,0.73131,0.798829,0.206349,0.0650794,0.728571
Prioritize ave. wealth,gov_hcabs16_cats4,equal_21,hcabs_c8020,265.474,0.301952,1801.49,7110.96,0.247302,0.0385714,0.714127,0.796845,0.206349,0.0650794,0.728571
Prioritize ave. wealth,gov_hcabs16_cats4,equal_21,hcabs_c8020,271.698,0.310538,1858.49,7292.44,0.223095,0.0178175,0.759087,0.798829,0.20873,0.065873,0.725397
Prioritize ave. wealth,gov_hcabs16_cats4,equal_21,hcabs_c8020,262.5,0.288617,1812.91,7062.91,0.240119,0.0179365,0.741944,0.798829,0.206349,0.0666667,0.726984
Prioritize ave. wealth,gov_hcabs16_cats4,equal_21,hcabs_c8020,271.061,0.261097,1825.21,7246.42,0.261706,0.00873016,0.729563,0.798829,0.207143,0.065873,0.726984
Prioritize ave. wealth,gov_hcabs16_cats4,equal_21,hcabs_c8020,268.445,0.273584,1819.23,7188.13,0.240714,0.0411905,0.718095,0.796962,0.207143,0.0634921,0.729365
Prioritize ave. wealth,gov_hcabs16_cats4,equal_21,hcabs_c8020,279.352,0.292301,1891.14,7478.17,0.231786,0.0156746,0.75254,0.796845,0.211905,0.0666667,0.721429
Prioritize ave. wealth,gov_hcabs16_cats4,equal_21,hcabs_c8020,242.57,0.367406,1637.22,6488.61,0.283452,0.0371825,0.679365,0.798829,0.193651,0.065873,0.740476
Prioritize ave. wealth,gov_hcabs16_cats4,equal_21,hcabs_c8020,246.756,0.337568,1684.52,6619.64,0.261508,0.0413889,0.697103,0.795335,0.197619,0.0626984,0.739683
Prioritize ave. wealth,gov_hcabs16_cats4,equal_21,hcabs_c8020,260.333,0.325065,1785.38,6992.04,0.265238,0.0174206,0.717341,0.798829,0.204762,0.0674603,0.727778
Prioritize ave. wealth,gov_hcabs16_cats4,equal_21,hcabs_c8020,260.3,0.301475,1760.86,6966.87,0.28623,0.0124603,0.70131,0.798829,0.203968,0.0666667,0.729365
Prioritize ave. wealth,gov_hcabs16_cats4,equal_21,hcabs_c8020,263.166,0.334023,1783.01,7046.32,0.250476,0.0135714,0.735952,0.7404,0.203968,0.0801587,0.715873
Prioritize ave. wealth,gov_hcabs16_cats4,equal_21,hcabs_c8020,281.915,0.301451,1926.68,7564.98,0.213968,0.0204762,0.765556,0.798478,0.212698,0.0634921,0.72381
Prioritize ave. wealth,gov_hcabs16_cats4,equal_21,hcabs_c8020,267.167,0.306949,1803.52,7146.85,0.230873,0.0317857,0.737341,0.747479,0.204762,0.0769841,0.718254
Prioritize ave. wealth,gov_hcabs16_cats4,equal_21,hcabs_c8020,270.428,0.278049,1837.88,7246.45,0.213651,0.0221032,0.764246,0.798829,0.207143,0.065873,0.726984
Prioritize ave. wealth,gov_hcabs16_cats4,equal_21,hcabs_c8020,243.169,0.33264,1653.78,6517.17,0.27627,0.0297222,0.694008,0.798829,0.195238,0.065873,0.738889
Prioritize ave. wealth,gov_hcabs16_cats4,equal_21,hcabs_c8020,242.904,0.376823,1652.13,6510.21,0.32496,0.0172222,0.657817,0.746832,0.196032,0.0738095,0.730159
Prioritize ave. wealth,gov_hcabs16_cats4,equal_21,hcabs_c8020,246.461,0.310112,1684.8,6614.01,0.275317,0.0259524,0.69873,0.798595,0.196032,0.065873,0.738095
Prioritize ave. wealth,gov_hcabs16_cats4,equal_21,hcabs_c8020,253.77,0.286763,1723.74,6799.13,0.288175,0.013254,0.698571,0.798829,0.201587,0.065873,0.73254
Prioritize ave. wealth,gov_hcabs16_cats4,equal_21,hcabs_c8020,233.836,0.36489,1624.95,6301.68,0.237381,0.0426984,0.719921,0.798829,0.19127,0.0666667,0.742063
Prioritize ave. wealth,gov_hcabs16_cats4,equal_21,hcabs_c8020,282.06,0.260301,1895.82,7537.02,0.23381,0.0163492,0.749841,0.796845,0.211905,0.065873,0.722222
Prioritize ave. wealth,gov_hcabs16_cats4,equal_21,hcabs_c8020,234.456,0.373688,1606.07,6295.19,0.290556,0.0285317,0.680913,0.746824,0.192063,0.0777778,0.730159
Prioritize ave. wealth,gov_hcabs16_cats4,equal_21,hcabs_c8020,281.704,0.250142,1921.21,7555.28,0.220556,0.0124603,0.766984,0.798829,0.213492,0.0674603,0.719048
Prioritize ave. wealth,gov_hcabs16_cats4,equal_21,hcabs_c8020,247.839,0.377023,1679.83,6636.62,0.298214,0.0129365,0.688849,0.696629,0.199206,0.0936508,0.707143
Prioritize ave. wealth,gov_hcabs16_cats4,equal_21,hcabs_c8020,267.494,0.302879,1814.3,7164.17,0.279048,0.0210714,0.699881,0.795103,0.207143,0.0587302,0.734127
Prioritize ave. wealth,gov_hcabs16_cats4,equal_21,hcabs_c8020,258.679,0.32758,1780.19,6953.77,0.250119,0.012619,0.737262,0.746782,0.207143,0.081746,0.711111
Prioritize ave. wealth,gov_hcabs16_cats4,equal_21,hcabs_c8020,289.383,0.258216,1948.8,7736.46,0.212302,0.0146032,0.773095,0.798478,0.215873,0.0666667,0.71746
Prioritize ave. wealth,gov_hcabs16_cats4,equal_21,hcabs_c8020,256.218,0.319388,1744.33,6868.69,0.268571,0.019881,0.711548,0.798829,0.201587,0.065873,0.73254
Prioritize ave. wealth,gov_hcabs16_cats4,equal_21,hcabs_c8020,266.759,0.295969,1823.73,7158.91,0.267738,0.0118651,0.720397,0.798829,0.207143,0.0642857,0.728571
Prioritize ave. wealth,gov_hcabs16_cats4,equal_21,hcabs_c8020,269.583,0.312061,1827.82,7219.48,0.252341,0.0235317,0.724127,0.796496,0.207143,0.0611111,0.731746
Prioritize ave. wealth,gov_hcabs16_cats4,equal_21,hcabs_c8020,246.844,0.327327,1686.19,6623.07,0.232302,0.0294444,0.738254,0.798829,0.196032,0.065873,0.738095
Prioritize ave. wealth,gov_hcabs16_cats4,equal_21,hcabs_c8020,250.775,0.355418,1703,6718.51,0.26131,0.0144841,0.724206,0.689333,0.204762,0.0936508,0.701587
Prioritize ave. wealth,gov_hcabs16_cats4,equal_21,hcabs_c8020,256.994,0.327509,1740.04,6879.92,0.234365,0.0278571,0.737778,0.798829,0.2,0.065873,0.734127
Prioritize ave. wealth,gov_hcabs16_cats4,equal_21,hcabs_c8020,276.514,0.308476,1902.1,7432.39,0.241508,0.0131746,0.745317,0.798829,0.211905,0.065873,0.722222
Prioritize ave. wealth,gov_hcabs16_cats4,equal_21,hcabs_c8020,238.134,0.372669,1623.22,6385.91,0.29623,0.0153968,0.688373,0.745656,0.198413,0.0769841,0.724603
Prioritize ave. wealth,gov_hcabs16_cats4,equal_21,hcabs_c8020,247.832,0.430302,1676.18,6632.83,0.274524,0.0380159,0.68746,0.746824,0.196825,0.0738095,0.729365
Prioritize ave. wealth,gov_hcabs16_cats4,equal_21,hcabs_c8020,271.247,0.256677,1845.13,7270.08,0.238968,0.0184921,0.74254,0.796962,0.207937,0.0634921,0.728571
Prioritize ave. wealth,gov_hcabs16_cats4,equal_21,hcabs_c8020,264.732,0.340768,1791.46,7086.1,0.273571,0.0247619,0.701667,0.744541,0.203175,0.0777778,0.719048
Prioritize ave. wealth,gov_hcabs16_cats4,equal_21,hcabs_c8020,261.05,0.317687,1792.22,7013.23,0.283968,0.0110714,0.70496,0.798829,0.205556,0.065873,0.728571
Prioritize ave. wealth,gov_hcabs16_cats4,equal_21,hcabs_c8020,268.233,0.301134,1809.35,7174.02,0.293968,0.00896825,0.697063,0.798829,0.206349,0.065873,0.727778
Prioritize ave. wealth,gov_hcabs16_cats4,equal_21,hcabs_c8020,217.41,0.405024,1492.17,5840.37,0.3375,0.0280952,0.634405,0.69862,0.178571,0.097619,0.72381
Prioritize ave. wealth,gov_hcabs16_cats4,equal_21,hcabs_c8020,259.265,0.304795,1758.22,6943.51,0.225675,0.0377778,0.736548,0.797777,0.201587,0.0674603,0.730952
Prioritize ave. wealth,gov_hcabs16_cats4,equal_21,hcabs_c8020,267.3,0.27384,1803.14,7149.15,0.26123,0.010873,0.727897,0.798829,0.206349,0.0666667,0.726984
Prioritize ave. wealth,gov_hcabs16_cats4,equal_21,hcabs_c8020,267.083,0.313918,1806.91,7148.57,0.263373,0.012381,0.724246,0.798829,0.206349,0.0666667,0.726984
Prioritize ave. wealth,gov_hcabs16_cats4,equal_21,hcabs_c8020,279.121,0.305319,1891.03,7473.45,0.23496,0.0129762,0.752063,0.798829,0.211111,0.0674603,0.721429
Prioritize ave. wealth,gov_hcabs16_cats4,equal_21,hcabs_c8020,254.104,0.339317,1743.69,6825.76,0.245079,0.0280952,0.726825,0.798829,0.200794,0.0650794,0.734127
Prioritize ave. wealth,gov_hcabs16_cats4,equal_21,hcabs_c8020,263.445,0.342097,1795.06,7063.96,0.269802,0.0121032,0.718095,0.744074,0.211111,0.0785714,0.710317
Prioritize ave. wealth,gov_hcabs16_cats4,equal_21,hcabs_c8020,281.229,0.265211,1902.4,7526.99,0.214206,0.015,0.770794,0.798829,0.211905,0.065873,0.722222
Prioritize ave. wealth,gov_hcabs16_cats4,equal_21,hcabs_c8020,259.859,0.28789,1764.86,6962.03,0.269087,0.0140476,0.716865,0.798829,0.203968,0.0674603,0.728571
Prioritize ave. wealth,gov_hcabs16_cats4,equal_21,hcabs_c8020,281.205,0.269855,1904.73,7528.83,0.2225,0.0131746,0.764325,0.798829,0.212698,0.065873,0.721429
Prioritize gov. wealth,gov_hcabs16_cats4,equal_21,hcabs_cgpow,188.047,0.352752,2743.82,6504.76,0.278611,0.00646825,0.714921,0.74858,0.377778,0.0333333,0.588889
Prioritize gov. wealth,gov_hcabs16_cats4,equal_21,hcabs_cgpow,192.477,0.344066,2796.17,6645.71,0.241151,0.0115079,0.747341,0.745112,0.380952,0.0333333,0.585714
Prioritize gov. wealth,gov_hcabs16_cats4,equal_21,hcabs_cgpow,194.306,0.29073,2849.18,6735.3,0.220397,0.00944444,0.770159,0.741898,0.383333,0.0333333,0.583333
Prioritize gov. wealth,gov_hcabs16_cats4,equal_21,hcabs_cgpow,176.997,0.426674,2610.58,6150.52,0.285635,0.0213889,0.692976,0.691425,0.366667,0.0436508,0.589683
Prioritize gov. wealth,gov_hcabs16_cats4,equal_21,hcabs_cgpow,182.235,0.397539,2652.99,6297.7,0.273968,0.0152381,0.710794,0.627201,0.371429,0.0468254,0.581746
Prioritize gov. wealth,gov_hcabs16_cats4,equal_21,hcabs_cgpow,193.42,0.362429,2805.51,6673.91,0.224405,0.0171825,0.758413,0.744566,0.380952,0.0333333,0.585714
Prioritize gov. wealth,gov_hcabs16_cats4,equal_21,hcabs_cgpow,179.676,0.426326,2619.51,6213.03,0.259484,0.00678571,0.73373,0.635546,0.370635,0.0492063,0.580159
Prioritize gov. wealth,gov_hcabs16_cats4,equal_21,hcabs_cgpow,190.449,0.330517,2795.28,6604.27,0.230913,0.014127,0.75496,0.74456,0.380159,0.0333333,0.586508
Prioritize gov. wealth,gov_hcabs16_cats4,equal_21,hcabs_cgpow,193.171,0.294857,2824.82,6688.25,0.223135,0.0119841,0.764881,0.742949,0.381746,0.0333333,0.584921
Prioritize gov. wealth,gov_hcabs16_cats4,equal_21,hcabs_cgpow,189.17,0.350474,2754.37,6537.78,0.254167,0.00587302,0.73996,0.686719,0.37619,0.0396825,0.584127
Prioritize gov. wealth,gov_hcabs16_cats4,equal_21,hcabs_cgpow,187.483,0.268498,2735.74,6485.4,0.238333,0.0129365,0.74873,0.74332,0.377778,0.0333333,0.588889
Prioritize gov. wealth,gov_hcabs16_cats4,equal_21,hcabs_cgpow,187.798,0.358096,2727.25,6483.21,0.267738,0.00702381,0.725238,0.685,0.375397,0.0404762,0.584127
Prioritize gov. wealth,gov_hcabs16_cats4,equal_21,hcabs_cgpow,190.704,0.344473,2786.57,6600.64,0.264246,0.00753968,0.728214,0.747489,0.380952,0.0333333,0.585714
Prioritize gov. wealth,gov_hcabs16_cats4,equal_21,hcabs_cgpow,191.119,0.331948,2781.65,6604.03,0.224643,0.00837302,0.766984,0.684462,0.376984,0.0396825,0.583333
Prioritize gov. wealth,gov_hcabs16_cats4,equal_21,hcabs_cgpow,182.886,0.397944,2672.46,6330.18,0.291587,0.00805556,0.700357,0.627425,0.37619,0.0468254,0.576984
Prioritize gov. wealth,gov_hcabs16_cats4,equal_21,hcabs_cgpow,190.923,0.359117,2791.23,6609.69,0.23373,0.0117857,0.754484,0.685296,0.377778,0.0388889,0.583333
Prioritize gov. wealth,gov_hcabs16_cats4,equal_21,hcabs_cgpow,190.638,0.340938,2796.32,6609.08,0.24869,0.0100794,0.74123,0.745597,0.380952,0.0333333,0.585714
Prioritize gov. wealth,gov_hcabs16_cats4,equal_21,hcabs_cgpow,192.161,0.285479,2816.32,6659.54,0.220357,0.0130159,0.766627,0.742427,0.380952,0.0333333,0.585714
Prioritize gov. wealth,gov_hcabs16_cats4,equal_21,hcabs_cgpow,181.493,0.413182,2618.51,6248.37,0.24996,0.0068254,0.743214,0.574985,0.36746,0.0555556,0.576984
Prioritize gov. wealth,gov_hcabs16_cats4,equal_21,hcabs_cgpow,184.99,0.395453,2696.84,6396.65,0.294325,0.00718254,0.698492,0.690774,0.37619,0.0388889,0.584921
Prioritize gov. wealth,gov_hcabs16_cats4,equal_21,hcabs_cgpow,190.68,0.332124,2766.2,6579.8,0.215992,0.0169048,0.767103,0.742692,0.379365,0.0333333,0.587302
Prioritize gov. wealth,gov_hcabs16_cats4,equal_21,hcabs_cgpow,190.066,0.332351,2772.86,6574.18,0.236706,0.0142857,0.749008,0.74487,0.378571,0.0333333,0.588095
Prioritize gov. wealth,gov_hcabs16_cats4,equal_21,hcabs_cgpow,185.621,0.334162,2720.3,6432.73,0.256508,0.0145238,0.728968,0.682564,0.37619,0.0388889,0.584921
Prioritize gov. wealth,gov_hcabs16_cats4,equal_21,hcabs_cgpow,197.713,0.28409,2866.43,6820.69,0.232341,0.00587302,0.761786,0.742027,0.383333,0.0333333,0.583333
Prioritize gov. wealth,gov_hcabs16_cats4,equal_21,hcabs_cgpow,189.77,0.298761,2769.64,6565.04,0.218175,0.0171032,0.764722,0.742546,0.379365,0.0333333,0.587302
Prioritize gov. wealth,gov_hcabs16_cats4,equal_21,hcabs_cgpow,184.398,0.327178,2698.89,6386.84,0.231905,0.0254365,0.742659,0.745837,0.37619,0.0333333,0.590476
Prioritize gov. wealth,gov_hcabs16_cats4,equal_21,hcabs_cgpow,189.825,0.286828,2771.76,6568.27,0.229246,0.0133333,0.757421,0.742963,0.378571,0.0333333,0.588095
Prioritize gov. wealth,gov_hcabs16_cats4,equal_21,hcabs_cgpow,188.799,0.306247,2760.28,6536.27,0.242976,0.0115476,0.745476,0.682029,0.376984,0.0396825,0.583333
Prioritize gov. wealth,gov_hcabs16_cats4,equal_21,hcabs_cgpow,194.671,0.287306,2848.84,6742.25,0.228095,0.00837302,0.763532,0.742324,0.38254,0.0333333,0.584127
Prioritize gov. wealth,gov_hcabs16_cats4,equal_21,hcabs_cgpow,183.74,0.35514,2697.1,6371.89,0.227579,0.0154762,0.756944,0.688238,0.374603,0.0388889,0.586508
Prioritize gov. wealth,gov_hcabs16_cats4,equal_21,hcabs_cgpow,191.601,0.338512,2790.84,6622.85,0.251111,0.00896825,0.739921,0.746078,0.380159,0.0333333,0.586508
Prioritize gov. wealth,gov_hcabs16_cats4,equal_21,hcabs_cgpow,187.915,0.3518,2744.43,6502.74,0.242421,0.0154762,0.742103,0.683729,0.37619,0.0404762,0.583333
Prioritize gov. wealth,gov_hcabs16_cats4,equal_21,hcabs_cgpow,173.068,0.402803,2549.47,6010.82,0.261548,0.0331349,0.705317,0.690902,0.365873,0.0396825,0.594444
Prioritize gov. wealth,gov_hcabs16_cats4,equal_21,hcabs_cgpow,181.698,0.359086,2655.24,6289.2,0.294325,0.0105556,0.695119,0.691975,0.37381,0.0388889,0.587302
Prioritize gov. wealth,gov_hcabs16_cats4,equal_21,hcabs_cgpow,187.997,0.367959,2770.26,6530.21,0.235198,0.0127778,0.752024,0.683739,0.379365,0.0365079,0.584127
Prioritize gov. wealth,gov_hcabs16_cats4,equal_21,hcabs_cgpow,189.869,0.3892,2765.77,6563.14,0.23746,0.0104365,0.752103,0.686028,0.377778,0.0373016,0.584921
Prioritize gov. wealth,gov_hcabs16_cats4,equal_21,hcabs_cgpow,191.259,0.36271,2792.57,6617.75,0.247976,0.0072619,0.744762,0.685789,0.379365,0.0388889,0.581746
Prioritize gov. wealth,gov_hcabs16_cats4,equal_21,hcabs_cgpow,190.163,0.311275,2788.1,6591.35,0.224246,0.0142857,0.761468,0.743706,0.380159,0.0333333,0.586508
Prioritize gov. wealth,gov_hcabs16_cats4,equal_21,hcabs_cgpow,186.183,0.363917,2732.99,6456.66,0.249286,0.0189286,0.731786,0.683979,0.37381,0.0396825,0.586508
Prioritize gov. wealth,gov_hcabs16_cats4,equal_21,hcabs_cgpow,192.842,0.314369,2805.27,6662.11,0.23004,0.00722222,0.762738,0.68167,0.381746,0.0365079,0.581746
Prioritize gov. wealth,gov_hcabs16_cats4,equal_21,hcabs_cgpow,171.007,0.430834,2537.95,5958.1,0.234484,0.0260317,0.739484,0.62815,0.364286,0.047619,0.588095
Prioritize gov. wealth,gov_hcabs16_cats4,equal_21,hcabs_cgpow,188.91,0.312612,2783.04,6561.24,0.206786,0.0203571,0.772857,0.740598,0.379365,0.0333333,0.587302
Prioritize gov. wealth,gov_hcabs16_cats4,equal_21,hcabs_cgpow,181.055,0.382701,2642.17,6263.27,0.275198,0.0170238,0.707778,0.688348,0.372222,0.0396825,0.588095
Prioritize gov. wealth,gov_hcabs16_cats4,equal_21,hcabs_cgpow,186.451,0.310101,2722.36,6451.38,0.26627,0.00972222,0.724008,0.683994,0.375397,0.0396825,0.584921
Prioritize gov. wealth,gov_hcabs16_cats4,equal_21,hcabs_cgpow,199.002,0.250521,2918.93,6898.97,0.214048,0.00623016,0.779722,0.739903,0.385714,0.0333333,0.580952
Prioritize gov. wealth,gov_hcabs16_cats4,equal_21,hcabs_cgpow,188.647,0.311931,2776.05,6548.99,0.246587,0.0124603,0.740952,0.681156,0.378571,0.0396825,0.581746
Prioritize gov. wealth,gov_hcabs16_cats4,equal_21,hcabs_cgpow,185.89,0.338822,2728.89,6446.69,0.256825,0.0121429,0.731032,0.684183,0.375397,0.0396825,0.584921
Prioritize gov. wealth,gov_hcabs16_cats4,equal_21,hcabs_cgpow,190.368,0.331518,2769.08,6576.44,0.235278,0.0149603,0.749762,0.743969,0.379365,0.0333333,0.587302
Prioritize gov. wealth,gov_hcabs16_cats4,equal_21,hcabs_cgpow,184.457,0.35297,2723.11,6412.24,0.211786,0.019127,0.769087,0.687429,0.37619,0.0388889,0.584921
Prioritize gov. wealth,gov_hcabs16_cats4,equal_21,hcabs_cgpow,185.281,0.384029,2694.85,6400.47,0.249246,0.0203571,0.730397,0.684856,0.37381,0.0396825,0.586508
Prioritize gov. wealth,gov_hcabs16_cats4,equal_21,hcabs_cgpow,165.366,0.420086,2423.04,5730.36,0.282183,0.026746,0.691071,0.631433,0.35873,0.047619,0.593651
Prioritize gov. wealth,gov_hcabs16_cats4,equal_21,hcabs_cgpow,178.247,0.36805,2616.05,6180.99,0.259921,0.0196032,0.720476,0.68694,0.371429,0.0388889,0.589683
Prioritize gov. wealth,gov_hcabs16_cats4,equal_21,hcabs_cgpow,181.36,0.425507,2634.04,6261.24,0.30254,0.00714286,0.690317,0.693075,0.370635,0.0404762,0.588889
Prioritize gov. wealth,gov_hcabs16_cats4,equal_21,hcabs_cgpow,189.391,0.369351,2761.57,6549.38,0.27,0.00662698,0.723373,0.627306,0.37619,0.0444444,0.579365
Prioritize gov. wealth,gov_hcabs16_cats4,equal_21,hcabs_cgpow,193.345,0.304376,2836.53,6703.42,0.204603,0.014881,0.780516,0.741044,0.38254,0.0333333,0.584127
Prioritize gov. wealth,gov_hcabs16_cats4,equal_21,hcabs_cgpow,176.116,0.362653,2570.6,6092.92,0.247341,0.0317857,0.720873,0.747374,0.369048,0.0333333,0.597619
Prioritize gov. wealth,gov_hcabs16_cats4,equal_21,hcabs_cgpow,191.258,0.295125,2781.78,6606.95,0.209048,0.0193651,0.771587,0.741286,0.379365,0.0333333,0.587302
Prioritize gov. wealth,gov_hcabs16_cats4,equal_21,hcabs_cgpow,176.662,0.443709,2567.95,6101.19,0.269127,0.0192857,0.711587,0.631298,0.369048,0.0452381,0.585714
Prioritize gov. wealth,gov_hcabs16_cats4,equal_21,hcabs_cgpow,185.986,0.352657,2719.36,6439.08,0.239484,0.0109524,0.749563,0.68639,0.375397,0.0396825,0.584921
Prioritize gov. wealth,gov_hcabs16_cats4,equal_21,hcabs_cgpow,194.727,0.319565,2834.54,6729.07,0.248016,0.00603175,0.745952,0.745178,0.38254,0.0333333,0.584127
Prioritize gov. wealth,gov_hcabs16_cats4,equal_21,hcabs_cgpow,174.627,0.453387,2556.38,6048.92,0.28246,0.0199603,0.697579,0.633171,0.365873,0.047619,0.586508
Prioritize gov. wealth,gov_hcabs16_cats4,equal_21,hcabs_cgpow,195.443,0.293634,2840.13,6748.99,0.215913,0.0103968,0.77369,0.740806,0.38254,0.0333333,0.584127
Prioritize gov. wealth,gov_hcabs16_cats4,equal_21,hcabs_cgpow,185.723,0.39892,2721.09,6435.56,0.276468,0.00992063,0.713611,0.626404,0.377778,0.0388889,0.583333
Prioritize gov. wealth,gov_hcabs16_cats4,equal_21,hcabs_cgpow,187.432,0.330686,2734.04,6482.68,0.224603,0.0189683,0.756429,0.742963,0.377778,0.0333333,0.588889
Prioritize gov. wealth,gov_hcabs16_cats4,equal_21,hcabs_cgpow,188.799,0.315794,2748.87,6524.85,0.278571,0.00738095,0.714048,0.687652,0.374603,0.0404762,0.584921
Prioritize gov. wealth,gov_hcabs16_cats4,equal_21,hcabs_cgpow,173.513,0.445431,2550.02,6020.27,0.284643,0.0256746,0.689683,0.634604,0.365079,0.0452381,0.589683
Prioritize gov. wealth,gov_hcabs16_cats4,equal_21,hcabs_cgpow,191.003,0.311178,2785.83,6605.9,0.237222,0.0116667,0.751111,0.742554,0.379365,0.0333333,0.587302
Prioritize gov. wealth,gov_hcabs16_cats4,equal_21,hcabs_cgpow,183.886,0.377908,2708.56,6386.28,0.273968,0.0137302,0.712302,0.684586,0.379365,0.0388889,0.581746
Prioritize gov. wealth,gov_hcabs16_cats4,equal_21,hcabs_cgpow,180.777,0.391608,2654.71,6270.25,0.273571,0.0208333,0.705595,0.69008,0.373016,0.0388889,0.588095
Prioritize gov. wealth,gov_hcabs16_cats4,equal_21,hcabs_cgpow,185.868,0.371242,2706.7,6424.07,0.226151,0.0166667,0.757183,0.68583,0.37381,0.0412698,0.584921
Prioritize gov. wealth,gov_hcabs16_cats4,equal_21,hcabs_cgpow,183.342,0.301704,2720.2,6387.05,0.23123,0.0179365,0.750833,0.742842,0.376984,0.0333333,0.589683
Prioritize gov. wealth,gov_hcabs16_cats4,equal_21,hcabs_cgpow,196.339,0.253502,2850.28,6777.05,0.211389,0.01,0.778611,0.740054,0.383333,0.0333333,0.583333
Prioritize gov. wealth,gov_hcabs16_cats4,equal_21,hcabs_cgpow,197.502,0.265534,2868.99,6819.04,0.215556,0.00805556,0.776389,0.741331,0.384127,0.0333333,0.58254
Prioritize gov. wealth,gov_hcabs16_cats4,equal_21,hcabs_cgpow,191.533,0.316525,2792.48,6623.14,0.22131,0.0139286,0.764762,0.742707,0.380159,0.0333333,0.586508
Prioritize gov. wealth,gov_hcabs16_cats4,equal_21,hcabs_cgpow,187.605,0.313714,2733.76,6485.86,0.22631,0.0196429,0.754048,0.746998,0.377778,0.0333333,0.588889
Prioritize gov. wealth,gov_hcabs16_cats4,equal_21,hcabs_cgpow,160.783,0.532691,2378.98,5594.64,0.23381,0.0526984,0.713492,0.696017,0.35873,0.0388889,0.602381
Prioritize gov. wealth,gov_hcabs16_cats4,equal_21,hcabs_cgpow,194.902,0.278055,2840.39,6738.42,0.218135,0.0103968,0.771468,0.742517,0.38254,0.0333333,0.584127
Prioritize gov. wealth,gov_hcabs16_cats4,equal_21,hcabs_cgpow,193.703,0.323477,2842.47,6716.54,0.212698,0.0141667,0.773135,0.742963,0.381746,0.0333333,0.584921
Prioritize gov. wealth,gov_hcabs16_cats4,equal_21,hcabs_cgpow,191.84,0.322476,2805.92,6642.72,0.235317,0.00912698,0.755556,0.682256,0.379365,0.0388889,0.581746
Prioritize gov. wealth,gov_hcabs16_cats4,equal_21,hcabs_cgpow,188.131,0.325055,2757.93,6520.56,0.224127,0.0101587,0.765714,0.685181,0.376984,0.0388889,0.584127
Prioritize gov. wealth,gov_hcabs16_cats4,equal_21,hcabs_cgpow,183.789,0.420364,2689.73,6365.52,0.246468,0.025119,0.728413,0.749165,0.375397,0.0333333,0.59127
Prioritize gov. wealth,gov_hcabs16_cats4,equal_21,hcabs_cgpow,191.645,0.281513,2785.44,6618.34,0.216032,0.014127,0.769841,0.742736,0.379365,0.0333333,0.587302
Prioritize gov. wealth,gov_hcabs16_cats4,equal_21,hcabs_cgpow,184.351,0.357222,2727.84,6414.86,0.232698,0.0149206,0.752381,0.685131,0.37619,0.0396825,0.584127
Prioritize gov. wealth,gov_hcabs16_cats4,equal_21,hcabs_cgpow,179.003,0.423723,2643.53,6223.59,0.204722,0.0231349,0.772143,0.6238,0.37381,0.0452381,0.580952
Prioritize gov. wealth,gov_hcabs16_cats4,equal_21,hcabs_cgpow,187.937,0.350182,2749.02,6507.76,0.277817,0.00952381,0.712659,0.686161,0.377778,0.0388889,0.583333
Prioritize gov. wealth,gov_hcabs16_cats4,equal_21,hcabs_cgpow,193.936,0.313675,2826.03,6704.75,0.240119,0.00789683,0.751984,0.743737,0.381746,0.0333333,0.584921
Prioritize gov. wealth,gov_hcabs16_cats4,equal_21,hcabs_cgpow,191.023,0.340434,2798.65,6619.11,0.25123,0.00857143,0.740198,0.745587,0.380952,0.0333333,0.585714
Prioritize gov. wealth,gov_hcabs16_cats4,equal_21,hcabs_cgpow,193.183,0.295205,2834.7,6698.35,0.215992,0.0123413,0.771667,0.741289,0.381746,0.0333333,0.584921
Prioritize gov. wealth,gov_hcabs16_cats4,equal_21,hcabs_cgpow,190.837,0.314707,2778.66,6595.39,0.215476,0.0100794,0.774444,0.683199,0.377778,0.0404762,0.581746
Prioritize gov. wealth,gov_hcabs16_cats4,equal_21,hcabs_cgpow,194.761,0.279326,2838.94,6734.15,0.214365,0.0108333,0.774802,0.740343,0.38254,0.0333333,0.584127
Prioritize gov. wealth,gov_hcabs16_cats4,equal_21,hcabs_cgpow,189.827,0.316778,2756.82,6553.36,0.238373,0.0120238,0.749603,0.744231,0.378571,0.0333333,0.588095
Prioritize gov. wealth,gov_hcabs16_cats4,equal_21,hcabs_cgpow,187.288,0.334818,2730.59,6476.35,0.242024,0.0160317,0.741944,0.685136,0.375397,0.0404762,0.584127
Prioritize gov. wealth,gov_hcabs16_cats4,equal_21,hcabs_cgpow,189.484,0.324272,2763.55,6553.23,0.20004,0.0278571,0.772103,0.745607,0.378571,0.0333333,0.588095
Prioritize gov. wealth,gov_hcabs16_cats4,equal_21,hcabs_cgpow,195.163,0.293438,2829.89,6733.15,0.243929,0.00587302,0.750198,0.742601,0.381746,0.0333333,0.584921
Prioritize gov. wealth,gov_hcabs16_cats4,equal_21,hcabs_cgpow,187.69,0.374935,2722.03,6475.82,0.263175,0.00746032,0.729365,0.687462,0.37619,0.0388889,0.584921
Prioritize gov. wealth,gov_hcabs16_cats4,equal_21,hcabs_cgpow,187.219,0.393349,2750.02,6494.39,0.27746,0.00853175,0.714008,0.749373,0.379365,0.0333333,0.587302
Prioritize gov. wealth,gov_hcabs16_cats4,equal_21,hcabs_cgpow,191.238,0.273346,2802.34,6627.11,0.217024,0.0128571,0.770119,0.742058,0.380159,0.0333333,0.586508
Prioritize gov. wealth,gov_hcabs16_cats4,equal_21,hcabs_cgpow,191.855,0.357436,2799.77,6636.87,0.26127,0.00710317,0.731627,0.749273,0.380952,0.0333333,0.585714
Prioritize gov. wealth,gov_hcabs16_cats4,equal_21,hcabs_cgpow,179.124,0.356663,2633.24,6215.73,0.225,0.027381,0.747619,0.744448,0.373016,0.0333333,0.593651
Prioritize gov. wealth,gov_hcabs16_cats4,equal_21,hcabs_cgpow,184.23,0.390234,2682.75,6367.36,0.281746,0.00690476,0.711349,0.629187,0.373016,0.0460317,0.580952
