Government,Player,Popularity
None,p0,1.03126
None,p1,0.810456
None,p2,96.3642
None,p3,195.31
None,p4,132.603
None,p5,201.81
None,p6,275.616
None,p7,184.558
None,p8,326.012
None,p9,241.032
None,p10,333.623
None,p11,393.579
None,p12,459.238
None,p13,424.198
None,p14,508.539
None,p15,479.587
None,p16,189.751
None,p17,350.769
None,p18,696.531
None,p19,632.455
None,p0,8.0231e-18
None,p1,124.01
None,p2,141.243
None,p3,140.092
None,p4,238.948
None,p5,283.722
None,p6,301.945
None,p7,345.952
None,p8,314.39
None,p9,462.118
None,p10,191.817
None,p11,674.594
None,p12,640.38
None,p13,584.399
None,p14,321.953
None,p15,444.939
None,p16,638.313
None,p17,605.439
None,p18,849.185
None,p19,467.832
None,p0,1.4598
None,p1,94.0465
None,p2,132.529
None,p3,181.303
None,p4,90.5037
None,p5,205.543
None,p6,65.7183
None,p7,231.001
None,p8,235.491
None,p9,496.311
None,p10,287.084
None,p11,268.362
None,p12,655.359
None,p13,653.917
None,p14,512.95
None,p15,468.79
None,p16,545.022
None,p17,681.621
None,p18,692.54
None,p19,398.021
None,p0,0.000448546
None,p1,1.29875
None,p2,68.3828
None,p3,133.62
None,p4,140.193
None,p5,94.7309
None,p6,199.831
None,p7,343.863
None,p8,152.319
None,p9,344.283
None,p10,418.121
None,p11,299.756
None,p12,355.246
None,p13,407.219
None,p14,476.542
None,p15,531.396
None,p16,497.238
None,p17,689.705
None,p18,606.488
None,p19,415.636
None,p0,1.90804
None,p1,2.6526
None,p2,29.6781
None,p3,34.1063
None,p4,80.7211
None,p5,169.654
None,p6,113.622
None,p7,113.3
None,p8,154.426
None,p9,74.7171
None,p10,240.705
None,p11,549.905
None,p12,305.701
None,p13,429.219
None,p14,462.481
None,p15,457.237
None,p16,658.774
None,p17,596.463
None,p18,146.103
None,p19,519.003
None,p0,0.776971
None,p1,2.89179
None,p2,88.3172
None,p3,2.29845
None,p4,264.641
None,p5,2.47779
None,p6,373.745
None,p7,481.449
None,p8,486.56
None,p9,522.162
None,p10,489.359
None,p11,466.884
None,p12,598
None,p13,601.763
None,p14,728.793
None,p15,846.411
None,p16,624.005
None,p17,1015.58
None,p18,1024.89
None,p19,613.756
None,p0,0.223519
None,p1,40.9323
None,p2,94.6518
None,p3,129.904
None,p4,161.584
None,p5,200.593
None,p6,350.014
None,p7,273.525
None,p8,478.709
None,p9,334.353
None,p10,580.62
None,p11,203.935
None,p12,503.56
None,p13,299.079
None,p14,790.152
None,p15,661.234
None,p16,813.353
None,p17,689.548
None,p18,616.923
None,p19,694.592
None,p0,0
None,p1,135.374
None,p2,130.867
None,p3,195.69
None,p4,191.04
None,p5,209.472
None,p6,228.977
None,p7,263.548
None,p8,359.68
None,p9,293.328
None,p10,245.826
None,p11,411.193
None,p12,407.958
None,p13,366.998
None,p14,533.996
None,p15,530.829
None,p16,499.508
None,p17,479.14
None,p18,637.446
None,p19,689.732
None,p0,6.07489
None,p1,79.2699
None,p2,81.2058
None,p3,136.879
None,p4,174.657
None,p5,126.441
None,p6,234.352
None,p7,116.162
None,p8,396.273
None,p9,424.343
None,p10,385.694
None,p11,375.127
None,p12,533.574
None,p13,734.253
None,p14,552.617
None,p15,551.593
None,p16,911.037
None,p17,822.827
None,p18,797.703
None,p19,1076.53
None,p0,2.27013
None,p1,51.6245
None,p2,72.9138
None,p3,60.3064
None,p4,164.68
None,p5,220.982
None,p6,155.697
None,p7,177.467
None,p8,366.211
None,p9,241.641
None,p10,524.214
None,p11,515.949
None,p12,538.768
None,p13,805.208
None,p14,636.619
None,p15,433.369
None,p16,736.27
None,p17,606.304
None,p18,697.23
None,p19,890.605
None,p0,2.55314
None,p1,64.9322
None,p2,169.392
None,p3,157.08
None,p4,156.433
None,p5,163.77
None,p6,319.471
None,p7,402.249
None,p8,414.93
None,p9,552.335
None,p10,356.362
None,p11,361.332
None,p12,187.778
None,p13,731.588
None,p14,572.718
None,p15,932.316
None,p16,432.832
None,p17,839.195
None,p18,455.956
None,p19,514.012
None,p0,0.0339023
None,p1,1.06025
None,p2,109.835
None,p3,161.546
None,p4,206.057
None,p5,115.166
None,p6,226.907
None,p7,256.627
None,p8,128.802
None,p9,289.275
None,p10,422.191
None,p11,367.215
None,p12,418.854
None,p13,471.293
None,p14,611.837
None,p15,570.6
None,p16,652.277
None,p17,817.055
None,p18,612.738
None,p19,537.882
None,p0,0.0436875
None,p1,4.87274
None,p2,81.2053
None,p3,236.061
None,p4,194.885
None,p5,252.137
None,p6,225.067
None,p7,325.102
None,p8,295.888
None,p9,530.848
None,p10,285.661
None,p11,458.332
None,p12,467.753
None,p13,789.477
None,p14,454.812
None,p15,659.374
None,p16,391.514
None,p17,487.424
None,p18,673.956
None,p19,702.349
None,p0,0.998462
None,p1,0.0991711
None,p2,66.8218
None,p3,119.501
None,p4,139.199
None,p5,167.78
None,p6,299.457
None,p7,218.801
None,p8,182.194
None,p9,488.082
None,p10,227.293
None,p11,353.668
None,p12,415.729
None,p13,285.938
None,p14,563.982
None,p15,668.737
None,p16,348.706
None,p17,603.298
None,p18,626.685
None,p19,714.834
None,p0,0.226328
None,p1,45.8227
None,p2,164.955
None,p3,171.649
None,p4,150.444
None,p5,320.567
None,p6,397.009
None,p7,366.437
None,p8,422.76
None,p9,490.904
None,p10,588.492
None,p11,421.484
None,p12,665.935
None,p13,532.917
None,p14,160.811
None,p15,592.249
None,p16,614.19
None,p17,290.886
None,p18,579.18
None,p19,858.721
None,p0,0.00651373
None,p1,0.592973
None,p2,94.395
None,p3,54.0172
None,p4,40.7571
None,p5,192.41
None,p6,252.73
None,p7,217.017
None,p8,206.824
None,p9,216.936
None,p10,280.089
None,p11,216.604
None,p12,298.779
None,p13,458.924
None,p14,289.194
None,p15,230.277
None,p16,97.3977
None,p17,649.245
None,p18,308.601
None,p19,750.942
None,p0,1.19365
None,p1,34.4411
None,p2,83.2885
None,p3,134.151
None,p4,66.799
None,p5,136.06
None,p6,160.322
None,p7,166.217
None,p8,408.748
None,p9,111.203
None,p10,257.347
None,p11,357.39
None,p12,620.426
None,p13,466.177
None,p14,627.471
None,p15,577.008
None,p16,509.769
None,p17,209.346
None,p18,550.593
None,p19,694.086
None,p0,1.27224
None,p1,83.3806
None,p2,131.743
None,p3,179.715
None,p4,153.665
None,p5,332.208
None,p6,301.969
None,p7,386.781
None,p8,226.254
None,p9,386.072
None,p10,439.222
None,p11,427.794
None,p12,508.587
None,p13,481.429
None,p14,658.463
None,p15,551.716
None,p16,578.455
None,p17,724.088
None,p18,573.766
None,p19,684.212
None,p0,0.396489
None,p1,0.122357
None,p2,72.7524
None,p3,68.5696
None,p4,95.8333
None,p5,125.049
None,p6,192.403
None,p7,225.648
None,p8,220.656
None,p9,318.922
None,p10,230.45
None,p11,141.927
None,p12,486.606
None,p13,302.283
None,p14,299.49
None,p15,358.6
None,p16,440.684
None,p17,603.885
None,p18,505.541
None,p19,488.993
None,p0,0.305012
None,p1,5.48286
None,p2,10.9881
None,p3,72.9899
None,p4,168.265
None,p5,269.874
None,p6,119.389
None,p7,346.983
None,p8,443.303
None,p9,367.357
None,p10,438.869
None,p11,622.811
None,p12,526.463
None,p13,783.292
None,p14,485.917
None,p15,667.289
None,p16,543.485
None,p17,647.841
None,p18,572.727
None,p19,793.096
None,p0,0.0928395
None,p1,124.006
None,p2,152.44
None,p3,157.922
None,p4,300.226
None,p5,271.322
None,p6,214.638
None,p7,272.591
None,p8,258.389
None,p9,509.017
None,p10,375.106
None,p11,497.408
None,p12,663.483
None,p13,666.343
None,p14,418.817
None,p15,614.903
None,p16,605.084
None,p17,529.791
None,p18,447.741
None,p19,768.359
None,p0,0.139118
None,p1,90.1
None,p2,39.8695
None,p3,143.784
None,p4,212.413
None,p5,199.486
None,p6,189.15
None,p7,343.992
None,p8,246.248
None,p9,258.275
None,p10,432.722
None,p11,582.019
None,p12,447.451
None,p13,511.106
None,p14,496.342
None,p15,456.782
None,p16,594.648
None,p17,824.425
None,p18,462.075
None,p19,510.623
None,p0,26.0905
None,p1,77.4874
None,p2,163.031
None,p3,155.555
None,p4,97.6659
None,p5,193.361
None,p6,252.268
None,p7,269.011
None,p8,327.42
None,p9,361.225
None,p10,330.145
None,p11,543.163
None,p12,580.375
None,p13,398.963
None,p14,512.755
None,p15,432.034
None,p16,506.123
None,p17,708.155
None,p18,628.534
None,p19,722.198
None,p0,3.81144
None,p1,35.4674
None,p2,0.018
None,p3,47.8068
None,p4,248.788
None,p5,211.403
None,p6,271.741
None,p7,377.815
None,p8,255.523
None,p9,19.1171
None,p10,309.27
None,p11,512.473
None,p12,183.888
None,p13,156.807
None,p14,275.73
None,p15,642.414
None,p16,605.606
None,p17,380.681
None,p18,506.099
None,p19,679.539
None,p0,3.98178
None,p1,83.1579
None,p2,140.939
None,p3,142.491
None,p4,276.792
None,p5,268.182
None,p6,388.227
None,p7,322.34
None,p8,410.335
None,p9,489.479
None,p10,282.138
None,p11,408.141
None,p12,463.508
None,p13,413.026
None,p14,726.614
None,p15,470.47
None,p16,633.625
None,p17,661.778
None,p18,698.878
None,p19,729.878
None,p0,6.09983e-05
None,p1,83.6798
None,p2,46.9141
None,p3,281.479
None,p4,251.498
None,p5,176.836
None,p6,342.188
None,p7,333.403
None,p8,347.614
None,p9,392.006
None,p10,350.156
None,p11,416.503
None,p12,464.312
None,p13,508.639
None,p14,385.219
None,p15,348.379
None,p16,739.621
None,p17,471.854
None,p18,867.418
None,p19,1302.22
None,p0,0.0623113
None,p1,87.5523
None,p2,117.235
None,p3,252.923
None,p4,222.463
None,p5,294.454
None,p6,299.442
None,p7,333.981
None,p8,324.246
None,p9,438.735
None,p10,523.681
None,p11,500.899
None,p12,605.302
None,p13,704.461
None,p14,538.094
None,p15,671.192
None,p16,616.992
None,p17,842.921
None,p18,900.654
None,p19,569.501
None,p0,0.755791
None,p1,178.577
None,p2,126.107
None,p3,5.00205
None,p4,262.943
None,p5,237.947
None,p6,237.619
None,p7,384.298
None,p8,464.694
None,p9,429.757
None,p10,401.369
None,p11,360.406
None,p12,443.615
None,p13,772.976
None,p14,545.025
None,p15,523.644
None,p16,686.241
None,p17,516.026
None,p18,679.928
None,p19,676.717
None,p0,0.0164237
None,p1,23.008
None,p2,0.592546
None,p3,223.692
None,p4,299.663
None,p5,205.904
None,p6,268.017
None,p7,450.092
None,p8,254.293
None,p9,218.096
None,p10,530.455
None,p11,378.722
None,p12,645.205
None,p13,413.148
None,p14,213.497
None,p15,473.88
None,p16,930.444
None,p17,355.513
None,p18,583.235
None,p19,983.428
None,p0,0.0494878
None,p1,161.387
None,p2,201.654
None,p3,232.63
None,p4,177.077
None,p5,280.319
None,p6,383.617
None,p7,384.781
None,p8,320.187
None,p9,325.215
None,p10,450.946
None,p11,419.175
None,p12,353.915
None,p13,502.898
None,p14,679.306
None,p15,889.83
None,p16,583.2
None,p17,816.676
None,p18,560.845
None,p19,786.732
None,p0,2.33124
None,p1,0.146488
None,p2,0.558006
None,p3,166.906
None,p4,144.709
None,p5,0.94564
None,p6,481.871
None,p7,219.378
None,p8,233.14
None,p9,194.066
None,p10,172.307
None,p11,257.61
None,p12,257.346
None,p13,404.812
None,p14,527.521
None,p15,401.827
None,p16,544.309
None,p17,519.006
None,p18,436.69
None,p19,606.244
None,p0,0.0687202
None,p1,0.0338626
None,p2,159.998
None,p3,119.77
None,p4,85.985
None,p5,341.291
None,p6,329.078
None,p7,328.892
None,p8,300.176
None,p9,446.72
None,p10,440.706
None,p11,539.193
None,p12,691.375
None,p13,349.126
None,p14,710.211
None,p15,725.126
None,p16,541.746
None,p17,549.963
None,p18,727.438
None,p19,829.079
None,p0,2.91597
None,p1,23.2002
None,p2,96.8396
None,p3,203.529
None,p4,133.54
None,p5,266.782
None,p6,149.796
None,p7,341.511
None,p8,233.163
None,p9,177.054
None,p10,406.264
None,p11,481.952
None,p12,527.949
None,p13,612.103
None,p14,326.49
None,p15,726.336
None,p16,657.098
None,p17,678.129
None,p18,717.253
None,p19,798.072
None,p0,0.132358
None,p1,0.00115728
None,p2,0.1871
None,p3,0.775238
None,p4,1.14925e-17
None,p5,4.92629
None,p6,283.238
None,p7,573.872
None,p8,0.988937
None,p9,631.563
None,p10,439.096
None,p11,444.733
None,p12,778.873
None,p13,306.834
None,p14,495.677
None,p15,379.561
None,p16,395.668
None,p17,973.371
None,p18,699.625
None,p19,968.864
None,p0,0.544762
None,p1,126.058
None,p2,247.235
None,p3,61.9363
None,p4,120.128
None,p5,203.708
None,p6,295.371
None,p7,368.778
None,p8,336.306
None,p9,385.356
None,p10,154.492
None,p11,357.188
None,p12,623.104
None,p13,692.684
None,p14,434.086
None,p15,612.125
None,p16,731.607
None,p17,841.344
None,p18,698.766
None,p19,310.451
None,p0,0.512631
None,p1,84.1178
None,p2,0.572419
None,p3,155.439
None,p4,49.8567
None,p5,174.358
None,p6,221.831
None,p7,279.277
None,p8,321.921
None,p9,342.283
None,p10,319.247
None,p11,376.886
None,p12,302.891
None,p13,317.862
None,p14,406.496
None,p15,514.479
None,p16,450.75
None,p17,494.65
None,p18,530.581
None,p19,384.09
None,p0,0.111572
None,p1,117.742
None,p2,41.9914
None,p3,236.374
None,p4,239.913
None,p5,206.404
None,p6,318.794
None,p7,234.994
None,p8,432.93
None,p9,384.519
None,p10,516.413
None,p11,557.238
None,p12,223.125
None,p13,527.965
None,p14,613.476
None,p15,129.892
None,p16,387.053
None,p17,657.961
None,p18,352.456
None,p19,601.812
None,p0,0.147674
None,p1,0.325401
None,p2,11.6956
None,p3,65.3219
None,p4,7.31763
None,p5,175.234
None,p6,262.933
None,p7,75.3109
None,p8,435.206
None,p9,128.322
None,p10,262.41
None,p11,529.076
None,p12,421.437
None,p13,618.841
None,p14,651.835
None,p15,485.583
None,p16,715.388
None,p17,602.555
None,p18,868.893
None,p19,753.981
None,p0,0.213129
None,p1,112.645
None,p2,112.727
None,p3,69.4443
None,p4,130.249
None,p5,210.685
None,p6,375.45
None,p7,242.203
None,p8,492.209
None,p9,151.529
None,p10,308.139
None,p11,445.696
None,p12,397.619
None,p13,311.314
None,p14,408.605
None,p15,506.665
None,p16,652.333
None,p17,418.646
None,p18,699.518
None,p19,887.799
None,p0,1.70346
None,p1,4.85173
None,p2,153.732
None,p3,127.253
None,p4,192.747
None,p5,234.333
None,p6,248.143
None,p7,481.403
None,p8,477.905
None,p9,488.2
None,p10,442.556
None,p11,382.152
None,p12,570.666
None,p13,620.879
None,p14,528.3
None,p15,664.592
None,p16,702.546
None,p17,677.376
None,p18,1016.84
None,p19,551.426
None,p0,0.223897
None,p1,63.9627
None,p2,128.348
None,p3,128.635
None,p4,117.751
None,p5,177.838
None,p6,371.482
None,p7,243.014
None,p8,389.873
None,p9,453.547
None,p10,229.068
None,p11,399.247
None,p12,250.074
None,p13,395.59
None,p14,375.844
None,p15,246.49
None,p16,576.666
None,p17,703.001
None,p18,679.171
None,p19,618.892
None,p0,0.397478
None,p1,128.273
None,p2,200.453
None,p3,141.733
None,p4,146.056
None,p5,148.894
None,p6,244.607
None,p7,404.942
None,p8,295.28
None,p9,524.505
None,p10,385.696
None,p11,350.92
None,p12,673.366
None,p13,442.779
None,p14,436.829
None,p15,612.727
None,p16,469.437
None,p17,524.903
None,p18,741.132
None,p19,372.649
None,p0,1.69467
None,p1,5.96963
None,p2,128.499
None,p3,168.938
None,p4,241.71
None,p5,262.134
None,p6,242.841
None,p7,333.323
None,p8,339.498
None,p9,382.169
None,p10,629.493
None,p11,429.613
None,p12,583.269
None,p13,499.623
None,p14,689.12
None,p15,580.679
None,p16,630.307
None,p17,776.583
None,p18,815.541
None,p19,635.523
None,p0,2.033
None,p1,53.9879
None,p2,142.769
None,p3,180.996
None,p4,214.312
None,p5,246.143
None,p6,0
None,p7,324.058
None,p8,364.041
None,p9,450.424
None,p10,244.464
None,p11,539.448
None,p12,363.622
None,p13,410.753
None,p14,760.536
None,p15,375.902
None,p16,873.658
None,p17,818.987
None,p18,520.082
None,p19,994.491
None,p0,1.01366
None,p1,26.4372
None,p2,40.4504
None,p3,176.557
None,p4,194.084
None,p5,271.424
None,p6,181.554
None,p7,408.233
None,p8,272.211
None,p9,90.1498
None,p10,553.037
None,p11,560.095
None,p12,491.663
None,p13,766.89
None,p14,93.6173
None,p15,519.215
None,p16,543.65
None,p17,783.164
None,p18,551.123
None,p19,772.173
None,p0,0.0427192
None,p1,109.086
None,p2,2.84599
None,p3,63.5941
None,p4,90.7426
None,p5,288.537
None,p6,147.756
None,p7,307.277
None,p8,371.763
None,p9,537.956
None,p10,548.242
None,p11,410.429
None,p12,428.378
None,p13,482.984
None,p14,408.953
None,p15,739.95
None,p16,907.788
None,p17,572.187
None,p18,1019.67
None,p19,822.599
None,p0,0.476296
None,p1,74.7255
None,p2,82.3523
None,p3,135.41
None,p4,297.351
None,p5,210.499
None,p6,346.565
None,p7,505.474
None,p8,395.346
None,p9,286.185
None,p10,463.654
None,p11,471.4
None,p12,507.254
None,p13,380.576
None,p14,715.857
None,p15,632.713
None,p16,828.906
None,p17,633.111
None,p18,638.308
None,p19,1007.69
None,p0,4.56449e-16
None,p1,0.677394
None,p2,2.69347
None,p3,236.731
None,p4,261.767
None,p5,233.14
None,p6,366.347
None,p7,272.388
None,p8,303.383
None,p9,352.164
None,p10,0.173941
None,p11,451.78
None,p12,488.613
None,p13,454.429
None,p14,314.908
None,p15,588.783
None,p16,454.482
None,p17,417.042
None,p18,86.8267
None,p19,995.01
None,p0,0.630527
None,p1,4.277
None,p2,107.042
None,p3,215.142
None,p4,138.472
None,p5,189.9
None,p6,295.316
None,p7,281.724
None,p8,395.311
None,p9,263.4
None,p10,450.181
None,p11,542.911
None,p12,418.416
None,p13,581.311
None,p14,415.257
None,p15,480.264
None,p16,812.367
None,p17,521.264
None,p18,753.013
None,p19,654.485
None,p0,13.0844
None,p1,10.8506
None,p2,191.609
None,p3,185.322
None,p4,117.611
None,p5,155.454
None,p6,151.806
None,p7,283.318
None,p8,370.906
None,p9,430.016
None,p10,387.702
None,p11,699.377
None,p12,631.685
None,p13,627.855
None,p14,490.179
None,p15,512.874
None,p16,330.765
None,p17,666.792
None,p18,824.582
None,p19,1244.8
None,p0,3.54691
None,p1,50.2346
None,p2,147.133
None,p3,142.205
None,p4,102.99
None,p5,143.786
None,p6,188.288
None,p7,199.203
None,p8,378.92
None,p9,382.058
None,p10,372.093
None,p11,349.589
None,p12,254.902
None,p13,827.766
None,p14,244.874
None,p15,487.045
None,p16,523.362
None,p17,760.376
None,p18,638.25
None,p19,777.301
None,p0,0.0155325
None,p1,85.8957
None,p2,16.2731
None,p3,2.76472e-16
None,p4,3.09236e-15
None,p5,1.4788
None,p6,112.988
None,p7,227.395
None,p8,241.17
None,p9,249.361
None,p10,0
None,p11,289.955
None,p12,146.375
None,p13,396.076
None,p14,504.425
None,p15,225.693
None,p16,334.419
None,p17,1132.83
None,p18,482.657
None,p19,551.584
None,p0,0.339086
None,p1,20.9428
None,p2,79.8873
None,p3,109.072
None,p4,209.488
None,p5,169.209
None,p6,328.993
None,p7,354.13
None,p8,372.364
None,p9,364.37
None,p10,401.149
None,p11,573.541
None,p12,553.631
None,p13,363.586
None,p14,152.455
None,p15,495.47
None,p16,820.787
None,p17,581.616
None,p18,645.785
None,p19,621.591
None,p0,0.095081
None,p1,74.0901
None,p2,183.144
None,p3,100.746
None,p4,0
None,p5,188.608
None,p6,351.688
None,p7,209.172
None,p8,297.927
None,p9,358.754
None,p10,453.471
None,p11,622.21
None,p12,511.534
None,p13,355.548
None,p14,592.555
None,p15,496.894
None,p16,730.206
None,p17,466.083
None,p18,658.145
None,p19,838.542
None,p0,2.50884e-16
None,p1,0.0294935
None,p2,219.916
None,p3,0.0516132
None,p4,261.942
None,p5,176.727
None,p6,341.925
None,p7,350.519
None,p8,398.13
None,p9,529.719
None,p10,528.462
None,p11,438.875
None,p12,543.65
None,p13,572.707
None,p14,722.623
None,p15,553.536
None,p16,621.264
None,p17,901.322
None,p18,958.72
None,p19,585.185
None,p0,1.84314e-17
None,p1,71.4113
None,p2,131.406
None,p3,144.472
None,p4,258.229
None,p5,175.447
None,p6,266.586
None,p7,178.409
None,p8,202.362
None,p9,349.863
None,p10,234.758
None,p11,416.373
None,p12,293.698
None,p13,378.197
None,p14,395.401
None,p15,639.133
None,p16,641.059
None,p17,454.58
None,p18,684.219
None,p19,628.747
None,p0,0.558034
None,p1,0
None,p2,0.118153
None,p3,150.013
None,p4,88.8918
None,p5,239.17
None,p6,255.782
None,p7,433.088
None,p8,388.9
None,p9,427.204
None,p10,413.793
None,p11,682.385
None,p12,675.071
None,p13,719.545
None,p14,744.331
None,p15,674.153
None,p16,551.846
None,p17,383.812
None,p18,767.817
None,p19,659.643
None,p0,2.40157
None,p1,7.43351
None,p2,69.2721
None,p3,0.699677
None,p4,261.432
None,p5,304.856
None,p6,269.006
None,p7,321.325
None,p8,279.903
None,p9,501.986
None,p10,202.164
None,p11,423.745
None,p12,763.974
None,p13,538.656
None,p14,658.991
None,p15,555.195
None,p16,404.567
None,p17,455.529
None,p18,851.552
None,p19,998.964
None,p0,6.18646e-16
None,p1,140.687
None,p2,138.889
None,p3,146.07
None,p4,221.696
None,p5,279.736
None,p6,192.734
None,p7,303.073
None,p8,394.646
None,p9,434.377
None,p10,282.427
None,p11,535.275
None,p12,321.993
None,p13,617.54
None,p14,528.683
None,p15,546.697
None,p16,728.044
None,p17,751.992
None,p18,585.812
None,p19,823.058
None,p0,0.261948
None,p1,1.04278
None,p2,137.764
None,p3,194.157
None,p4,89.8315
None,p5,197.263
None,p6,147.865
None,p7,409.776
None,p8,119.037
None,p9,304.606
None,p10,584.098
None,p11,589.058
None,p12,427.554
None,p13,460.266
None,p14,795.133
None,p15,728.398
None,p16,186.137
None,p17,811.863
None,p18,769.022
None,p19,720.625
None,p0,0.797463
None,p1,0.0797195
None,p2,82.4982
None,p3,2.8341e-16
None,p4,137.092
None,p5,223.091
None,p6,170.724
None,p7,316.194
None,p8,75.6731
None,p9,117.905
None,p10,477.498
None,p11,259.191
None,p12,484.633
None,p13,215.245
None,p14,443.507
None,p15,468.028
None,p16,454.845
None,p17,275.199
None,p18,822.094
None,p19,576.77
None,p0,0.00251359
None,p1,43.5258
None,p2,11.0579
None,p3,27.6026
None,p4,201.113
None,p5,4.78984
None,p6,0.0121486
None,p7,313.113
None,p8,318.606
None,p9,211.653
None,p10,413.97
None,p11,475.667
None,p12,435.431
None,p13,345.992
None,p14,439.306
None,p15,293.573
None,p16,800.279
None,p17,513.049
None,p18,633.276
None,p19,701.191
None,p0,2.28596
None,p1,0
None,p2,100.869
None,p3,117.951
None,p4,154.784
None,p5,165.796
None,p6,363.088
None,p7,385.268
None,p8,310.55
None,p9,508.91
None,p10,372.445
None,p11,503.761
None,p12,593.95
None,p13,665.546
None,p14,623.765
None,p15,5.56881
None,p16,413.209
None,p17,833.604
None,p18,681.427
None,p19,783.976
None,p0,0.0164041
None,p1,54.4651
None,p2,31.7496
None,p3,100.772
None,p4,76.4905
None,p5,179.851
None,p6,278.626
None,p7,364.371
None,p8,338.745
None,p9,569.397
None,p10,406.214
None,p11,344.723
None,p12,557.67
None,p13,631.633
None,p14,894.735
None,p15,518.766
None,p16,595.906
None,p17,673.483
None,p18,809.103
None,p19,579.238
None,p0,1.97097
None,p1,24.0993
None,p2,61.9943
None,p3,173.378
None,p4,167.344
None,p5,195.869
None,p6,292.643
None,p7,251.123
None,p8,240.05
None,p9,405.618
None,p10,345.812
None,p11,439.398
None,p12,454.308
None,p13,553.095
None,p14,609.293
None,p15,563.809
None,p16,466.012
None,p17,716.27
None,p18,621.681
None,p19,633.001
None,p0,0.240934
None,p1,0.155559
None,p2,2.9859
None,p3,3.08903
None,p4,1.37505e-14
None,p5,0.909168
None,p6,1.72737
None,p7,320.2
None,p8,373.814
None,p9,12.6498
None,p10,0.507164
None,p11,199.125
None,p12,465.649
None,p13,344.702
None,p14,549.194
None,p15,605.941
None,p16,1011.97
None,p17,754.835
None,p18,741.505
None,p19,693.491
None,p0,0.0948395
None,p1,57.7069
None,p2,3.47162e-16
None,p3,65.6839
None,p4,99.0449
None,p5,138.874
None,p6,121.217
None,p7,107.62
None,p8,165.157
None,p9,146.891
None,p10,189.352
None,p11,154.657
None,p12,318.855
None,p13,320.663
None,p14,33.613
None,p15,333.47
None,p16,465.794
None,p17,399.559
None,p18,578.226
None,p19,130.781
None,p0,6.28837e-18
None,p1,7.96704
None,p2,1.37121
None,p3,1.19241e-15
None,p4,6.23803
None,p5,350.181
None,p6,194.779
None,p7,76.0375
None,p8,416.093
None,p9,365.129
None,p10,32.4366
None,p11,327.594
None,p12,463.662
None,p13,313.829
None,p14,365.795
None,p15,199.68
None,p16,482.423
None,p17,697.224
None,p18,651.039
None,p19,257.634
None,p0,0.694923
None,p1,72.0517
None,p2,104.825
None,p3,111.199
None,p4,129.089
None,p5,264.89
None,p6,49.3848
None,p7,358.89
None,p8,169.988
None,p9,419.751
None,p10,288.495
None,p11,273.179
None,p12,422.112
None,p13,711.024
None,p14,240.571
None,p15,300.467
None,p16,336.949
None,p17,642.512
None,p18,548.921
None,p19,832.298
None,p0,0.194577
None,p1,25.6833
None,p2,145.807
None,p3,57.1508
None,p4,183.135
None,p5,170.525
None,p6,281.18
None,p7,175.198
None,p8,356.076
None,p9,380.641
None,p10,357.981
None,p11,211.68
None,p12,403.655
None,p13,677.384
None,p14,490.018
None,p15,666.847
None,p16,432.53
None,p17,614.746
None,p18,310.198
None,p19,890.262
None,p0,0.637378
None,p1,73.7411
None,p2,88.5842
None,p3,98.0666
None,p4,167.367
None,p5,64.9288
None,p6,19.6631
None,p7,168.723
None,p8,252.49
None,p9,152.987
None,p10,350.59
None,p11,553.997
None,p12,368.454
None,p13,448.299
None,p14,425.807
None,p15,719.91
None,p16,531.533
None,p17,566.608
None,p18,418.45
None,p19,565.852
None,p0,0.212538
None,p1,26.8128
None,p2,115.273
None,p3,145.927
None,p4,233.634
None,p5,218.712
None,p6,284.303
None,p7,159.732
None,p8,401.847
None,p9,468.05
None,p10,138.012
None,p11,449.664
None,p12,554.596
None,p13,333.853
None,p14,482.701
None,p15,550.487
None,p16,568.94
None,p17,614.67
None,p18,772.084
None,p19,533.188
None,p0,0.12834
None,p1,25.369
None,p2,292.908
None,p3,287.841
None,p4,153.295
None,p5,193.235
None,p6,177.31
None,p7,257.585
None,p8,315.373
None,p9,573.148
None,p10,524.932
None,p11,763.352
None,p12,403.371
None,p13,593.167
None,p14,376.61
None,p15,419.417
None,p16,539.147
None,p17,794.625
None,p18,793.17
None,p19,584.808
None,p0,0.0732801
None,p1,0.66125
None,p2,34.1314
None,p3,2.47372
None,p4,0.272109
None,p5,224.767
None,p6,201.464
None,p7,189.143
None,p8,316.152
None,p9,175.787
None,p10,591.832
None,p11,250.61
None,p12,280.694
None,p13,552.085
None,p14,370.351
None,p15,599.169
None,p16,434.706
None,p17,486.059
None,p18,426.643
None,p19,562.368
None,p0,0.973518
None,p1,104.163
None,p2,130.653
None,p3,152.606
None,p4,215.582
None,p5,223.985
None,p6,458.532
None,p7,297.097
None,p8,289.013
None,p9,452.904
None,p10,441.224
None,p11,222.329
None,p12,427.513
None,p13,525.968
None,p14,634.395
None,p15,390.096
None,p16,587.185
None,p17,689.167
None,p18,636.607
None,p19,816.753
None,p0,0.845512
None,p1,1.81604e-15
None,p2,7.30752e-17
None,p3,68.5561
None,p4,5.52726e-16
None,p5,1.01633e-15
None,p6,94.8235
None,p7,219.967
None,p8,207.212
None,p9,0.277613
None,p10,281.023
None,p11,335.637
None,p12,336.831
None,p13,383.823
None,p14,332.999
None,p15,427.975
None,p16,389.713
None,p17,306.858
None,p18,526.993
None,p19,439.238
None,p0,2.50778
None,p1,50.51
None,p2,111.716
None,p3,179.042
None,p4,261.088
None,p5,147.232
None,p6,311.372
None,p7,174.141
None,p8,311.374
None,p9,309.967
None,p10,363.147
None,p11,434.445
None,p12,461.483
None,p13,670.362
None,p14,463.703
None,p15,686.766
None,p16,586.583
None,p17,863.402
None,p18,743.334
None,p19,587.653
None,p0,0.0148043
None,p1,76.3903
None,p2,105.795
None,p3,157.011
None,p4,408.915
None,p5,181.372
None,p6,227.444
None,p7,278.816
None,p8,277.591
None,p9,496.774
None,p10,369.597
None,p11,314.311
None,p12,301.276
None,p13,445.279
None,p14,627.095
None,p15,862.827
None,p16,457.345
None,p17,680.612
None,p18,1186.59
None,p19,637.22
None,p0,0.0108216
None,p1,0.833508
None,p2,107.515
None,p3,70.2797
None,p4,243.834
None,p5,160.822
None,p6,104.864
None,p7,205.04
None,p8,279.688
None,p9,85.5166
None,p10,479.821
None,p11,216.37
None,p12,403.394
None,p13,279.891
None,p14,258.041
None,p15,726.864
None,p16,557.215
None,p17,406.139
None,p18,557.422
None,p19,629.766
None,p0,0.0330475
None,p1,89.9302
None,p2,144.558
None,p3,8.93257
None,p4,240.156
None,p5,314.089
None,p6,127.094
None,p7,314.643
None,p8,388.335
None,p9,513.938
None,p10,335.767
None,p11,354.525
None,p12,287.102
None,p13,664.536
None,p14,689.16
None,p15,324.005
None,p16,696.606
None,p17,755.9
None,p18,877.848
None,p19,854.677
None,p0,1.55875
None,p1,83.1929
None,p2,105.543
None,p3,81.8069
None,p4,215.557
None,p5,243.633
None,p6,350.983
None,p7,475.359
None,p8,248.097
None,p9,208.621
None,p10,229.696
None,p11,664.447
None,p12,433.753
None,p13,315.025
None,p14,292.147
None,p15,455.32
None,p16,524.147
None,p17,570.016
None,p18,448.223
None,p19,658.243
None,p0,0.233541
None,p1,0.0432376
None,p2,113.136
None,p3,123.775
None,p4,168.773
None,p5,185.717
None,p6,217.638
None,p7,243.931
None,p8,254.473
None,p9,376.235
None,p10,247.688
None,p11,293.689
None,p12,518.192
None,p13,206.196
None,p14,485.709
None,p15,149.775
None,p16,482.731
None,p17,585.359
None,p18,610.163
None,p19,521.122
None,p0,0
None,p1,0.437547
None,p2,0.338043
None,p3,125.444
None,p4,5.36574
None,p5,214.599
None,p6,151.787
None,p7,0.0638484
None,p8,464.404
None,p9,253.017
None,p10,300.288
None,p11,211.851
None,p12,294.78
None,p13,336.687
None,p14,343.411
None,p15,577.147
None,p16,486.913
None,p17,635.38
None,p18,852.357
None,p19,673.011
None,p0,0
None,p1,126.794
None,p2,98.2821
None,p3,102.073
None,p4,226.975
None,p5,96.8189
None,p6,80.5805
None,p7,70.7087
None,p8,176.249
None,p9,397.353
None,p10,320.129
None,p11,230.427
None,p12,408.903
None,p13,443.332
None,p14,696.046
None,p15,778.087
None,p16,454.356
None,p17,721.494
None,p18,963.605
None,p19,725.737
None,p0,0.994773
None,p1,0.375292
None,p2,93.4345
None,p3,127.519
None,p4,149.636
None,p5,182.586
None,p6,162.467
None,p7,283.697
None,p8,394.82
None,p9,304.872
None,p10,264.596
None,p11,264.294
None,p12,307.39
None,p13,457.888
None,p14,380.164
None,p15,95.1069
None,p16,344.864
None,p17,620.119
None,p18,506.572
None,p19,682.827
None,p0,1.04208
None,p1,63.3382
None,p2,65.9477
None,p3,152.592
None,p4,144.734
None,p5,319.986
None,p6,295.262
None,p7,217.072
None,p8,288.473
None,p9,315.893
None,p10,327.612
None,p11,334.317
None,p12,307.752
None,p13,348.239
None,p14,389.32
None,p15,129.739
None,p16,592.009
None,p17,517.693
None,p18,486.312
None,p19,537.068
None,p0,0.0165592
None,p1,115.779
None,p2,57.8752
None,p3,121.345
None,p4,213.914
None,p5,133.225
None,p6,160.992
None,p7,274.071
None,p8,474.919
None,p9,305.362
None,p10,278.393
None,p11,411.933
None,p12,484.534
None,p13,461.009
None,p14,446.47
None,p15,701.965
None,p16,831.303
None,p17,543.603
None,p18,719.449
None,p19,649.113
None,p0,2.47307e-15
None,p1,149.942
None,p2,139.541
None,p3,246.293
None,p4,210.041
None,p5,326.175
None,p6,280.394
None,p7,327.503
None,p8,303.061
None,p9,494.418
None,p10,396.185
None,p11,576.938
None,p12,522.265
None,p13,277.052
None,p14,362.001
None,p15,619.122
None,p16,319.93
None,p17,597.42
None,p18,847.535
None,p19,744.091
None,p0,2.05459
None,p1,108.602
None,p2,20.3139
None,p3,208.447
None,p4,135.967
None,p5,213.433
None,p6,128.373
None,p7,322.364
None,p8,212.396
None,p9,405.571
None,p10,203.617
None,p11,400.814
None,p12,509.821
None,p13,209.669
None,p14,522.763
None,p15,793.952
None,p16,701.385
None,p17,732.04
None,p18,720.497
None,p19,811.578
None,p0,9.75782e-18
None,p1,94.3748
None,p2,157.821
None,p3,159.919
None,p4,245.163
None,p5,295.786
None,p6,208.221
None,p7,471.035
None,p8,388.757
None,p9,284.683
None,p10,415.204
None,p11,351.324
None,p12,395.003
None,p13,839.941
None,p14,495.914
None,p15,537.945
None,p16,373.11
None,p17,621.614
None,p18,498.891
None,p19,1125.56
None,p0,1.04462
None,p1,84.4296
None,p2,188.925
None,p3,208.14
None,p4,210.037
None,p5,235.659
None,p6,219.944
None,p7,272.697
None,p8,389.031
None,p9,366.892
None,p10,477.299
None,p11,414.268
None,p12,442.742
None,p13,816.683
None,p14,748.636
None,p15,691.977
None,p16,599.594
None,p17,726.926
None,p18,668.742
None,p19,852.427
None,p0,0.132069
None,p1,92.1522
None,p2,85.05
None,p3,195.298
None,p4,3.09236e-15
None,p5,325.554
None,p6,419.96
None,p7,389.189
None,p8,324.771
None,p9,321.505
None,p10,427.722
None,p11,312.681
None,p12,514.356
None,p13,384.014
None,p14,665.54
None,p15,700.152
None,p16,432.076
None,p17,785.14
None,p18,1014.38
None,p19,717.439
None,p0,0.761405
None,p1,1.29332
None,p2,151.814
None,p3,112.259
None,p4,6.7877
None,p5,110.37
None,p6,178.582
None,p7,287.067
None,p8,228.573
None,p9,81.1991
None,p10,415.782
None,p11,423.367
None,p12,371.887
None,p13,739.482
None,p14,528.483
None,p15,134.808
None,p16,639.309
None,p17,667.736
None,p18,815.865
None,p19,578.102
None,p0,2.14373
None,p1,144.455
None,p2,179.839
None,p3,212.957
None,p4,302.301
None,p5,279.989
None,p6,307.267
None,p7,411.825
None,p8,344.644
None,p9,390.876
None,p10,428.088
None,p11,521.085
None,p12,495.322
None,p13,305.479
None,p14,465.164
None,p15,962.999
None,p16,637.848
None,p17,581.503
None,p18,557.477
None,p19,641.765
None,p0,0
None,p1,1.56842
None,p2,135.513
None,p3,249.477
None,p4,221.513
None,p5,174.33
None,p6,379.81
None,p7,149.758
None,p8,294.313
None,p9,314.152
None,p10,433.654
None,p11,505.603
None,p12,662.407
None,p13,483.923
None,p14,566.171
None,p15,657.439
None,p16,557.064
None,p17,606.834
None,p18,786.758
None,p19,836.163
None,p0,1.07126
None,p1,0.158154
None,p2,130.764
None,p3,177.368
None,p4,224.684
None,p5,209.285
None,p6,312.753
None,p7,368.772
None,p8,249.939
None,p9,358.096
None,p10,344.567
None,p11,350.679
None,p12,328.339
None,p13,525.181
None,p14,525.202
None,p15,935.894
None,p16,809.077
None,p17,734.813
None,p18,446.186
None,p19,835.802
None,p0,1.55475e-16
None,p1,5.03111
None,p2,91.2849
None,p3,172.74
None,p4,203.388
None,p5,221.268
None,p6,213.619
None,p7,308.022
None,p8,126.65
None,p9,334.444
None,p10,421.404
None,p11,466.049
None,p12,501.202
None,p13,587.365
None,p14,386.545
None,p15,575.449
None,p16,351.804
None,p17,824.682
None,p18,878.307
None,p19,780.869
None,p0,0.00782559
None,p1,89.9232
None,p2,75.9225
None,p3,143.566
None,p4,166.796
None,p5,230.541
None,p6,183.201
None,p7,182.496
None,p8,110.157
None,p9,505.058
None,p10,409.129
None,p11,479.4
None,p12,480.453
None,p13,188.974
None,p14,597.978
None,p15,706.456
None,p16,644.173
None,p17,705.711
None,p18,465.964
None,p19,528.168
None,p0,4.11016
None,p1,49.3972
None,p2,133.82
None,p3,203.203
None,p4,128.24
None,p5,242.005
None,p6,199.769
None,p7,477.59
None,p8,264.895
None,p9,238.713
None,p10,325.284
None,p11,496.142
None,p12,579.414
None,p13,17.2304
None,p14,636.501
None,p15,654.42
None,p16,648.926
None,p17,749.816
None,p18,459.231
None,p19,674.16
None,p0,0.0201118
None,p1,87.0748
None,p2,143.635
None,p3,149.189
None,p4,273.907
None,p5,8.09116
None,p6,284.442
None,p7,356.277
None,p8,366.793
None,p9,353.315
None,p10,253.974
None,p11,505.335
None,p12,228.287
None,p13,551.529
None,p14,497.993
None,p15,635.402
None,p16,507.966
None,p17,505.543
None,p18,706.517
None,p19,764.142
Balanced priorities,p0,84.3993
Balanced priorities,p1,76.8898
Balanced priorities,p2,199.954
Balanced priorities,p3,197.978
Balanced priorities,p4,160.635
Balanced priorities,p5,274.087
Balanced priorities,p6,268.018
Balanced priorities,p7,203.166
Balanced priorities,p8,216.675
Balanced priorities,p9,317.709
Balanced priorities,p10,249.262
Balanced priorities,p11,349.4
Balanced priorities,p12,252.374
Balanced priorities,p13,221.078
Balanced priorities,p14,438.407
Balanced priorities,p15,131.255
Balanced priorities,p16,222.65
Balanced priorities,p17,334.336
Balanced priorities,p18,296.837
Balanced priorities,p19,413.077
Balanced priorities,p0,195.862
Balanced priorities,p1,202.061
Balanced priorities,p2,49.5537
Balanced priorities,p3,165.319
Balanced priorities,p4,99.1753
Balanced priorities,p5,43.905
Balanced priorities,p6,172.267
Balanced priorities,p7,190.923
Balanced priorities,p8,157.625
Balanced priorities,p9,190.513
Balanced priorities,p10,225.139
Balanced priorities,p11,80.5809
Balanced priorities,p12,227.22
Balanced priorities,p13,253.872
Balanced priorities,p14,258.767
Balanced priorities,p15,223.243
Balanced priorities,p16,257.879
Balanced priorities,p17,222.754
Balanced priorities,p18,312.68
Balanced priorities,p19,326.685
Balanced priorities,p0,68.1056
Balanced priorities,p1,79.7382
Balanced priorities,p2,158.753
Balanced priorities,p3,183.634
Balanced priorities,p4,201.798
Balanced priorities,p5,272.243
Balanced priorities,p6,308.772
Balanced priorities,p7,283.227
Balanced priorities,p8,302.952
Balanced priorities,p9,367.256
Balanced priorities,p10,367.741
Balanced priorities,p11,555.266
Balanced priorities,p12,307.91
Balanced priorities,p13,394.827
Balanced priorities,p14,302.571
Balanced priorities,p15,423.373
Balanced priorities,p16,254.963
Balanced priorities,p17,236.318
Balanced priorities,p18,415.708
Balanced priorities,p19,529.152
Balanced priorities,p0,156.544
Balanced priorities,p1,230.758
Balanced priorities,p2,133.899
Balanced priorities,p3,245.238
Balanced priorities,p4,229.048
Balanced priorities,p5,287.322
Balanced priorities,p6,303.487
Balanced priorities,p7,290.684
Balanced priorities,p8,347.855
Balanced priorities,p9,289.147
Balanced priorities,p10,327.128
Balanced priorities,p11,366.528
Balanced priorities,p12,418.309
Balanced priorities,p13,245.246
Balanced priorities,p14,437.015
Balanced priorities,p15,329.895
Balanced priorities,p16,265.95
Balanced priorities,p17,595.043
Balanced priorities,p18,507.868
Balanced priorities,p19,463.369
Balanced priorities,p0,106.617
Balanced priorities,p1,120.883
Balanced priorities,p2,323.875
Balanced priorities,p3,203.846
Balanced priorities,p4,306.727
Balanced priorities,p5,222.603
Balanced priorities,p6,237.676
Balanced priorities,p7,248.591
Balanced priorities,p8,119.509
Balanced priorities,p9,392.9
Balanced priorities,p10,247.32
Balanced priorities,p11,409.106
Balanced priorities,p12,383.751
Balanced priorities,p13,398.288
Balanced priorities,p14,358.5
Balanced priorities,p15,407.475
Balanced priorities,p16,270.496
Balanced priorities,p17,361.157
Balanced priorities,p18,377.202
Balanced priorities,p19,449.594
Balanced priorities,p0,135.523
Balanced priorities,p1,187.312
Balanced priorities,p2,215.015
Balanced priorities,p3,193.16
Balanced priorities,p4,170.972
Balanced priorities,p5,269.216
Balanced priorities,p6,325.568
Balanced priorities,p7,201.653
Balanced priorities,p8,396.181
Balanced priorities,p9,140.955
Balanced priorities,p10,368.397
Balanced priorities,p11,228.966
Balanced priorities,p12,488.244
Balanced priorities,p13,360.757
Balanced priorities,p14,248.837
Balanced priorities,p15,244.858
Balanced priorities,p16,336.721
Balanced priorities,p17,396.551
Balanced priorities,p18,526.157
Balanced priorities,p19,597.064
Balanced priorities,p0,80.6778
Balanced priorities,p1,161.077
Balanced priorities,p2,191.389
Balanced priorities,p3,167.113
Balanced priorities,p4,163.65
Balanced priorities,p5,110.082
Balanced priorities,p6,270.539
Balanced priorities,p7,224.25
Balanced priorities,p8,36.1132
Balanced priorities,p9,316.199
Balanced priorities,p10,269.197
Balanced priorities,p11,280.597
Balanced priorities,p12,220.119
Balanced priorities,p13,313.631
Balanced priorities,p14,296.789
Balanced priorities,p15,147.878
Balanced priorities,p16,122.34
Balanced priorities,p17,47.2882
Balanced priorities,p18,125.84
Balanced priorities,p19,395.539
Balanced priorities,p0,159.039
Balanced priorities,p1,117.366
Balanced priorities,p2,148.331
Balanced priorities,p3,161.411
Balanced priorities,p4,209.078
Balanced priorities,p5,244.838
Balanced priorities,p6,252.392
Balanced priorities,p7,257.571
Balanced priorities,p8,168.641
Balanced priorities,p9,35.0017
Balanced priorities,p10,276.997
Balanced priorities,p11,231.407
Balanced priorities,p12,274.069
Balanced priorities,p13,178.128
Balanced priorities,p14,195.574
Balanced priorities,p15,236.601
Balanced priorities,p16,460.74
Balanced priorities,p17,427.877
Balanced priorities,p18,431.065
Balanced priorities,p19,582.877
Balanced priorities,p0,71.3786
Balanced priorities,p1,69.4977
Balanced priorities,p2,181.995
Balanced priorities,p3,209.737
Balanced priorities,p4,63.6454
Balanced priorities,p5,182.84
Balanced priorities,p6,273.953
Balanced priorities,p7,263.76
Balanced priorities,p8,284.312
Balanced priorities,p9,224.277
Balanced priorities,p10,225.086
Balanced priorities,p11,263.636
Balanced priorities,p12,269.429
Balanced priorities,p13,229.578
Balanced priorities,p14,298.334
Balanced priorities,p15,207.038
Balanced priorities,p16,283.632
Balanced priorities,p17,272.403
Balanced priorities,p18,260.485
Balanced priorities,p19,249.197
Balanced priorities,p0,134.535
Balanced priorities,p1,186.064
Balanced priorities,p2,206.312
Balanced priorities,p3,168.348
Balanced priorities,p4,167.878
Balanced priorities,p5,277.725
Balanced priorities,p6,317.469
Balanced priorities,p7,158.74
Balanced priorities,p8,305.015
Balanced priorities,p9,331.032
Balanced priorities,p10,285.134
Balanced priorities,p11,200.05
Balanced priorities,p12,292.444
Balanced priorities,p13,315.669
Balanced priorities,p14,243.675
Balanced priorities,p15,405.783
Balanced priorities,p16,383.663
Balanced priorities,p17,307.714
Balanced priorities,p18,252.585
Balanced priorities,p19,504.516
Balanced priorities,p0,49.4645
Balanced priorities,p1,252.276
Balanced priorities,p2,188.915
Balanced priorities,p3,201.644
Balanced priorities,p4,145.265
Balanced priorities,p5,143.262
Balanced priorities,p6,142.245
Balanced priorities,p7,204.933
Balanced priorities,p8,211.986
Balanced priorities,p9,133.937
Balanced priorities,p10,314.906
Balanced priorities,p11,313.348
Balanced priorities,p12,88.8286
Balanced priorities,p13,308.554
Balanced priorities,p14,299.234
Balanced priorities,p15,272.852
Balanced priorities,p16,307.114
Balanced priorities,p17,302.918
Balanced priorities,p18,417.127
Balanced priorities,p19,503.938
Balanced priorities,p0,15.0895
Balanced priorities,p1,139.572
Balanced priorities,p2,180.947
Balanced priorities,p3,211.18
Balanced priorities,p4,222.914
Balanced priorities,p5,203.298
Balanced priorities,p6,272.702
Balanced priorities,p7,260.692
Balanced priorities,p8,231.187
Balanced priorities,p9,236.023
Balanced priorities,p10,256.183
Balanced priorities,p11,200.38
Balanced priorities,p12,313.347
Balanced priorities,p13,206.668
Balanced priorities,p14,318.583
Balanced priorities,p15,36.837
Balanced priorities,p16,359.935
Balanced priorities,p17,343.875
Balanced priorities,p18,349.964
Balanced priorities,p19,460.088
Balanced priorities,p0,179.03
Balanced priorities,p1,132.089
Balanced priorities,p2,220.106
Balanced priorities,p3,243.044
Balanced priorities,p4,233.925
Balanced priorities,p5,176.37
Balanced priorities,p6,251.793
Balanced priorities,p7,102.27
Balanced priorities,p8,307.111
Balanced priorities,p9,353.413
Balanced priorities,p10,369.783
Balanced priorities,p11,323.863
Balanced priorities,p12,304.009
Balanced priorities,p13,321.833
Balanced priorities,p14,214.619
Balanced priorities,p15,135.208
Balanced priorities,p16,271.823
Balanced priorities,p17,418.671
Balanced priorities,p18,89.4305
Balanced priorities,p19,344.479
Balanced priorities,p0,45.1538
Balanced priorities,p1,215.865
Balanced priorities,p2,166.528
Balanced priorities,p3,191.463
Balanced priorities,p4,141.101
Balanced priorities,p5,220.839
Balanced priorities,p6,144.945
Balanced priorities,p7,315.347
Balanced priorities,p8,324.694
Balanced priorities,p9,330.865
Balanced priorities,p10,173.808
Balanced priorities,p11,272.652
Balanced priorities,p12,245.842
Balanced priorities,p13,357.692
Balanced priorities,p14,178.679
Balanced priorities,p15,222.424
Balanced priorities,p16,152.537
Balanced priorities,p17,345.297
Balanced priorities,p18,305.701
Balanced priorities,p19,378.302
Balanced priorities,p0,95.7159
Balanced priorities,p1,82.8629
Balanced priorities,p2,185.062
Balanced priorities,p3,201.119
Balanced priorities,p4,201.436
Balanced priorities,p5,290.414
Balanced priorities,p6,308.631
Balanced priorities,p7,208.718
Balanced priorities,p8,265.778
Balanced priorities,p9,247.206
Balanced priorities,p10,254.769
Balanced priorities,p11,350.011
Balanced priorities,p12,342.846
Balanced priorities,p13,260.187
Balanced priorities,p14,155.848
Balanced priorities,p15,289.405
Balanced priorities,p16,134.378
Balanced priorities,p17,137.365
Balanced priorities,p18,360.283
Balanced priorities,p19,308.804
Balanced priorities,p0,77.8462
Balanced priorities,p1,155.914
Balanced priorities,p2,219.634
Balanced priorities,p3,195.385
Balanced priorities,p4,153.06
Balanced priorities,p5,171.289
Balanced priorities,p6,199.551
Balanced priorities,p7,200.554
Balanced priorities,p8,322.927
Balanced priorities,p9,213.055
Balanced priorities,p10,241.69
Balanced priorities,p11,271.548
Balanced priorities,p12,329.092
Balanced priorities,p13,271.264
Balanced priorities,p14,329.494
Balanced priorities,p15,246.958
Balanced priorities,p16,315.245
Balanced priorities,p17,378.035
Balanced priorities,p18,257.59
Balanced priorities,p19,392.027
Balanced priorities,p0,204.281
Balanced priorities,p1,175.87
Balanced priorities,p2,120.484
Balanced priorities,p3,193.437
Balanced priorities,p4,226.584
Balanced priorities,p5,331.618
Balanced priorities,p6,333.372
Balanced priorities,p7,393.043
Balanced priorities,p8,381.637
Balanced priorities,p9,258.914
Balanced priorities,p10,345.497
Balanced priorities,p11,303.625
Balanced priorities,p12,332.492
Balanced priorities,p13,189.006
Balanced priorities,p14,52.5743
Balanced priorities,p15,440.069
Balanced priorities,p16,340.028
Balanced priorities,p17,377.248
Balanced priorities,p18,463.08
Balanced priorities,p19,496.124
Balanced priorities,p0,132.902
Balanced priorities,p1,5.17812
Balanced priorities,p2,175.33
Balanced priorities,p3,179.175
Balanced priorities,p4,76.8192
Balanced priorities,p5,246.537
Balanced priorities,p6,186.124
Balanced priorities,p7,225.055
Balanced priorities,p8,196.749
Balanced priorities,p9,146.202
Balanced priorities,p10,209.797
Balanced priorities,p11,259.572
Balanced priorities,p12,299.939
Balanced priorities,p13,255.909
Balanced priorities,p14,151.426
Balanced priorities,p15,235.949
Balanced priorities,p16,223.627
Balanced priorities,p17,97.4973
Balanced priorities,p18,299.145
Balanced priorities,p19,337.278
Balanced priorities,p0,109.46
Balanced priorities,p1,125.888
Balanced priorities,p2,28.4787
Balanced priorities,p3,190.691
Balanced priorities,p4,141.639
Balanced priorities,p5,205.5
Balanced priorities,p6,174.387
Balanced priorities,p7,242.345
Balanced priorities,p8,306.019
Balanced priorities,p9,162.792
Balanced priorities,p10,236.906
Balanced priorities,p11,247.62
Balanced priorities,p12,248.429
Balanced priorities,p13,366.067
Balanced priorities,p14,391.355
Balanced priorities,p15,452.544
Balanced priorities,p16,282.599
Balanced priorities,p17,376.559
Balanced priorities,p18,340.848
Balanced priorities,p19,420
Balanced priorities,p0,104.693
Balanced priorities,p1,154.697
Balanced priorities,p2,188.898
Balanced priorities,p3,163.319
Balanced priorities,p4,263.021
Balanced priorities,p5,148.116
Balanced priorities,p6,227.593
Balanced priorities,p7,170.657
Balanced priorities,p8,280.57
Balanced priorities,p9,220.658
Balanced priorities,p10,336.593
Balanced priorities,p11,319.274
Balanced priorities,p12,231.38
Balanced priorities,p13,179.088
Balanced priorities,p14,297.631
Balanced priorities,p15,370.187
Balanced priorities,p16,337.192
Balanced priorities,p17,510.744
Balanced priorities,p18,649.322
Balanced priorities,p19,363.545
Balanced priorities,p0,122.277
Balanced priorities,p1,156.212
Balanced priorities,p2,154.667
Balanced priorities,p3,201.374
Balanced priorities,p4,299.093
Balanced priorities,p5,300.751
Balanced priorities,p6,243.762
Balanced priorities,p7,165.6
Balanced priorities,p8,245.519
Balanced priorities,p9,333.988
Balanced priorities,p10,321.328
Balanced priorities,p11,335.318
Balanced priorities,p12,291.398
Balanced priorities,p13,392.427
Balanced priorities,p14,253.94
Balanced priorities,p15,528.18
Balanced priorities,p16,441.94
Balanced priorities,p17,238.596
Balanced priorities,p18,619.635
Balanced priorities,p19,384.721
Balanced priorities,p0,10.1637
Balanced priorities,p1,191.199
Balanced priorities,p2,224.605
Balanced priorities,p3,200.527
Balanced priorities,p4,241.286
Balanced priorities,p5,151.152
Balanced priorities,p6,296.602
Balanced priorities,p7,38.3165
Balanced priorities,p8,180.235
Balanced priorities,p9,216.958
Balanced priorities,p10,236.981
Balanced priorities,p11,271.61
Balanced priorities,p12,463.333
Balanced priorities,p13,342.96
Balanced priorities,p14,407.054
Balanced priorities,p15,383.22
Balanced priorities,p16,490.571
Balanced priorities,p17,534.178
Balanced priorities,p18,478.077
Balanced priorities,p19,230.759
Balanced priorities,p0,132.855
Balanced priorities,p1,122.082
Balanced priorities,p2,157.57
Balanced priorities,p3,278.971
Balanced priorities,p4,227.948
Balanced priorities,p5,151.462
Balanced priorities,p6,249.964
Balanced priorities,p7,239.399
Balanced priorities,p8,319.724
Balanced priorities,p9,321.611
Balanced priorities,p10,303.052
Balanced priorities,p11,395.798
Balanced priorities,p12,294.263
Balanced priorities,p13,436.818
Balanced priorities,p14,341.268
Balanced priorities,p15,364.534
Balanced priorities,p16,289.79
Balanced priorities,p17,400.964
Balanced priorities,p18,336.966
Balanced priorities,p19,413.664
Balanced priorities,p0,147.16
Balanced priorities,p1,198.95
Balanced priorities,p2,198.531
Balanced priorities,p3,226.966
Balanced priorities,p4,181.559
Balanced priorities,p5,208.16
Balanced priorities,p6,200.925
Balanced priorities,p7,277.055
Balanced priorities,p8,259.575
Balanced priorities,p9,185.95
Balanced priorities,p10,301.868
Balanced priorities,p11,232.672
Balanced priorities,p12,224.151
Balanced priorities,p13,403.553
Balanced priorities,p14,388.344
Balanced priorities,p15,324.603
Balanced priorities,p16,269.617
Balanced priorities,p17,352.774
Balanced priorities,p18,282.082
Balanced priorities,p19,375.361
Balanced priorities,p0,91.0469
Balanced priorities,p1,174.153
Balanced priorities,p2,182.862
Balanced priorities,p3,130.149
Balanced priorities,p4,135.515
Balanced priorities,p5,299.05
Balanced priorities,p6,289.275
Balanced priorities,p7,201.628
Balanced priorities,p8,229.227
Balanced priorities,p9,303.625
Balanced priorities,p10,299.998
Balanced priorities,p11,209.198
Balanced priorities,p12,348.939
Balanced priorities,p13,327.104
Balanced priorities,p14,297.71
Balanced priorities,p15,354.827
Balanced priorities,p16,555.36
Balanced priorities,p17,350.674
Balanced priorities,p18,247.309
Balanced priorities,p19,280.244
Balanced priorities,p0,5.39168
Balanced priorities,p1,137.505
Balanced priorities,p2,32.9228
Balanced priorities,p3,97.9632
Balanced priorities,p4,86.1771
Balanced priorities,p5,47.5363
Balanced priorities,p6,273.298
Balanced priorities,p7,183.581
Balanced priorities,p8,232.433
Balanced priorities,p9,85.2819
Balanced priorities,p10,247.488
Balanced priorities,p11,21.6997
Balanced priorities,p12,334.971
Balanced priorities,p13,168.951
Balanced priorities,p14,325.52
Balanced priorities,p15,388.76
Balanced priorities,p16,349.072
Balanced priorities,p17,457.601
Balanced priorities,p18,177.089
Balanced priorities,p19,136.012
Balanced priorities,p0,0
Balanced priorities,p1,46.7146
Balanced priorities,p2,157.117
Balanced priorities,p3,151.916
Balanced priorities,p4,239.212
Balanced priorities,p5,289.916
Balanced priorities,p6,253.655
Balanced priorities,p7,219.039
Balanced priorities,p8,276.208
Balanced priorities,p9,410.893
Balanced priorities,p10,336.668
Balanced priorities,p11,315.668
Balanced priorities,p12,311.666
Balanced priorities,p13,191.701
Balanced priorities,p14,224.622
Balanced priorities,p15,255.928
Balanced priorities,p16,407.843
Balanced priorities,p17,721.34
Balanced priorities,p18,282.016
Balanced priorities,p19,781.938
Balanced priorities,p0,102.776
Balanced priorities,p1,221.513
Balanced priorities,p2,208.955
Balanced priorities,p3,223.518
Balanced priorities,p4,222.169
Balanced priorities,p5,223.807
Balanced priorities,p6,242.817
Balanced priorities,p7,280.567
Balanced priorities,p8,206.937
Balanced priorities,p9,230.825
Balanced priorities,p10,454.881
Balanced priorities,p11,358.863
Balanced priorities,p12,433.625
Balanced priorities,p13,406.325
Balanced priorities,p14,223.095
Balanced priorities,p15,338.728
Balanced priorities,p16,388.985
Balanced priorities,p17,365.623
Balanced priorities,p18,534.129
Balanced priorities,p19,425.337
Balanced priorities,p0,106.573
Balanced priorities,p1,123.938
Balanced priorities,p2,72.0987
Balanced priorities,p3,205.323
Balanced priorities,p4,232.52
Balanced priorities,p5,196.482
Balanced priorities,p6,275.646
Balanced priorities,p7,184.203
Balanced priorities,p8,281.759
Balanced priorities,p9,339.139
Balanced priorities,p10,228.63
Balanced priorities,p11,199.679
Balanced priorities,p12,332.081
Balanced priorities,p13,321.388
Balanced priorities,p14,424.877
Balanced priorities,p15,435.557
Balanced priorities,p16,536.373
Balanced priorities,p17,408.533
Balanced priorities,p18,447.649
Balanced priorities,p19,109.752
Balanced priorities,p0,144.557
Balanced priorities,p1,108.508
Balanced priorities,p2,223.551
Balanced priorities,p3,139.671
Balanced priorities,p4,180.252
Balanced priorities,p5,260.495
Balanced priorities,p6,256.698
Balanced priorities,p7,298.865
Balanced priorities,p8,241.048
Balanced priorities,p9,352.963
Balanced priorities,p10,212.263
Balanced priorities,p11,307.425
Balanced priorities,p12,233.784
Balanced priorities,p13,219.666
Balanced priorities,p14,416.765
Balanced priorities,p15,333.02
Balanced priorities,p16,182.521
Balanced priorities,p17,411.268
Balanced priorities,p18,268.454
Balanced priorities,p19,260.586
Balanced priorities,p0,53.8251
Balanced priorities,p1,152.515
Balanced priorities,p2,135.119
Balanced priorities,p3,236.266
Balanced priorities,p4,252.37
Balanced priorities,p5,275.942
Balanced priorities,p6,327.627
Balanced priorities,p7,298.072
Balanced priorities,p8,299.991
Balanced priorities,p9,392.982
Balanced priorities,p10,386.919
Balanced priorities,p11,387.472
Balanced priorities,p12,206.913
Balanced priorities,p13,215.254
Balanced priorities,p14,325.187
Balanced priorities,p15,398.521
Balanced priorities,p16,399.76
Balanced priorities,p17,577.418
Balanced priorities,p18,676.723
Balanced priorities,p19,577.74
Balanced priorities,p0,64.1836
Balanced priorities,p1,160.391
Balanced priorities,p2,94.3828
Balanced priorities,p3,128.887
Balanced priorities,p4,147.435
Balanced priorities,p5,239.171
Balanced priorities,p6,142.864
Balanced priorities,p7,217.47
Balanced priorities,p8,138.069
Balanced priorities,p9,137.716
Balanced priorities,p10,147.844
Balanced priorities,p11,290.635
Balanced priorities,p12,309.214
Balanced priorities,p13,243.462
Balanced priorities,p14,255.189
Balanced priorities,p15,428.502
Balanced priorities,p16,140.049
Balanced priorities,p17,364.423
Balanced priorities,p18,215.384
Balanced priorities,p19,185.982
Balanced priorities,p0,119.836
Balanced priorities,p1,98.7167
Balanced priorities,p2,209.566
Balanced priorities,p3,181.478
Balanced priorities,p4,112.911
Balanced priorities,p5,141.488
Balanced priorities,p6,199.719
Balanced priorities,p7,170.906
Balanced priorities,p8,388.062
Balanced priorities,p9,346.623
Balanced priorities,p10,338.299
Balanced priorities,p11,416.581
Balanced priorities,p12,400.782
Balanced priorities,p13,327.51
Balanced priorities,p14,406.213
Balanced priorities,p15,401.186
Balanced priorities,p16,334.253
Balanced priorities,p17,267.062
Balanced priorities,p18,428.471
Balanced priorities,p19,375.479
Balanced priorities,p0,3.03638e-16
Balanced priorities,p1,115.159
Balanced priorities,p2,124.704
Balanced priorities,p3,224.464
Balanced priorities,p4,288.949
Balanced priorities,p5,218.338
Balanced priorities,p6,279.029
Balanced priorities,p7,250.554
Balanced priorities,p8,243.752
Balanced priorities,p9,411.635
Balanced priorities,p10,367.556
Balanced priorities,p11,333.488
Balanced priorities,p12,401.442
Balanced priorities,p13,333.948
Balanced priorities,p14,462.66
Balanced priorities,p15,407.852
Balanced priorities,p16,471.103
Balanced priorities,p17,419.829
Balanced priorities,p18,405.138
Balanced priorities,p19,361.81
Balanced priorities,p0,49.2441
Balanced priorities,p1,146.991
Balanced priorities,p2,265.298
Balanced priorities,p3,181.795
Balanced priorities,p4,232.744
Balanced priorities,p5,190.459
Balanced priorities,p6,247.658
Balanced priorities,p7,210.63
Balanced priorities,p8,272.158
Balanced priorities,p9,33.19
Balanced priorities,p10,353.317
Balanced priorities,p11,365.071
Balanced priorities,p12,233.514
Balanced priorities,p13,244.174
Balanced priorities,p14,245.219
Balanced priorities,p15,445.583
Balanced priorities,p16,471.077
Balanced priorities,p17,395.064
Balanced priorities,p18,222.813
Balanced priorities,p19,478.859
Balanced priorities,p0,97.6818
Balanced priorities,p1,208.302
Balanced priorities,p2,216.048
Balanced priorities,p3,64.6261
Balanced priorities,p4,272.086
Balanced priorities,p5,170.633
Balanced priorities,p6,254.329
Balanced priorities,p7,415.142
Balanced priorities,p8,310.581
Balanced priorities,p9,401.71
Balanced priorities,p10,380.727
Balanced priorities,p11,348.541
Balanced priorities,p12,347.266
Balanced priorities,p13,261.394
Balanced priorities,p14,397.624
Balanced priorities,p15,636.16
Balanced priorities,p16,391.375
Balanced priorities,p17,462.839
Balanced priorities,p18,374.581
Balanced priorities,p19,420.921
Balanced priorities,p0,133.784
Balanced priorities,p1,41.1401
Balanced priorities,p2,155.447
Balanced priorities,p3,150.723
Balanced priorities,p4,129.754
Balanced priorities,p5,130.832
Balanced priorities,p6,231.584
Balanced priorities,p7,242.347
Balanced priorities,p8,265.316
Balanced priorities,p9,100.499
Balanced priorities,p10,277.763
Balanced priorities,p11,404.553
Balanced priorities,p12,233.808
Balanced priorities,p13,350.435
Balanced priorities,p14,235.932
Balanced priorities,p15,231.382
Balanced priorities,p16,285.205
Balanced priorities,p17,308.45
Balanced priorities,p18,364.641
Balanced priorities,p19,292.036
Balanced priorities,p0,52.8353
Balanced priorities,p1,153.573
Balanced priorities,p2,206.304
Balanced priorities,p3,193.657
Balanced priorities,p4,205.357
Balanced priorities,p5,75.3085
Balanced priorities,p6,330.537
Balanced priorities,p7,444.324
Balanced priorities,p8,268.598
Balanced priorities,p9,349.81
Balanced priorities,p10,266.149
Balanced priorities,p11,385.102
Balanced priorities,p12,375.837
Balanced priorities,p13,547.812
Balanced priorities,p14,441.946
Balanced priorities,p15,204.207
Balanced priorities,p16,442.893
Balanced priorities,p17,372.443
Balanced priorities,p18,315.113
Balanced priorities,p19,234.414
Balanced priorities,p0,215.971
Balanced priorities,p1,179.784
Balanced priorities,p2,170.531
Balanced priorities,p3,247.169
Balanced priorities,p4,194.418
Balanced priorities,p5,223.043
Balanced priorities,p6,288.648
Balanced priorities,p7,336.012
Balanced priorities,p8,195.813
Balanced priorities,p9,359.755
Balanced priorities,p10,295.684
Balanced priorities,p11,189.92
Balanced priorities,p12,307.298
Balanced priorities,p13,306.129
Balanced priorities,p14,360.853
Balanced priorities,p15,232.578
Balanced priorities,p16,438.794
Balanced priorities,p17,358.4
Balanced priorities,p18,317.31
Balanced priorities,p19,432.419
Balanced priorities,p0,96.1518
Balanced priorities,p1,140.842
Balanced priorities,p2,174.664
Balanced priorities,p3,52.0987
Balanced priorities,p4,197.177
Balanced priorities,p5,191.788
Balanced priorities,p6,268.658
Balanced priorities,p7,322.069
Balanced priorities,p8,304.368
Balanced priorities,p9,300.566
Balanced priorities,p10,298.507
Balanced priorities,p11,239.181
Balanced priorities,p12,239.837
Balanced priorities,p13,398.894
Balanced priorities,p14,400.204
Balanced priorities,p15,261.338
Balanced priorities,p16,351.058
Balanced priorities,p17,346.411
Balanced priorities,p18,407.934
Balanced priorities,p19,301.669
Balanced priorities,p0,111.946
Balanced priorities,p1,126.084
Balanced priorities,p2,158.356
Balanced priorities,p3,200.375
Balanced priorities,p4,99.3542
Balanced priorities,p5,257.657
Balanced priorities,p6,266.773
Balanced priorities,p7,255.907
Balanced priorities,p8,182.206
Balanced priorities,p9,269.023
Balanced priorities,p10,243.761
Balanced priorities,p11,447.654
Balanced priorities,p12,370.448
Balanced priorities,p13,240.327
Balanced priorities,p14,375.433
Balanced priorities,p15,399.553
Balanced priorities,p16,637.86
Balanced priorities,p17,469.418
Balanced priorities,p18,360.602
Balanced priorities,p19,524.128
Balanced priorities,p0,145.859
Balanced priorities,p1,295.931
Balanced priorities,p2,184.874
Balanced priorities,p3,176.548
Balanced priorities,p4,312.668
Balanced priorities,p5,170.775
Balanced priorities,p6,248.366
Balanced priorities,p7,444.337
Balanced priorities,p8,263.51
Balanced priorities,p9,202.769
Balanced priorities,p10,382.123
Balanced priorities,p11,360.658
Balanced priorities,p12,371.658
Balanced priorities,p13,396.918
Balanced priorities,p14,395.234
Balanced priorities,p15,365.192
Balanced priorities,p16,418.454
Balanced priorities,p17,280.655
Balanced priorities,p18,426.468
Balanced priorities,p19,427.946
Balanced priorities,p0,216.45
Balanced priorities,p1,62.1365
Balanced priorities,p2,165.667
Balanced priorities,p3,129.065
Balanced priorities,p4,127.472
Balanced priorities,p5,244.647
Balanced priorities,p6,269.573
Balanced priorities,p7,156.632
Balanced priorities,p8,317.082
Balanced priorities,p9,286.358
Balanced priorities,p10,314.989
Balanced priorities,p11,281.086
Balanced priorities,p12,227.589
Balanced priorities,p13,448.779
Balanced priorities,p14,245.933
Balanced priorities,p15,453.402
Balanced priorities,p16,464.732
Balanced priorities,p17,246.4
Balanced priorities,p18,380.879
Balanced priorities,p19,520.332
Balanced priorities,p0,24.9216
Balanced priorities,p1,150.343
Balanced priorities,p2,174.557
Balanced priorities,p3,167.648
Balanced priorities,p4,99.4551
Balanced priorities,p5,274.691
Balanced priorities,p6,166.883
Balanced priorities,p7,270.645
Balanced priorities,p8,284.243
Balanced priorities,p9,211.817
Balanced priorities,p10,325.857
Balanced priorities,p11,412.51
Balanced priorities,p12,299.863
Balanced priorities,p13,273.453
Balanced priorities,p14,214.842
Balanced priorities,p15,319.068
Balanced priorities,p16,296.157
Balanced priorities,p17,355.561
Balanced priorities,p18,429.3
Balanced priorities,p19,359.04
Balanced priorities,p0,138.957
Balanced priorities,p1,148.817
Balanced priorities,p2,142.86
Balanced priorities,p3,274.008
Balanced priorities,p4,177.064
Balanced priorities,p5,218.085
Balanced priorities,p6,232.815
Balanced priorities,p7,313.605
Balanced priorities,p8,245.674
Balanced priorities,p9,323.803
Balanced priorities,p10,287.067
Balanced priorities,p11,270.033
Balanced priorities,p12,289.828
Balanced priorities,p13,387.222
Balanced priorities,p14,258.661
Balanced priorities,p15,326.004
Balanced priorities,p16,209.723
Balanced priorities,p17,419.402
Balanced priorities,p18,491.172
Balanced priorities,p19,294.01
Balanced priorities,p0,114.636
Balanced priorities,p1,203.99
Balanced priorities,p2,235.518
Balanced priorities,p3,312.186
Balanced priorities,p4,210.044
Balanced priorities,p5,307.613
Balanced priorities,p6,187.165
Balanced priorities,p7,301.932
Balanced priorities,p8,382.87
Balanced priorities,p9,271.51
Balanced priorities,p10,366.685
Balanced priorities,p11,313.057
Balanced priorities,p12,408.684
Balanced priorities,p13,331.91
Balanced priorities,p14,282.032
Balanced priorities,p15,307.066
Balanced priorities,p16,361.949
Balanced priorities,p17,329.076
Balanced priorities,p18,308.394
Balanced priorities,p19,407.949
Balanced priorities,p0,137.939
Balanced priorities,p1,143.25
Balanced priorities,p2,16.6716
Balanced priorities,p3,250.012
Balanced priorities,p4,128.608
Balanced priorities,p5,222.126
Balanced priorities,p6,268.865
Balanced priorities,p7,158.416
Balanced priorities,p8,325.493
Balanced priorities,p9,305.649
Balanced priorities,p10,203.007
Balanced priorities,p11,127.837
Balanced priorities,p12,168.089
Balanced priorities,p13,473.536
Balanced priorities,p14,539.425
Balanced priorities,p15,393.314
Balanced priorities,p16,234.509
Balanced priorities,p17,502.697
Balanced priorities,p18,451.876
Balanced priorities,p19,783.848
Balanced priorities,p0,93.1608
Balanced priorities,p1,115
Balanced priorities,p2,236.755
Balanced priorities,p3,148.614
Balanced priorities,p4,268.482
Balanced priorities,p5,192.058
Balanced priorities,p6,198.346
Balanced priorities,p7,218.806
Balanced priorities,p8,143.707
Balanced priorities,p9,294.562
Balanced priorities,p10,197.971
Balanced priorities,p11,320.808
Balanced priorities,p12,284.17
Balanced priorities,p13,325.413
Balanced priorities,p14,133.492
Balanced priorities,p15,411.916
Balanced priorities,p16,394.818
Balanced priorities,p17,514.542
Balanced priorities,p18,436.174
Balanced priorities,p19,591.546
Balanced priorities,p0,48.533
Balanced priorities,p1,227.077
Balanced priorities,p2,233.278
Balanced priorities,p3,245.951
Balanced priorities,p4,271.274
Balanced priorities,p5,165.73
Balanced priorities,p6,190.958
Balanced priorities,p7,244.501
Balanced priorities,p8,367.759
Balanced priorities,p9,377.951
Balanced priorities,p10,319.579
Balanced priorities,p11,398.499
Balanced priorities,p12,471.345
Balanced priorities,p13,488.901
Balanced priorities,p14,450.749
Balanced priorities,p15,393.992
Balanced priorities,p16,562.897
Balanced priorities,p17,477.057
Balanced priorities,p18,499.054
Balanced priorities,p19,417.215
Balanced priorities,p0,88.4204
Balanced priorities,p1,258.045
Balanced priorities,p2,141.475
Balanced priorities,p3,36.2995
Balanced priorities,p4,239.653
Balanced priorities,p5,132.222
Balanced priorities,p6,275.183
Balanced priorities,p7,296.237
Balanced priorities,p8,253.951
Balanced priorities,p9,285.437
Balanced priorities,p10,239.741
Balanced priorities,p11,273.775
Balanced priorities,p12,259.028
Balanced priorities,p13,458.34
Balanced priorities,p14,361.806
Balanced priorities,p15,369.172
Balanced priorities,p16,245.154
Balanced priorities,p17,407.049
Balanced priorities,p18,327.088
Balanced priorities,p19,531.836
Balanced priorities,p0,122.407
Balanced priorities,p1,58.27
Balanced priorities,p2,87.8763
Balanced priorities,p3,224.893
Balanced priorities,p4,248.897
Balanced priorities,p5,178.694
Balanced priorities,p6,105.519
Balanced priorities,p7,313.771
Balanced priorities,p8,358.742
Balanced priorities,p9,376.19
Balanced priorities,p10,343.258
Balanced priorities,p11,240.587
Balanced priorities,p12,418.617
Balanced priorities,p13,297.522
Balanced priorities,p14,472.433
Balanced priorities,p15,421.158
Balanced priorities,p16,344.444
Balanced priorities,p17,435.675
Balanced priorities,p18,418.504
Balanced priorities,p19,482.085
Balanced priorities,p0,74.6209
Balanced priorities,p1,136.802
Balanced priorities,p2,171.011
Balanced priorities,p3,188.824
Balanced priorities,p4,220.45
Balanced priorities,p5,231.009
Balanced priorities,p6,227.253
Balanced priorities,p7,209.596
Balanced priorities,p8,322.447
Balanced priorities,p9,184.501
Balanced priorities,p10,283.382
Balanced priorities,p11,260.385
Balanced priorities,p12,173.366
Balanced priorities,p13,247.776
Balanced priorities,p14,400.264
Balanced priorities,p15,397.897
Balanced priorities,p16,335.336
Balanced priorities,p17,274.691
Balanced priorities,p18,437.4
Balanced priorities,p19,265.088
Balanced priorities,p0,2.62436
Balanced priorities,p1,111.091
Balanced priorities,p2,206.595
Balanced priorities,p3,265.067
Balanced priorities,p4,236.945
Balanced priorities,p5,203.173
Balanced priorities,p6,115.868
Balanced priorities,p7,348.869
Balanced priorities,p8,304.029
Balanced priorities,p9,365.035
Balanced priorities,p10,273.397
Balanced priorities,p11,246.726
Balanced priorities,p12,385.278
Balanced priorities,p13,419.793
Balanced priorities,p14,279.107
Balanced priorities,p15,416.971
Balanced priorities,p16,388.491
Balanced priorities,p17,453.991
Balanced priorities,p18,479.48
Balanced priorities,p19,231.939
Balanced priorities,p0,138.763
Balanced priorities,p1,151.662
Balanced priorities,p2,138.084
Balanced priorities,p3,150.522
Balanced priorities,p4,198.136
Balanced priorities,p5,171.548
Balanced priorities,p6,42.5915
Balanced priorities,p7,172.33
Balanced priorities,p8,227.595
Balanced priorities,p9,298.729
Balanced priorities,p10,284.594
Balanced priorities,p11,257.19
Balanced priorities,p12,110.954
Balanced priorities,p13,224.207
Balanced priorities,p14,363.265
Balanced priorities,p15,197.72
Balanced priorities,p16,228.087
Balanced priorities,p17,354.964
Balanced priorities,p18,425.193
Balanced priorities,p19,19.5517
Balanced priorities,p0,60.2419
Balanced priorities,p1,76.3054
Balanced priorities,p2,125.181
Balanced priorities,p3,159.594
Balanced priorities,p4,226.718
Balanced priorities,p5,177.052
Balanced priorities,p6,213.03
Balanced priorities,p7,226.713
Balanced priorities,p8,263.468
Balanced priorities,p9,280.199
Balanced priorities,p10,308.389
Balanced priorities,p11,265.695
Balanced priorities,p12,269.98
Balanced priorities,p13,307.004
Balanced priorities,p14,112.921
Balanced priorities,p15,268.407
Balanced priorities,p16,339.204
Balanced priorities,p17,417.124
Balanced priorities,p18,314.314
Balanced priorities,p19,372.453
Balanced priorities,p0,38.8111
Balanced priorities,p1,54.8791
Balanced priorities,p2,146.775
Balanced priorities,p3,87.5569
Balanced priorities,p4,197.988
Balanced priorities,p5,211.188
Balanced priorities,p6,178.862
Balanced priorities,p7,158.466
Balanced priorities,p8,274.534
Balanced priorities,p9,222.292
Balanced priorities,p10,204.231
Balanced priorities,p11,243.544
Balanced priorities,p12,298.72
Balanced priorities,p13,126.031
Balanced priorities,p14,337.246
Balanced priorities,p15,223.232
Balanced priorities,p16,467.284
Balanced priorities,p17,280.572
Balanced priorities,p18,289.11
Balanced priorities,p19,530.278
Balanced priorities,p0,88.1509
Balanced priorities,p1,211.743
Balanced priorities,p2,239.428
Balanced priorities,p3,250.971
Balanced priorities,p4,148.093
Balanced priorities,p5,209.073
Balanced priorities,p6,196.561
Balanced priorities,p7,338.385
Balanced priorities,p8,343.774
Balanced priorities,p9,293.668
Balanced priorities,p10,393.692
Balanced priorities,p11,314.067
Balanced priorities,p12,389.403
Balanced priorities,p13,404.621
Balanced priorities,p14,400.286
Balanced priorities,p15,299.002
Balanced priorities,p16,382.862
Balanced priorities,p17,433.314
Balanced priorities,p18,264.47
Balanced priorities,p19,302.194
Balanced priorities,p0,117.788
Balanced priorities,p1,98.9412
Balanced priorities,p2,187.809
Balanced priorities,p3,190.933
Balanced priorities,p4,188.241
Balanced priorities,p5,197.147
Balanced priorities,p6,278.935
Balanced priorities,p7,338.046
Balanced priorities,p8,215.532
Balanced priorities,p9,340.401
Balanced priorities,p10,303.687
Balanced priorities,p11,263.485
Balanced priorities,p12,512.59
Balanced priorities,p13,266.664
Balanced priorities,p14,375.494
Balanced priorities,p15,435.158
Balanced priorities,p16,309.839
Balanced priorities,p17,389.671
Balanced priorities,p18,535.53
Balanced priorities,p19,419.441
Balanced priorities,p0,88.2569
Balanced priorities,p1,160.983
Balanced priorities,p2,166.064
Balanced priorities,p3,171.499
Balanced priorities,p4,268.18
Balanced priorities,p5,269.616
Balanced priorities,p6,228.413
Balanced priorities,p7,270.763
Balanced priorities,p8,255.175
Balanced priorities,p9,261.296
Balanced priorities,p10,247.018
Balanced priorities,p11,363.047
Balanced priorities,p12,298.23
Balanced priorities,p13,286.01
Balanced priorities,p14,216.177
Balanced priorities,p15,202.111
Balanced priorities,p16,261.238
Balanced priorities,p17,265.647
Balanced priorities,p18,425.964
Balanced priorities,p19,424.293
Balanced priorities,p0,77.3772
Balanced priorities,p1,101.203
Balanced priorities,p2,126.715
Balanced priorities,p3,157.631
Balanced priorities,p4,80.9815
Balanced priorities,p5,161.608
Balanced priorities,p6,146.219
Balanced priorities,p7,179.634
Balanced priorities,p8,250.717
Balanced priorities,p9,184.461
Balanced priorities,p10,242.755
Balanced priorities,p11,228.548
Balanced priorities,p12,285.637
Balanced priorities,p13,376.607
Balanced priorities,p14,222.108
Balanced priorities,p15,126.692
Balanced priorities,p16,281.952
Balanced priorities,p17,456.491
Balanced priorities,p18,241.085
Balanced priorities,p19,203.877
Balanced priorities,p0,22.3877
Balanced priorities,p1,144.352
Balanced priorities,p2,141.053
Balanced priorities,p3,212.411
Balanced priorities,p4,193.141
Balanced priorities,p5,294.038
Balanced priorities,p6,202.849
Balanced priorities,p7,283.505
Balanced priorities,p8,271.348
Balanced priorities,p9,312.922
Balanced priorities,p10,315.917
Balanced priorities,p11,200.497
Balanced priorities,p12,402.58
Balanced priorities,p13,345.796
Balanced priorities,p14,315.224
Balanced priorities,p15,348.561
Balanced priorities,p16,52.919
Balanced priorities,p17,227.266
Balanced priorities,p18,326.258
Balanced priorities,p19,386.793
Balanced priorities,p0,123.931
Balanced priorities,p1,213.608
Balanced priorities,p2,66.8098
Balanced priorities,p3,197.397
Balanced priorities,p4,204.017
Balanced priorities,p5,273.923
Balanced priorities,p6,243.86
Balanced priorities,p7,206.11
Balanced priorities,p8,219.788
Balanced priorities,p9,373.68
Balanced priorities,p10,390.026
Balanced priorities,p11,361.875
Balanced priorities,p12,380.698
Balanced priorities,p13,315.211
Balanced priorities,p14,230.927
Balanced priorities,p15,481.213
Balanced priorities,p16,386.753
Balanced priorities,p17,504.232
Balanced priorities,p18,337.77
Balanced priorities,p19,359.951
Balanced priorities,p0,93.9553
Balanced priorities,p1,134.728
Balanced priorities,p2,123.842
Balanced priorities,p3,151.649
Balanced priorities,p4,149.798
Balanced priorities,p5,174.294
Balanced priorities,p6,211.023
Balanced priorities,p7,115.696
Balanced priorities,p8,301.12
Balanced priorities,p9,238.457
Balanced priorities,p10,205.291
Balanced priorities,p11,270.324
Balanced priorities,p12,271.961
Balanced priorities,p13,247.904
Balanced priorities,p14,263.357
Balanced priorities,p15,435.64
Balanced priorities,p16,265.452
Balanced priorities,p17,169.606
Balanced priorities,p18,353.553
Balanced priorities,p19,436.012
Balanced priorities,p0,213.796
Balanced priorities,p1,241.97
Balanced priorities,p2,223.582
Balanced priorities,p3,249.389
Balanced priorities,p4,288.293
Balanced priorities,p5,125.258
Balanced priorities,p6,295.446
Balanced priorities,p7,253.663
Balanced priorities,p8,211.017
Balanced priorities,p9,236.18
Balanced priorities,p10,420.071
Balanced priorities,p11,156.07
Balanced priorities,p12,362.706
Balanced priorities,p13,225.65
Balanced priorities,p14,211.917
Balanced priorities,p15,254.335
Balanced priorities,p16,427.643
Balanced priorities,p17,579.36
Balanced priorities,p18,266.146
Balanced priorities,p19,419.759
Balanced priorities,p0,7.67394
Balanced priorities,p1,97.8624
Balanced priorities,p2,41.2952
Balanced priorities,p3,210.42
Balanced priorities,p4,142.629
Balanced priorities,p5,228.091
Balanced priorities,p6,262.95
Balanced priorities,p7,244.165
Balanced priorities,p8,234.353
Balanced priorities,p9,126.98
Balanced priorities,p10,179.033
Balanced priorities,p11,193.202
Balanced priorities,p12,437.777
Balanced priorities,p13,276.607
Balanced priorities,p14,397.987
Balanced priorities,p15,233.379
Balanced priorities,p16,505.056
Balanced priorities,p17,491.74
Balanced priorities,p18,760.915
Balanced priorities,p19,400.291
Balanced priorities,p0,212.904
Balanced priorities,p1,91.7652
Balanced priorities,p2,126.026
Balanced priorities,p3,179.671
Balanced priorities,p4,206.739
Balanced priorities,p5,219.469
Balanced priorities,p6,262.683
Balanced priorities,p7,319.051
Balanced priorities,p8,303.85
Balanced priorities,p9,236.32
Balanced priorities,p10,289.503
Balanced priorities,p11,310.326
Balanced priorities,p12,295.832
Balanced priorities,p13,272.715
Balanced priorities,p14,123.213
Balanced priorities,p15,387.509
Balanced priorities,p16,334.652
Balanced priorities,p17,354.487
Balanced priorities,p18,236.802
Balanced priorities,p19,385.697
Balanced priorities,p0,174.546
Balanced priorities,p1,91.7149
Balanced priorities,p2,205.935
Balanced priorities,p3,174.26
Balanced priorities,p4,163.519
Balanced priorities,p5,221.316
Balanced priorities,p6,186.795
Balanced priorities,p7,285.094
Balanced priorities,p8,228.097
Balanced priorities,p9,310.907
Balanced priorities,p10,252.012
Balanced priorities,p11,292.207
Balanced priorities,p12,252.785
Balanced priorities,p13,223.523
Balanced priorities,p14,251.138
Balanced priorities,p15,439.627
Balanced priorities,p16,337.142
Balanced priorities,p17,356.502
Balanced priorities,p18,408.064
Balanced priorities,p19,279.421
Balanced priorities,p0,234.225
Balanced priorities,p1,198.684
Balanced priorities,p2,82.777
Balanced priorities,p3,153.509
Balanced priorities,p4,144.982
Balanced priorities,p5,244.878
Balanced priorities,p6,217.18
Balanced priorities,p7,215.319
Balanced priorities,p8,169.848
Balanced priorities,p9,135.089
Balanced priorities,p10,339.668
Balanced priorities,p11,258.031
Balanced priorities,p12,213.68
Balanced priorities,p13,310.373
Balanced priorities,p14,322.247
Balanced priorities,p15,202.333
Balanced priorities,p16,276.065
Balanced priorities,p17,353.304
Balanced priorities,p18,367.434
Balanced priorities,p19,358.478
Balanced priorities,p0,200.907
Balanced priorities,p1,172.266
Balanced priorities,p2,119.514
Balanced priorities,p3,99.3691
Balanced priorities,p4,193.656
Balanced priorities,p5,226.39
Balanced priorities,p6,292.284
Balanced priorities,p7,174.589
Balanced priorities,p8,136.361
Balanced priorities,p9,191.381
Balanced priorities,p10,310.197
Balanced priorities,p11,354.283
Balanced priorities,p12,189.765
Balanced priorities,p13,361.216
Balanced priorities,p14,347.344
Balanced priorities,p15,417.166
Balanced priorities,p16,436.403
Balanced priorities,p17,405.039
Balanced priorities,p18,280.859
Balanced priorities,p19,503.34
Balanced priorities,p0,168.671
Balanced priorities,p1,194.516
Balanced priorities,p2,193.335
Balanced priorities,p3,157.974
Balanced priorities,p4,245.298
Balanced priorities,p5,153.806
Balanced priorities,p6,300.816
Balanced priorities,p7,202.615
Balanced priorities,p8,189.993
Balanced priorities,p9,368.438
Balanced priorities,p10,299.356
Balanced priorities,p11,397.934
Balanced priorities,p12,214.44
Balanced priorities,p13,391.388
Balanced priorities,p14,267.163
Balanced priorities,p15,218.668
Balanced priorities,p16,408.949
Balanced priorities,p17,405.698
Balanced priorities,p18,425.256
Balanced priorities,p19,421.957
Balanced priorities,p0,205.388
Balanced priorities,p1,237.401
Balanced priorities,p2,223.936
Balanced priorities,p3,195.029
Balanced priorities,p4,192.689
Balanced priorities,p5,281.868
Balanced priorities,p6,259.545
Balanced priorities,p7,184.554
Balanced priorities,p8,271.941
Balanced priorities,p9,439.045
Balanced priorities,p10,340.853
Balanced priorities,p11,373.611
Balanced priorities,p12,226.193
Balanced priorities,p13,312.851
Balanced priorities,p14,77.826
Balanced priorities,p15,259.14
Balanced priorities,p16,260.14
Balanced priorities,p17,320.188
Balanced priorities,p18,287.605
Balanced priorities,p19,385.268
Balanced priorities,p0,29.5711
Balanced priorities,p1,144.501
Balanced priorities,p2,208.855
Balanced priorities,p3,227.422
Balanced priorities,p4,155.548
Balanced priorities,p5,269.043
Balanced priorities,p6,234.393
Balanced priorities,p7,273.089
Balanced priorities,p8,312.527
Balanced priorities,p9,209.255
Balanced priorities,p10,307.6
Balanced priorities,p11,270.305
Balanced priorities,p12,273.964
Balanced priorities,p13,381.354
Balanced priorities,p14,444.487
Balanced priorities,p15,221.916
Balanced priorities,p16,360.276
Balanced priorities,p17,227.19
Balanced priorities,p18,462.466
Balanced priorities,p19,405.025
Balanced priorities,p0,6.71078
Balanced priorities,p1,76.1322
Balanced priorities,p2,132.156
Balanced priorities,p3,58.6925
Balanced priorities,p4,212.994
Balanced priorities,p5,190.625
Balanced priorities,p6,186.797
Balanced priorities,p7,192.472
Balanced priorities,p8,150.062
Balanced priorities,p9,187.043
Balanced priorities,p10,225.978
Balanced priorities,p11,210.58
Balanced priorities,p12,334.892
Balanced priorities,p13,108.661
Balanced priorities,p14,172.339
Balanced priorities,p15,365.537
Balanced priorities,p16,497.247
Balanced priorities,p17,247.411
Balanced priorities,p18,375.661
Balanced priorities,p19,399.034
Balanced priorities,p0,5.86114
Balanced priorities,p1,3.36002
Balanced priorities,p2,235.007
Balanced priorities,p3,190.067
Balanced priorities,p4,79.0695
Balanced priorities,p5,255.356
Balanced priorities,p6,293.282
Balanced priorities,p7,136.72
Balanced priorities,p8,247.573
Balanced priorities,p9,247.579
Balanced priorities,p10,427.141
Balanced priorities,p11,408.099
Balanced priorities,p12,401.788
Balanced priorities,p13,423.773
Balanced priorities,p14,61.0065
Balanced priorities,p15,363.184
Balanced priorities,p16,26.1033
Balanced priorities,p17,124.569
Balanced priorities,p18,416.935
Balanced priorities,p19,506.74
Balanced priorities,p0,252.896
Balanced priorities,p1,230.091
Balanced priorities,p2,254.609
Balanced priorities,p3,299.802
Balanced priorities,p4,179.942
Balanced priorities,p5,248.465
Balanced priorities,p6,288.519
Balanced priorities,p7,197.365
Balanced priorities,p8,213.213
Balanced priorities,p9,321.974
Balanced priorities,p10,354.204
Balanced priorities,p11,217.421
Balanced priorities,p12,360.304
Balanced priorities,p13,248.542
Balanced priorities,p14,362.165
Balanced priorities,p15,327.968
Balanced priorities,p16,422.723
Balanced priorities,p17,327.04
Balanced priorities,p18,388.455
Balanced priorities,p19,380.293
Balanced priorities,p0,62.9532
Balanced priorities,p1,129.575
Balanced priorities,p2,211.854
Balanced priorities,p3,255.636
Balanced priorities,p4,298.893
Balanced priorities,p5,243.444
Balanced priorities,p6,187.598
Balanced priorities,p7,207.238
Balanced priorities,p8,297.077
Balanced priorities,p9,313.952
Balanced priorities,p10,312.748
Balanced priorities,p11,232.964
Balanced priorities,p12,449.391
Balanced priorities,p13,273.291
Balanced priorities,p14,394.245
Balanced priorities,p15,221.09
Balanced priorities,p16,267.552
Balanced priorities,p17,238.675
Balanced priorities,p18,275.251
Balanced priorities,p19,507.269
Balanced priorities,p0,34.2486
Balanced priorities,p1,134.741
Balanced priorities,p2,129.722
Balanced priorities,p3,173.446
Balanced priorities,p4,176.644
Balanced priorities,p5,171.801
Balanced priorities,p6,264.931
Balanced priorities,p7,305.189
Balanced priorities,p8,327.376
Balanced priorities,p9,297.207
Balanced priorities,p10,233.913
Balanced priorities,p11,203.116
Balanced priorities,p12,315.127
Balanced priorities,p13,209.255
Balanced priorities,p14,273.819
Balanced priorities,p15,284.74
Balanced priorities,p16,303.303
Balanced priorities,p17,407.638
Balanced priorities,p18,297.826
Balanced priorities,p19,543.226
Balanced priorities,p0,101.214
Balanced priorities,p1,145.473
Balanced priorities,p2,226.074
Balanced priorities,p3,147.144
Balanced priorities,p4,212.036
Balanced priorities,p5,247.359
Balanced priorities,p6,274.18
Balanced priorities,p7,207.435
Balanced priorities,p8,184.449
Balanced priorities,p9,251.342
Balanced priorities,p10,277.323
Balanced priorities,p11,249.744
Balanced priorities,p12,275.43
Balanced priorities,p13,432.752
Balanced priorities,p14,334.284
Balanced priorities,p15,39.9589
Balanced priorities,p16,324.759
Balanced priorities,p17,251.325
Balanced priorities,p18,270.643
Balanced priorities,p19,224.146
Balanced priorities,p0,75.4724
Balanced priorities,p1,236.099
Balanced priorities,p2,235.509
Balanced priorities,p3,99.9319
Balanced priorities,p4,304.467
Balanced priorities,p5,294.988
Balanced priorities,p6,157.843
Balanced priorities,p7,311.889
Balanced priorities,p8,184.823
Balanced priorities,p9,281.646
Balanced priorities,p10,260.963
Balanced priorities,p11,399.406
Balanced priorities,p12,469.939
Balanced priorities,p13,246.312
Balanced priorities,p14,368.751
Balanced priorities,p15,367.264
Balanced priorities,p16,386.776
Balanced priorities,p17,431.056
Balanced priorities,p18,283.963
Balanced priorities,p19,326.31
Balanced priorities,p0,139.548
Balanced priorities,p1,259.286
Balanced priorities,p2,206.13
Balanced priorities,p3,177.632
Balanced priorities,p4,208.094
Balanced priorities,p5,189.888
Balanced priorities,p6,312.588
Balanced priorities,p7,322.834
Balanced priorities,p8,296.31
Balanced priorities,p9,243.025
Balanced priorities,p10,222.83
Balanced priorities,p11,517.759
Balanced priorities,p12,458.666
Balanced priorities,p13,461.867
Balanced priorities,p14,269.026
Balanced priorities,p15,340.125
Balanced priorities,p16,400.221
Balanced priorities,p17,461.873
Balanced priorities,p18,417.805
Balanced priorities,p19,416.672
Balanced priorities,p0,72.8898
Balanced priorities,p1,163.07
Balanced priorities,p2,156.952
Balanced priorities,p3,266.117
Balanced priorities,p4,124.867
Balanced priorities,p5,191.72
Balanced priorities,p6,208.594
Balanced priorities,p7,230.364
Balanced priorities,p8,146.994
Balanced priorities,p9,261.539
Balanced priorities,p10,271.262
Balanced priorities,p11,286.763
Balanced priorities,p12,160.56
Balanced priorities,p13,326.363
Balanced priorities,p14,213.784
Balanced priorities,p15,222.909
Balanced priorities,p16,229.602
Balanced priorities,p17,266.361
Balanced priorities,p18,327.284
Balanced priorities,p19,262.416
Balanced priorities,p0,1.07043
Balanced priorities,p1,138.964
Balanced priorities,p2,197.222
Balanced priorities,p3,112.361
Balanced priorities,p4,98.3168
Balanced priorities,p5,83.8948
Balanced priorities,p6,205.407
Balanced priorities,p7,178.272
Balanced priorities,p8,155.743
Balanced priorities,p9,293.74
Balanced priorities,p10,209.276
Balanced priorities,p11,217.068
Balanced priorities,p12,197.298
Balanced priorities,p13,83.6332
Balanced priorities,p14,301.699
Balanced priorities,p15,287.42
Balanced priorities,p16,351.504
Balanced priorities,p17,194.335
Balanced priorities,p18,567.716
Balanced priorities,p19,378.218
Balanced priorities,p0,196.631
Balanced priorities,p1,139.172
Balanced priorities,p2,169.367
Balanced priorities,p3,187.15
Balanced priorities,p4,318.066
Balanced priorities,p5,186.958
Balanced priorities,p6,221.412
Balanced priorities,p7,323.262
Balanced priorities,p8,317
Balanced priorities,p9,242.28
Balanced priorities,p10,333.563
Balanced priorities,p11,205.51
Balanced priorities,p12,217.571
Balanced priorities,p13,213.45
Balanced priorities,p14,188.108
Balanced priorities,p15,366.169
Balanced priorities,p16,299.135
Balanced priorities,p17,293.216
Balanced priorities,p18,303.028
Balanced priorities,p19,130.391
Balanced priorities,p0,183.656
Balanced priorities,p1,102.084
Balanced priorities,p2,176.944
Balanced priorities,p3,99.8407
Balanced priorities,p4,201.215
Balanced priorities,p5,171.294
Balanced priorities,p6,250.682
Balanced priorities,p7,147.951
Balanced priorities,p8,210.923
Balanced priorities,p9,118.834
Balanced priorities,p10,217.761
Balanced priorities,p11,315.236
Balanced priorities,p12,276.037
Balanced priorities,p13,290.392
Balanced priorities,p14,246.253
Balanced priorities,p15,361.099
Balanced priorities,p16,147.398
Balanced priorities,p17,353.844
Balanced priorities,p18,306.276
Balanced priorities,p19,149.84
Balanced priorities,p0,56.5963
Balanced priorities,p1,130.399
Balanced priorities,p2,273.766
Balanced priorities,p3,233.21
Balanced priorities,p4,166.563
Balanced priorities,p5,313.869
Balanced priorities,p6,302.507
Balanced priorities,p7,282.341
Balanced priorities,p8,341.496
Balanced priorities,p9,353.222
Balanced priorities,p10,382.312
Balanced priorities,p11,451
Balanced priorities,p12,221.695
Balanced priorities,p13,316.622
Balanced priorities,p14,259.464
Balanced priorities,p15,263.088
Balanced priorities,p16,270.469
Balanced priorities,p17,421.887
Balanced priorities,p18,406.572
Balanced priorities,p19,400.475
Balanced priorities,p0,12.9264
Balanced priorities,p1,100.206
Balanced priorities,p2,91.6709
Balanced priorities,p3,120.829
Balanced priorities,p4,125.511
Balanced priorities,p5,146.56
Balanced priorities,p6,101.805
Balanced priorities,p7,187.92
Balanced priorities,p8,223.379
Balanced priorities,p9,68.0241
Balanced priorities,p10,184.604
Balanced priorities,p11,223.21
Balanced priorities,p12,265.807
Balanced priorities,p13,200.436
Balanced priorities,p14,185.723
Balanced priorities,p15,183.245
Balanced priorities,p16,339.375
Balanced priorities,p17,211.453
Balanced priorities,p18,115.787
Balanced priorities,p19,272.744
Balanced priorities,p0,35.8101
Balanced priorities,p1,162.253
Balanced priorities,p2,90.9786
Balanced priorities,p3,208.09
Balanced priorities,p4,155.533
Balanced priorities,p5,196.017
Balanced priorities,p6,284.495
Balanced priorities,p7,240.339
Balanced priorities,p8,291.876
Balanced priorities,p9,309.767
Balanced priorities,p10,101.25
Balanced priorities,p11,287.177
Balanced priorities,p12,309.998
Balanced priorities,p13,293.271
Balanced priorities,p14,352.37
Balanced priorities,p15,403.461
Balanced priorities,p16,313.845
Balanced priorities,p17,148.309
Balanced priorities,p18,237.34
Balanced priorities,p19,311.4
Balanced priorities,p0,75.286
Balanced priorities,p1,217.27
Balanced priorities,p2,224.544
Balanced priorities,p3,164.553
Balanced priorities,p4,286.287
Balanced priorities,p5,250.224
Balanced priorities,p6,314.421
Balanced priorities,p7,385.463
Balanced priorities,p8,339.19
Balanced priorities,p9,330.231
Balanced priorities,p10,357.515
Balanced priorities,p11,407.197
Balanced priorities,p12,317.966
Balanced priorities,p13,385.515
Balanced priorities,p14,369.846
Balanced priorities,p15,453.396
Balanced priorities,p16,275.868
Balanced priorities,p17,271.433
Balanced priorities,p18,475.924
Balanced priorities,p19,357.785
Balanced priorities,p0,33.8552
Balanced priorities,p1,141.606
Balanced priorities,p2,215.818
Balanced priorities,p3,103.926
Balanced priorities,p4,164.585
Balanced priorities,p5,209.037
Balanced priorities,p6,168.162
Balanced priorities,p7,352.652
Balanced priorities,p8,273.174
Balanced priorities,p9,313.071
Balanced priorities,p10,304.028
Balanced priorities,p11,282.774
Balanced priorities,p12,197.978
Balanced priorities,p13,278.845
Balanced priorities,p14,115.757
Balanced priorities,p15,428.722
Balanced priorities,p16,213.539
Balanced priorities,p17,311.835
Balanced priorities,p18,254.51
Balanced priorities,p19,388.214
Balanced priorities,p0,222.064
Balanced priorities,p1,134.057
Balanced priorities,p2,115.698
Balanced priorities,p3,225.517
Balanced priorities,p4,157.884
Balanced priorities,p5,336.549
Balanced priorities,p6,328.71
Balanced priorities,p7,342.517
Balanced priorities,p8,77.9666
Balanced priorities,p9,374.006
Balanced priorities,p10,365.438
Balanced priorities,p11,373.501
Balanced priorities,p12,238.014
Balanced priorities,p13,333.121
Balanced priorities,p14,572.581
Balanced priorities,p15,356.038
Balanced priorities,p16,444.462
Balanced priorities,p17,641.255
Balanced priorities,p18,244.752
Balanced priorities,p19,458.775
Balanced priorities,p0,54.6635
Balanced priorities,p1,108.125
Balanced priorities,p2,178.102
Balanced priorities,p3,124.6
Balanced priorities,p4,22.7814
Balanced priorities,p5,246.857
Balanced priorities,p6,164.691
Balanced priorities,p7,171.797
Balanced priorities,p8,178.301
Balanced priorities,p9,156.613
Balanced priorities,p10,216.53
Balanced priorities,p11,306.318
Balanced priorities,p12,204.532
Balanced priorities,p13,244.62
Balanced priorities,p14,269.71
Balanced priorities,p15,94.4564
Balanced priorities,p16,534.72
Balanced priorities,p17,373.954
Balanced priorities,p18,254.101
Balanced priorities,p19,392.085
Balanced priorities,p0,19.4344
Balanced priorities,p1,111.174
Balanced priorities,p2,219.002
Balanced priorities,p3,207.079
Balanced priorities,p4,172.819
Balanced priorities,p5,246.267
Balanced priorities,p6,319.364
Balanced priorities,p7,359.584
Balanced priorities,p8,329.582
Balanced priorities,p9,331.472
Balanced priorities,p10,303.693
Balanced priorities,p11,254.471
Balanced priorities,p12,365.663
Balanced priorities,p13,266.689
Balanced priorities,p14,413.894
Balanced priorities,p15,415.181
Balanced priorities,p16,616.303
Balanced priorities,p17,333.911
Balanced priorities,p18,407.895
Balanced priorities,p19,361.304
Balanced priorities,p0,76.3584
Balanced priorities,p1,149.989
Balanced priorities,p2,225.33
Balanced priorities,p3,164.492
Balanced priorities,p4,135.932
Balanced priorities,p5,139.969
Balanced priorities,p6,302.656
Balanced priorities,p7,171.783
Balanced priorities,p8,28.1005
Balanced priorities,p9,370.281
Balanced priorities,p10,338.268
Balanced priorities,p11,265.44
Balanced priorities,p12,287.067
Balanced priorities,p13,317.927
Balanced priorities,p14,432.035
Balanced priorities,p15,263.49
Balanced priorities,p16,324.433
Balanced priorities,p17,220.257
Balanced priorities,p18,191.019
Balanced priorities,p19,495.622
Balanced priorities,p0,0.134968
Balanced priorities,p1,189.737
Balanced priorities,p2,101.372
Balanced priorities,p3,160.666
Balanced priorities,p4,172.456
Balanced priorities,p5,205.284
Balanced priorities,p6,229.567
Balanced priorities,p7,243.236
Balanced priorities,p8,268.733
Balanced priorities,p9,307.69
Balanced priorities,p10,162.902
Balanced priorities,p11,450.314
Balanced priorities,p12,284.352
Balanced priorities,p13,178.098
Balanced priorities,p14,137.696
Balanced priorities,p15,244.54
Balanced priorities,p16,351.234
Balanced priorities,p17,233.618
Balanced priorities,p18,682.624
Balanced priorities,p19,203.526
Balanced priorities,p0,76.7372
Balanced priorities,p1,180.259
Balanced priorities,p2,199.268
Balanced priorities,p3,161.328
Balanced priorities,p4,141.234
Balanced priorities,p5,145.676
Balanced priorities,p6,225.045
Balanced priorities,p7,291.001
Balanced priorities,p8,235.073
Balanced priorities,p9,327.39
Balanced priorities,p10,348.482
Balanced priorities,p11,325.678
Balanced priorities,p12,395.196
Balanced priorities,p13,376.278
Balanced priorities,p14,351.683
Balanced priorities,p15,274.613
Balanced priorities,p16,321.098
Balanced priorities,p17,369.777
Balanced priorities,p18,652.443
Balanced priorities,p19,420.165
Balanced priorities,p0,99.0487
Balanced priorities,p1,0.117347
Balanced priorities,p2,97.8615
Balanced priorities,p3,215.237
Balanced priorities,p4,164.816
Balanced priorities,p5,133.679
Balanced priorities,p6,211.373
Balanced priorities,p7,306.296
Balanced priorities,p8,310.171
Balanced priorities,p9,286.806
Balanced priorities,p10,399.217
Balanced priorities,p11,141.372
Balanced priorities,p12,177.482
Balanced priorities,p13,465.252
Balanced priorities,p14,259.182
Balanced priorities,p15,212.782
Balanced priorities,p16,175.204
Balanced priorities,p17,274.389
Balanced priorities,p18,369.679
Balanced priorities,p19,643.656
Balanced priorities,p0,124.815
Balanced priorities,p1,116.084
Balanced priorities,p2,241.792
Balanced priorities,p3,157.538
Balanced priorities,p4,283.804
Balanced priorities,p5,214.173
Balanced priorities,p6,226.209
Balanced priorities,p7,212.625
Balanced priorities,p8,190.242
Balanced priorities,p9,227.112
Balanced priorities,p10,282.499
Balanced priorities,p11,352.509
Balanced priorities,p12,361.588
Balanced priorities,p13,332.874
Balanced priorities,p14,421.963
Balanced priorities,p15,347.022
Balanced priorities,p16,275.76
Balanced priorities,p17,292.749
Balanced priorities,p18,418.547
Balanced priorities,p19,268.223
Balanced priorities,p0,107.875
Balanced priorities,p1,107.982
Balanced priorities,p2,124.476
Balanced priorities,p3,266.593
Balanced priorities,p4,260.083
Balanced priorities,p5,169.531
Balanced priorities,p6,278.09
Balanced priorities,p7,264.811
Balanced priorities,p8,337.148
Balanced priorities,p9,356.07
Balanced priorities,p10,330.094
Balanced priorities,p11,363.789
Balanced priorities,p12,396.679
Balanced priorities,p13,344.113
Balanced priorities,p14,258.277
Balanced priorities,p15,433.742
Balanced priorities,p16,292.975
Balanced priorities,p17,282.056
Balanced priorities,p18,383.647
Balanced priorities,p19,409.326
Balanced priorities,p0,60.271
Balanced priorities,p1,194.517
Balanced priorities,p2,225.565
Balanced priorities,p3,159.562
Balanced priorities,p4,134.742
Balanced priorities,p5,285.091
Balanced priorities,p6,258.645
Balanced priorities,p7,302.345
Balanced priorities,p8,312.276
Balanced priorities,p9,328.274
Balanced priorities,p10,199.453
Balanced priorities,p11,242.409
Balanced priorities,p12,92.2429
Balanced priorities,p13,162.261
Balanced priorities,p14,400.353
Balanced priorities,p15,372.395
Balanced priorities,p16,487.269
Balanced priorities,p17,255.949
Balanced priorities,p18,502.121
Balanced priorities,p19,214.849
Balanced priorities,p0,9.3319
Balanced priorities,p1,127.826
Balanced priorities,p2,244.664
Balanced priorities,p3,116.391
Balanced priorities,p4,197.857
Balanced priorities,p5,310.286
Balanced priorities,p6,316.587
Balanced priorities,p7,303.822
Balanced priorities,p8,372.47
Balanced priorities,p9,441.005
Balanced priorities,p10,229.483
Balanced priorities,p11,248.72
Balanced priorities,p12,421.67
Balanced priorities,p13,255.974
Balanced priorities,p14,428.704
Balanced priorities,p15,403.002
Balanced priorities,p16,280.178
Balanced priorities,p17,321.008
Balanced priorities,p18,462.267
Balanced priorities,p19,433.167
