Government,Players,InitPops,hcabs,taxpay,AvePop,GiniIndex,GovWealth,TotalWealth,Keep,Take,Give,percTaxes,GKeep,GTake,GGive
None,hcabs_20,step_20,hcabs_snone,taxpay_snone,306.171,0.344894,NaN,6123.42,0.190458,0.049125,0.760417,-1,NaN,NaN,NaN
None,hcabs_20,step_20,hcabs_snone,taxpay_snone,388.564,0.319284,NaN,7771.27,0.131625,0.0370833,0.831292,-1,NaN,NaN,NaN
None,hcabs_20,step_20,hcabs_snone,taxpay_snone,344.879,0.366831,NaN,6897.57,0.223625,0.0272917,0.749083,-1,NaN,NaN,NaN
None,hcabs_20,step_20,hcabs_snone,taxpay_snone,308.793,0.363438,NaN,6175.87,0.170417,0.0574167,0.772167,-1,NaN,NaN,NaN
None,hcabs_20,step_20,hcabs_snone,taxpay_snone,257.019,0.465016,NaN,5140.38,0.197458,0.0806667,0.721875,-1,NaN,NaN,NaN
None,hcabs_20,step_20,hcabs_snone,taxpay_snone,461.738,0.380036,NaN,9234.76,0.164458,0.0120417,0.8235,-1,NaN,NaN,NaN
None,hcabs_20,step_20,hcabs_snone,taxpay_snone,395.874,0.366564,NaN,7917.49,0.103875,0.041,0.855125,-1,NaN,NaN,NaN
None,hcabs_20,step_20,hcabs_snone,taxpay_snone,340.53,0.296194,NaN,6810.6,0.131542,0.0365417,0.831917,-1,NaN,NaN,NaN
None,hcabs_20,step_20,hcabs_snone,taxpay_snone,425.83,0.406168,NaN,8516.61,0.140375,0.0227083,0.836917,-1,NaN,NaN,NaN
None,hcabs_20,step_20,hcabs_snone,taxpay_snone,394.916,0.393406,NaN,7898.33,0.164667,0.0307917,0.804542,-1,NaN,NaN,NaN
None,hcabs_20,step_20,hcabs_snone,taxpay_snone,389.362,0.352468,NaN,7787.23,0.183625,0.0188333,0.797542,-1,NaN,NaN,NaN
None,hcabs_20,step_20,hcabs_snone,taxpay_snone,348.863,0.374351,NaN,6977.25,0.115625,0.0462083,0.838167,-1,NaN,NaN,NaN
None,hcabs_20,step_20,hcabs_snone,taxpay_snone,375.838,0.33477,NaN,7516.76,0.152625,0.027375,0.82,-1,NaN,NaN,NaN
None,hcabs_20,step_20,hcabs_snone,taxpay_snone,324.59,0.38403,NaN,6491.8,0.157208,0.0539583,0.788833,-1,NaN,NaN,NaN
None,hcabs_20,step_20,hcabs_snone,taxpay_snone,391.782,0.322145,NaN,7835.64,0.164208,0.00358333,0.832208,-1,NaN,NaN,NaN
None,hcabs_20,step_20,hcabs_snone,taxpay_snone,242.787,0.409163,NaN,4855.74,0.201583,0.0852083,0.713208,-1,NaN,NaN,NaN
None,hcabs_20,step_20,hcabs_snone,taxpay_snone,308.602,0.407949,NaN,6172.03,0.187042,0.0644583,0.7485,-1,NaN,NaN,NaN
None,hcabs_20,step_20,hcabs_snone,taxpay_snone,390.54,0.301041,NaN,7810.79,0.175,0.013125,0.811875,-1,NaN,NaN,NaN
None,hcabs_20,step_20,hcabs_snone,taxpay_snone,258.941,0.383007,NaN,5178.81,0.169833,0.0859583,0.744208,-1,NaN,NaN,NaN
None,hcabs_20,step_20,hcabs_snone,taxpay_snone,394.336,0.367414,NaN,7886.73,0.0985833,0.0337917,0.867625,-1,NaN,NaN,NaN
None,hcabs_20,step_20,hcabs_snone,taxpay_snone,392.384,0.302222,NaN,7847.68,0.134083,0.0169583,0.848958,-1,NaN,NaN,NaN
None,hcabs_20,step_20,hcabs_snone,taxpay_snone,352.082,0.333098,NaN,7041.65,0.158667,0.031125,0.810208,-1,NaN,NaN,NaN
None,hcabs_20,step_20,hcabs_snone,taxpay_snone,364.278,0.324799,NaN,7285.56,0.1565,0.026,0.8175,-1,NaN,NaN,NaN
None,hcabs_20,step_20,hcabs_snone,taxpay_snone,286.2,0.417239,NaN,5724,0.212875,0.0590833,0.728042,-1,NaN,NaN,NaN
None,hcabs_20,step_20,hcabs_snone,taxpay_snone,400.699,0.298762,NaN,8013.98,0.155208,0.0192917,0.8255,-1,NaN,NaN,NaN
None,hcabs_20,step_20,hcabs_snone,taxpay_snone,405.497,0.356711,NaN,8109.93,0.115875,0.0257917,0.858333,-1,NaN,NaN,NaN
None,hcabs_20,step_20,hcabs_snone,taxpay_snone,442.24,0.310848,NaN,8844.79,0.148417,0.00304167,0.848542,-1,NaN,NaN,NaN
None,hcabs_20,step_20,hcabs_snone,taxpay_snone,396.682,0.31189,NaN,7933.65,0.145917,0.0154583,0.838625,-1,NaN,NaN,NaN
None,hcabs_20,step_20,hcabs_snone,taxpay_snone,372.545,0.384424,NaN,7450.9,0.11275,0.0493333,0.837917,-1,NaN,NaN,NaN
None,hcabs_20,step_20,hcabs_snone,taxpay_snone,425.522,0.304835,NaN,8510.44,0.140875,0.00470833,0.854417,-1,NaN,NaN,NaN
None,hcabs_20,step_20,hcabs_snone,taxpay_snone,278.586,0.397697,NaN,5571.72,0.153917,0.0665833,0.7795,-1,NaN,NaN,NaN
None,hcabs_20,step_20,hcabs_snone,taxpay_snone,410.799,0.343365,NaN,8215.98,0.1105,0.0279167,0.861583,-1,NaN,NaN,NaN
None,hcabs_20,step_20,hcabs_snone,taxpay_snone,377.999,0.376266,NaN,7559.98,0.194042,0.0240417,0.781917,-1,NaN,NaN,NaN
None,hcabs_20,step_20,hcabs_snone,taxpay_snone,368.899,0.49125,NaN,7377.99,0.172958,0.015,0.812042,-1,NaN,NaN,NaN
None,hcabs_20,step_20,hcabs_snone,taxpay_snone,380.063,0.356451,NaN,7601.27,0.164208,0.027,0.808792,-1,NaN,NaN,NaN
None,hcabs_20,step_20,hcabs_snone,taxpay_snone,286.405,0.31733,NaN,5728.1,0.197833,0.056625,0.745542,-1,NaN,NaN,NaN
None,hcabs_20,step_20,hcabs_snone,taxpay_snone,339.058,0.323057,NaN,6781.16,0.149333,0.0384583,0.812208,-1,NaN,NaN,NaN
None,hcabs_20,step_20,hcabs_snone,taxpay_snone,353.591,0.453413,NaN,7071.81,0.100125,0.0545417,0.845333,-1,NaN,NaN,NaN
None,hcabs_20,step_20,hcabs_snone,taxpay_snone,346.684,0.360856,NaN,6933.69,0.152708,0.040625,0.806667,-1,NaN,NaN,NaN
None,hcabs_20,step_20,hcabs_snone,taxpay_snone,428.38,0.331318,NaN,8567.61,0.141583,0.012,0.846417,-1,NaN,NaN,NaN
None,hcabs_20,step_20,hcabs_snone,taxpay_snone,327.436,0.344592,NaN,6548.72,0.238708,0.0167083,0.744583,-1,NaN,NaN,NaN
None,hcabs_20,step_20,hcabs_snone,taxpay_snone,362.279,0.30469,NaN,7245.58,0.225292,0.00620833,0.7685,-1,NaN,NaN,NaN
None,hcabs_20,step_20,hcabs_snone,taxpay_snone,418.826,0.327137,NaN,8376.53,0.135292,0.0155417,0.849167,-1,NaN,NaN,NaN
None,hcabs_20,step_20,hcabs_snone,taxpay_snone,394.035,0.395488,NaN,7880.71,0.20575,0.0106667,0.783583,-1,NaN,NaN,NaN
None,hcabs_20,step_20,hcabs_snone,taxpay_snone,364.837,0.396931,NaN,7296.74,0.149208,0.054,0.796792,-1,NaN,NaN,NaN
None,hcabs_20,step_20,hcabs_snone,taxpay_snone,413.039,0.399938,NaN,8260.78,0.107667,0.0165833,0.87575,-1,NaN,NaN,NaN
None,hcabs_20,step_20,hcabs_snone,taxpay_snone,430.693,0.338818,NaN,8613.86,0.1005,0.0185833,0.880917,-1,NaN,NaN,NaN
None,hcabs_20,step_20,hcabs_snone,taxpay_snone,314.067,0.399207,NaN,6281.34,0.243167,0.0302917,0.726542,-1,NaN,NaN,NaN
None,hcabs_20,step_20,hcabs_snone,taxpay_snone,376.034,0.342441,NaN,7520.68,0.170708,0.0274583,0.801833,-1,NaN,NaN,NaN
None,hcabs_20,step_20,hcabs_snone,taxpay_snone,416.33,0.393203,NaN,8326.59,0.135167,0.0165417,0.848292,-1,NaN,NaN,NaN
None,hcabs_20,step_20,hcabs_snone,taxpay_snone,348.696,0.389276,NaN,6973.92,0.172083,0.0313333,0.796583,-1,NaN,NaN,NaN
None,hcabs_20,step_20,hcabs_snone,taxpay_snone,249.929,0.54357,NaN,4998.59,0.166833,0.0374167,0.79575,-1,NaN,NaN,NaN
None,hcabs_20,step_20,hcabs_snone,taxpay_snone,360.92,0.35319,NaN,7218.41,0.159917,0.0282083,0.811875,-1,NaN,NaN,NaN
None,hcabs_20,step_20,hcabs_snone,taxpay_snone,374.471,0.363562,NaN,7489.41,0.158667,0.0237917,0.817542,-1,NaN,NaN,NaN
None,hcabs_20,step_20,hcabs_snone,taxpay_snone,435.265,0.344051,NaN,8705.3,0.135042,0.0234167,0.841542,-1,NaN,NaN,NaN
None,hcabs_20,step_20,hcabs_snone,taxpay_snone,327.218,0.33753,NaN,6544.35,0.147875,0.0389583,0.813167,-1,NaN,NaN,NaN
None,hcabs_20,step_20,hcabs_snone,taxpay_snone,412.806,0.358788,NaN,8256.12,0.173833,0.0124167,0.81375,-1,NaN,NaN,NaN
None,hcabs_20,step_20,hcabs_snone,taxpay_snone,393.582,0.392194,NaN,7871.65,0.168958,0.00979167,0.82125,-1,NaN,NaN,NaN
None,hcabs_20,step_20,hcabs_snone,taxpay_snone,398.671,0.324426,NaN,7973.43,0.154,0.0344167,0.811583,-1,NaN,NaN,NaN
None,hcabs_20,step_20,hcabs_snone,taxpay_snone,383.688,0.406085,NaN,7673.76,0.196917,0.0258333,0.77725,-1,NaN,NaN,NaN
None,hcabs_20,step_20,hcabs_snone,taxpay_snone,280.053,0.430867,NaN,5601.06,0.213167,0.0685833,0.71825,-1,NaN,NaN,NaN
None,hcabs_20,step_20,hcabs_snone,taxpay_snone,309.16,0.43977,NaN,6183.21,0.188167,0.0426667,0.769167,-1,NaN,NaN,NaN
None,hcabs_20,step_20,hcabs_snone,taxpay_snone,379.338,0.393142,NaN,7586.75,0.156083,0.0317917,0.812125,-1,NaN,NaN,NaN
None,hcabs_20,step_20,hcabs_snone,taxpay_snone,400.298,0.371297,NaN,8005.96,0.133708,0.0350417,0.83125,-1,NaN,NaN,NaN
None,hcabs_20,step_20,hcabs_snone,taxpay_snone,360.839,0.337209,NaN,7216.77,0.183125,0.0257917,0.791083,-1,NaN,NaN,NaN
None,hcabs_20,step_20,hcabs_snone,taxpay_snone,304.134,0.575212,NaN,6082.69,0.231083,0.0632917,0.705625,-1,NaN,NaN,NaN
None,hcabs_20,step_20,hcabs_snone,taxpay_snone,191.363,0.439372,NaN,3827.26,0.200708,0.11725,0.682042,-1,NaN,NaN,NaN
None,hcabs_20,step_20,hcabs_snone,taxpay_snone,260.456,0.462722,NaN,5209.11,0.166583,0.0746667,0.75875,-1,NaN,NaN,NaN
None,hcabs_20,step_20,hcabs_snone,taxpay_snone,313.865,0.39301,NaN,6277.29,0.216917,0.0347917,0.748292,-1,NaN,NaN,NaN
None,hcabs_20,step_20,hcabs_snone,taxpay_snone,341.545,0.378625,NaN,6830.89,0.186625,0.0299583,0.783417,-1,NaN,NaN,NaN
None,hcabs_20,step_20,hcabs_snone,taxpay_snone,301.834,0.402608,NaN,6036.69,0.207167,0.0637917,0.729042,-1,NaN,NaN,NaN
None,hcabs_20,step_20,hcabs_snone,taxpay_snone,352.635,0.342245,NaN,7052.7,0.189,0.0355833,0.775417,-1,NaN,NaN,NaN
None,hcabs_20,step_20,hcabs_snone,taxpay_snone,403.44,0.329111,NaN,8068.79,0.129542,0.0259583,0.8445,-1,NaN,NaN,NaN
None,hcabs_20,step_20,hcabs_snone,taxpay_snone,284.972,0.413396,NaN,5699.44,0.171542,0.06125,0.767208,-1,NaN,NaN,NaN
None,hcabs_20,step_20,hcabs_snone,taxpay_snone,384.837,0.318634,NaN,7696.75,0.13275,0.0360417,0.831208,-1,NaN,NaN,NaN
None,hcabs_20,step_20,hcabs_snone,taxpay_snone,217.639,0.455217,NaN,4352.77,0.285583,0.106167,0.60825,-1,NaN,NaN,NaN
None,hcabs_20,step_20,hcabs_snone,taxpay_snone,385.991,0.352176,NaN,7719.83,0.16025,0.0237917,0.815958,-1,NaN,NaN,NaN
None,hcabs_20,step_20,hcabs_snone,taxpay_snone,404.614,0.374277,NaN,8092.27,0.189542,0.005625,0.804833,-1,NaN,NaN,NaN
None,hcabs_20,step_20,hcabs_snone,taxpay_snone,288.666,0.407303,NaN,5773.33,0.16925,0.0682917,0.762458,-1,NaN,NaN,NaN
None,hcabs_20,step_20,hcabs_snone,taxpay_snone,399.092,0.378045,NaN,7981.83,0.137458,0.0178333,0.844708,-1,NaN,NaN,NaN
None,hcabs_20,step_20,hcabs_snone,taxpay_snone,330.268,0.325813,NaN,6605.37,0.194458,0.0385,0.767042,-1,NaN,NaN,NaN
None,hcabs_20,step_20,hcabs_snone,taxpay_snone,289.229,0.356058,NaN,5784.58,0.200833,0.0385,0.760667,-1,NaN,NaN,NaN
None,hcabs_20,step_20,hcabs_snone,taxpay_snone,296.364,0.466232,NaN,5927.28,0.206542,0.0324167,0.761042,-1,NaN,NaN,NaN
None,hcabs_20,step_20,hcabs_snone,taxpay_snone,355.898,0.43452,NaN,7117.95,0.112,0.0445833,0.843417,-1,NaN,NaN,NaN
None,hcabs_20,step_20,hcabs_snone,taxpay_snone,281.211,0.368599,NaN,5624.22,0.186292,0.046875,0.766833,-1,NaN,NaN,NaN
None,hcabs_20,step_20,hcabs_snone,taxpay_snone,291.72,0.310601,NaN,5834.4,0.189042,0.0584167,0.752542,-1,NaN,NaN,NaN
None,hcabs_20,step_20,hcabs_snone,taxpay_snone,369.264,0.362164,NaN,7385.27,0.103292,0.03175,0.864958,-1,NaN,NaN,NaN
None,hcabs_20,step_20,hcabs_snone,taxpay_snone,386.995,0.299677,NaN,7739.91,0.163208,0.0325417,0.80425,-1,NaN,NaN,NaN
None,hcabs_20,step_20,hcabs_snone,taxpay_snone,368.183,0.396795,NaN,7363.66,0.180958,0.0356667,0.783375,-1,NaN,NaN,NaN
None,hcabs_20,step_20,hcabs_snone,taxpay_snone,398.013,0.335629,NaN,7960.27,0.189958,0.00225,0.807792,-1,NaN,NaN,NaN
None,hcabs_20,step_20,hcabs_snone,taxpay_snone,430.805,0.33036,NaN,8616.09,0.153667,0.00895833,0.837375,-1,NaN,NaN,NaN
None,hcabs_20,step_20,hcabs_snone,taxpay_snone,405.355,0.361245,NaN,8107.11,0.164667,0.0104167,0.824917,-1,NaN,NaN,NaN
None,hcabs_20,step_20,hcabs_snone,taxpay_snone,323.676,0.448558,NaN,6473.53,0.203083,0.0465833,0.750333,-1,NaN,NaN,NaN
None,hcabs_20,step_20,hcabs_snone,taxpay_snone,408.651,0.280085,NaN,8173.03,0.163583,0.00491667,0.8315,-1,NaN,NaN,NaN
None,hcabs_20,step_20,hcabs_snone,taxpay_snone,400.822,0.345357,NaN,8016.45,0.18175,0.000791667,0.817458,-1,NaN,NaN,NaN
None,hcabs_20,step_20,hcabs_snone,taxpay_snone,393.431,0.364229,NaN,7868.63,0.185208,0.0319167,0.782875,-1,NaN,NaN,NaN
None,hcabs_20,step_20,hcabs_snone,taxpay_snone,372.506,0.383119,NaN,7450.13,0.170833,0.0295,0.799667,-1,NaN,NaN,NaN
None,hcabs_20,step_20,hcabs_snone,taxpay_snone,344.704,0.36724,NaN,6894.07,0.103292,0.0505417,0.846167,-1,NaN,NaN,NaN
None,hcabs_20,step_20,hcabs_snone,taxpay_snone,359.143,0.376478,NaN,7182.87,0.179417,0.0325,0.788083,-1,NaN,NaN,NaN
None,hcabs_20,step_20,hcabs_snone,taxpay_snone,358.971,0.344672,NaN,7179.43,0.111917,0.0410833,0.847,-1,NaN,NaN,NaN
Balanced priorities,govment_20,step_21,hcabs_s5050,taxpay_s5050,245.409,0.21443,1046.76,5954.94,0.0811508,0.0627381,0.856111,0.495018,0.57619,0,0.42381
Balanced priorities,govment_20,step_21,hcabs_s5050,taxpay_s5050,192.801,0.218271,902.632,4758.65,0.156587,0.0961111,0.747302,0.679217,0.363492,0,0.636508
Balanced priorities,govment_20,step_21,hcabs_s5050,taxpay_s5050,300.715,0.234704,1212.31,7226.62,0.147857,0,0.852143,0.377986,0.705556,0,0.294444
Balanced priorities,govment_20,step_21,hcabs_s5050,taxpay_s5050,323.517,0.191943,1388.74,7859.07,0.117778,0.00138889,0.880833,0.575764,0.57381,0,0.42619
Balanced priorities,govment_20,step_21,hcabs_s5050,taxpay_s5050,297.306,0.195148,1353.11,7299.22,0.190992,0.0144841,0.794524,0.719404,0.379365,0,0.620635
Balanced priorities,govment_20,step_21,hcabs_s5050,taxpay_s5050,301.605,0.235011,1315.55,7347.66,0.0870635,0.0241667,0.88877,0.554481,0.555556,0,0.444444
Balanced priorities,govment_20,step_21,hcabs_s5050,taxpay_s5050,197.015,0.275663,854.957,4795.27,0.136627,0.0732143,0.790159,0.442602,0.600794,0,0.399206
Balanced priorities,govment_20,step_21,hcabs_s5050,taxpay_s5050,252.45,0.268923,1018.33,6067.33,0.197063,0.0122619,0.790675,0.477253,0.668254,0,0.331746
Balanced priorities,govment_20,step_21,hcabs_s5050,taxpay_s5050,219.211,0.168077,928.686,5312.9,0.222381,0.0515873,0.726032,0.585033,0.453175,0,0.546825
Balanced priorities,govment_20,step_21,hcabs_s5050,taxpay_s5050,272.218,0.18561,1246.15,6690.5,0.179206,0.0174206,0.803373,0.62003,0.434921,0,0.565079
Balanced priorities,govment_20,step_21,hcabs_s5050,taxpay_s5050,240.137,0.249438,1014.22,5816.97,0.155595,0.0508333,0.793571,0.547425,0.504762,0,0.495238
Balanced priorities,govment_20,step_21,hcabs_s5050,taxpay_s5050,240.973,0.23163,1105.67,5925.13,0.170595,0.0471429,0.782262,0.482648,0.563492,0,0.436508
Balanced priorities,govment_20,step_21,hcabs_s5050,taxpay_s5050,249.643,0.209706,1107.99,6100.85,0.219246,0.0247619,0.755992,0.615073,0.453175,0,0.546825
Balanced priorities,govment_20,step_21,hcabs_s5050,taxpay_s5050,236.487,0.208634,1009.56,5739.29,0.158929,0.0397619,0.80131,0.489627,0.603175,0,0.396825
Balanced priorities,govment_20,step_21,hcabs_s5050,taxpay_s5050,234.042,0.199539,953.18,5634.02,0.211071,0.030873,0.758056,0.479507,0.580952,0,0.419048
Balanced priorities,govment_20,step_21,hcabs_s5050,taxpay_s5050,247.108,0.180089,1014.07,5956.23,0.232619,0.013373,0.754008,0.45542,0.57381,0,0.42619
Balanced priorities,govment_20,step_21,hcabs_s5050,taxpay_s5050,297.949,0.216665,1343.05,7302.04,0.133492,0.0196429,0.846865,0.628946,0.450794,0,0.549206
Balanced priorities,govment_20,step_21,hcabs_s5050,taxpay_s5050,197.011,0.223547,926.872,4867.08,0.192143,0.0826984,0.725159,0.552693,0.46746,0.0103175,0.522222
Balanced priorities,govment_20,step_21,hcabs_s5050,taxpay_s5050,252.506,0.250877,1143.63,6193.76,0.143333,0.0446032,0.812063,0.511853,0.587302,0,0.412698
Balanced priorities,govment_20,step_21,hcabs_s5050,taxpay_s5050,275.859,0.245464,1136.54,6653.71,0.194167,0.00238095,0.803452,0.414111,0.707937,0,0.292063
Balanced priorities,govment_20,step_21,hcabs_s5050,taxpay_s5050,301.536,0.224519,1271.72,7302.44,0.125794,0.0136111,0.860595,0.572961,0.538095,0,0.461905
Balanced priorities,govment_20,step_21,hcabs_s5050,taxpay_s5050,279.489,0.282804,1069.66,6659.45,0.112817,0.0356746,0.851508,0.46803,0.61746,0,0.38254
Balanced priorities,govment_20,step_21,hcabs_s5050,taxpay_s5050,288.935,0.181124,1273.05,7051.75,0.141706,0.0197619,0.838532,0.651554,0.430159,0,0.569841
Balanced priorities,govment_20,step_21,hcabs_s5050,taxpay_s5050,261.993,0.157071,1112.31,6352.17,0.182103,0.021746,0.796151,0.548139,0.512698,0,0.487302
Balanced priorities,govment_20,step_21,hcabs_s5050,taxpay_s5050,265.395,0.205267,1089.45,6397.34,0.165794,0.0239286,0.810278,0.541941,0.54127,0,0.45873
Balanced priorities,govment_20,step_21,hcabs_s5050,taxpay_s5050,189.463,0.386788,727.128,4516.38,0.152302,0.0899206,0.757778,0.335908,0.694444,0.0468254,0.25873
Balanced priorities,govment_20,step_21,hcabs_s5050,taxpay_s5050,293.703,0.31411,1132.64,7006.7,0.180476,0.00134921,0.818175,0.383863,0.747619,0,0.252381
Balanced priorities,govment_20,step_21,hcabs_s5050,taxpay_s5050,304.674,0.196774,1283.06,7376.53,0.134167,0.00551587,0.860317,0.486418,0.600794,0,0.399206
Balanced priorities,govment_20,step_21,hcabs_s5050,taxpay_s5050,273.11,0.264362,1138.07,6600.27,0.17496,0.0121825,0.812857,0.439826,0.677778,0,0.322222
Balanced priorities,govment_20,step_21,hcabs_s5050,taxpay_s5050,252.618,0.181716,1047.04,6099.4,0.217063,0.0120238,0.770913,0.4083,0.638889,0,0.361111
Balanced priorities,govment_20,step_21,hcabs_s5050,taxpay_s5050,328.831,0.253025,1369.29,7945.9,0.1225,0.0027381,0.874762,0.569291,0.596825,0,0.403175
Balanced priorities,govment_20,step_21,hcabs_s5050,taxpay_s5050,202.563,0.242853,806.795,4858.05,0.183254,0.0614286,0.755317,0.461788,0.57381,0.031746,0.394444
Balanced priorities,govment_20,step_21,hcabs_s5050,taxpay_s5050,283.257,0.226149,1177.12,6842.27,0.109325,0.0361508,0.854524,0.562894,0.519048,0,0.480952
Balanced priorities,govment_20,step_21,hcabs_s5050,taxpay_s5050,306.07,0.220422,1293.57,7414.97,0.0793651,0.0276587,0.892976,0.493316,0.581746,0,0.418254
Balanced priorities,govment_20,step_21,hcabs_s5050,taxpay_s5050,264.243,0.252105,1174.71,6459.57,0.204484,0.0128175,0.782698,0.548394,0.526984,0,0.473016
Balanced priorities,govment_20,step_21,hcabs_s5050,taxpay_s5050,321.628,0.221439,1362.35,7794.92,0.109762,0.0132937,0.876944,0.5151,0.586508,0,0.413492
Balanced priorities,govment_20,step_21,hcabs_s5050,taxpay_s5050,228.282,0.230263,890.093,5455.72,0.158294,0.0374206,0.804286,0.434624,0.645238,0,0.354762
Balanced priorities,govment_20,step_21,hcabs_s5050,taxpay_s5050,293.311,0.24504,1278.62,7144.84,0.102897,0.0271032,0.87,0.648677,0.410317,0.0198413,0.569841
Balanced priorities,govment_20,step_21,hcabs_s5050,taxpay_s5050,282.526,0.16097,1218.05,6868.58,0.128532,0.0242063,0.847262,0.610324,0.466667,0,0.533333
Balanced priorities,govment_20,step_21,hcabs_s5050,taxpay_s5050,264.671,0.206214,1163.61,6457.03,0.111786,0.0406746,0.84754,0.51988,0.571429,0,0.428571
Balanced priorities,govment_20,step_21,hcabs_s5050,taxpay_s5050,299.843,0.263967,1194.06,7190.92,0.11746,0.0103968,0.872143,0.438011,0.666667,0,0.333333
Balanced priorities,govment_20,step_21,hcabs_s5050,taxpay_s5050,313.547,0.174032,1398.45,7669.39,0.120794,0.01,0.869206,0.598296,0.474603,0,0.525397
Balanced priorities,govment_20,step_21,hcabs_s5050,taxpay_s5050,277.96,0.245756,1201.9,6761.1,0.163849,0.0203175,0.815833,0.550621,0.539683,0,0.460317
Balanced priorities,govment_20,step_21,hcabs_s5050,taxpay_s5050,255.543,0.22202,1149.94,6260.79,0.225159,0.022619,0.752222,0.527112,0.554762,0,0.445238
Balanced priorities,govment_20,step_21,hcabs_s5050,taxpay_s5050,272.441,0.18131,1164.36,6613.17,0.117976,0.0254762,0.856548,0.490399,0.615873,0,0.384127
Balanced priorities,govment_20,step_21,hcabs_s5050,taxpay_s5050,297.213,0.137908,1353.9,7298.17,0.138492,0.0164286,0.845079,0.704261,0.394444,0,0.605556
Balanced priorities,govment_20,step_21,hcabs_s5050,taxpay_s5050,291.758,0.3327,1241,7076.17,0.133532,0.0184921,0.847976,0.45252,0.696825,0,0.303175
Balanced priorities,govment_20,step_21,hcabs_s5050,taxpay_s5050,276.017,0.2696,1133.52,6653.86,0.0931349,0.0384921,0.868373,0.498356,0.580952,0,0.419048
Balanced priorities,govment_20,step_21,hcabs_s5050,taxpay_s5050,342.615,0.216728,1468.32,8320.62,0.106706,0.000119048,0.893175,0.578947,0.527778,0,0.472222
Balanced priorities,govment_20,step_21,hcabs_s5050,taxpay_s5050,273.996,0.232643,1114.11,6594.02,0.119603,0.0368651,0.843532,0.501801,0.588889,0,0.411111
Balanced priorities,govment_20,step_21,hcabs_s5050,taxpay_s5050,297.477,0.24772,1224.85,7174.39,0.125675,0.0179365,0.856389,0.447204,0.625397,0,0.374603
Balanced priorities,govment_20,step_21,hcabs_s5050,taxpay_s5050,252.105,0.198766,1073.02,6115.12,0.166151,0.0401984,0.793651,0.5755,0.49127,0,0.50873
Balanced priorities,govment_20,step_21,hcabs_s5050,taxpay_s5050,286.723,0.236627,1293.38,7027.85,0.137143,0.039881,0.822976,0.547517,0.529365,0,0.470635
Balanced priorities,govment_20,step_21,hcabs_s5050,taxpay_s5050,207.784,0.270023,949.617,5105.3,0.245198,0.0333333,0.721468,0.553135,0.407937,0.0809524,0.511111
Balanced priorities,govment_20,step_21,hcabs_s5050,taxpay_s5050,239.2,0.222496,993.289,5777.28,0.13496,0.0431349,0.821905,0.411979,0.680952,0,0.319048
Balanced priorities,govment_20,step_21,hcabs_s5050,taxpay_s5050,228.58,0.284028,1009.25,5580.85,0.144087,0.0450794,0.810833,0.463662,0.61746,0,0.38254
Balanced priorities,govment_20,step_21,hcabs_s5050,taxpay_s5050,295.188,0.175344,1305.74,7209.49,0.12123,0.0272222,0.851548,0.643131,0.433333,0,0.566667
Balanced priorities,govment_20,step_21,hcabs_s5050,taxpay_s5050,298.267,0.225596,1218.52,7183.85,0.0846825,0.034127,0.88119,0.509365,0.553175,0.00873016,0.438095
Balanced priorities,govment_20,step_21,hcabs_s5050,taxpay_s5050,256.499,0.168956,1139.38,6269.36,0.126468,0.0363889,0.837143,0.564461,0.466667,0,0.533333
Balanced priorities,govment_20,step_21,hcabs_s5050,taxpay_s5050,206.615,0.245774,888.726,5021.02,0.217222,0.0515873,0.73119,0.526462,0.527778,0,0.472222
Balanced priorities,govment_20,step_21,hcabs_s5050,taxpay_s5050,249.991,0.226364,1103.65,6103.47,0.168214,0.0355159,0.79627,0.533619,0.548413,0.0111111,0.440476
Balanced priorities,govment_20,step_21,hcabs_s5050,taxpay_s5050,293.589,0.212658,1266.45,7138.23,0.147857,0.0120635,0.840079,0.518479,0.553175,0,0.446825
Balanced priorities,govment_20,step_21,hcabs_s5050,taxpay_s5050,230.683,0.23008,919.839,5533.5,0.155635,0.0536905,0.790675,0.485739,0.590476,0,0.409524
Balanced priorities,govment_20,step_21,hcabs_s5050,taxpay_s5050,283.113,0.194242,1189.01,6851.26,0.131786,0.0272222,0.840992,0.620807,0.448413,0,0.551587
Balanced priorities,govment_20,step_21,hcabs_s5050,taxpay_s5050,273.62,0.345777,1211.18,6683.59,0.181865,0.0130556,0.805079,0.429425,0.643651,0.0349206,0.321429
Balanced priorities,govment_20,step_21,hcabs_s5050,taxpay_s5050,257.461,0.1815,1176.53,6325.74,0.14369,0.0249603,0.831349,0.548007,0.489683,0.0309524,0.479365
Balanced priorities,govment_20,step_21,hcabs_s5050,taxpay_s5050,256.73,0.18071,1135.36,6269.97,0.148095,0.0354365,0.816468,0.543094,0.494444,0.0214286,0.484127
Balanced priorities,govment_20,step_21,hcabs_s5050,taxpay_s5050,239.905,0.190452,1152.88,5950.98,0.161587,0.0448413,0.793571,0.595127,0.46746,0,0.53254
Balanced priorities,govment_20,step_21,hcabs_s5050,taxpay_s5050,270.617,0.238689,1181.78,6594.11,0.130556,0.0304762,0.838968,0.489862,0.596825,0,0.403175
Balanced priorities,govment_20,step_21,hcabs_s5050,taxpay_s5050,281.314,0.194912,1273.63,6899.9,0.129444,0.0309921,0.839563,0.629582,0.456349,0,0.543651
Balanced priorities,govment_20,step_21,hcabs_s5050,taxpay_s5050,266.754,0.165313,1115.89,6450.96,0.190556,0.00484127,0.804603,0.505187,0.560317,0,0.439683
Balanced priorities,govment_20,step_21,hcabs_s5050,taxpay_s5050,270.94,0.209448,1160,6578.79,0.148095,0.0164286,0.835476,0.478057,0.625397,0,0.374603
Balanced priorities,govment_20,step_21,hcabs_s5050,taxpay_s5050,216.551,0.307358,908.804,5239.83,0.216468,0.0486905,0.734841,0.420245,0.661905,0,0.338095
Balanced priorities,govment_20,step_21,hcabs_s5050,taxpay_s5050,242.661,0.366713,956.562,5809.78,0.115675,0.0731349,0.81119,0.487925,0.531746,0.0531746,0.415079
Balanced priorities,govment_20,step_21,hcabs_s5050,taxpay_s5050,293.8,0.134218,1257.4,7133.39,0.113532,0.0190476,0.867421,0.585772,0.505556,0,0.494444
Balanced priorities,govment_20,step_21,hcabs_s5050,taxpay_s5050,269.035,0.194297,1131.46,6512.16,0.173452,0.0105952,0.815952,0.495585,0.565873,0,0.434127
Balanced priorities,govment_20,step_21,hcabs_s5050,taxpay_s5050,254.364,0.226065,1163.49,6250.76,0.148611,0.0372619,0.814127,0.518662,0.575397,0,0.424603
Balanced priorities,govment_20,step_21,hcabs_s5050,taxpay_s5050,233.854,0.192778,1016.53,5693.6,0.164405,0.0546032,0.780992,0.610329,0.443651,0,0.556349
Balanced priorities,govment_20,step_21,hcabs_s5050,taxpay_s5050,286.17,0.20017,1242.71,6966.12,0.165556,0.0166667,0.817778,0.61211,0.479365,0,0.520635
Balanced priorities,govment_20,step_21,hcabs_s5050,taxpay_s5050,316.109,0.198622,1492.63,7814.81,0.122579,0.00305556,0.874365,0.581799,0.529365,0,0.470635
Balanced priorities,govment_20,step_21,hcabs_s5050,taxpay_s5050,219.521,0.167966,981.217,5371.63,0.156349,0.0448413,0.79881,0.488866,0.557937,0,0.442063
Balanced priorities,govment_20,step_21,hcabs_s5050,taxpay_s5050,212.658,0.310136,867.109,5120.27,0.161349,0.0903175,0.748333,0.460501,0.607143,0.00634921,0.386508
Balanced priorities,govment_20,step_21,hcabs_s5050,taxpay_s5050,242.572,0.159811,1149.77,6001.21,0.158571,0.04,0.801429,0.684972,0.375397,0,0.624603
Balanced priorities,govment_20,step_21,hcabs_s5050,taxpay_s5050,216.378,0.207648,978.092,5305.65,0.192143,0.0495635,0.758294,0.564003,0.502381,0,0.497619
Balanced priorities,govment_20,step_21,hcabs_s5050,taxpay_s5050,292.378,0.186208,1171.46,7019.01,0.0889683,0.0313095,0.879722,0.49662,0.529365,0,0.470635
Balanced priorities,govment_20,step_21,hcabs_s5050,taxpay_s5050,168.061,0.254084,662.646,4023.86,0.24004,0.0717857,0.688175,0.358442,0.66746,0,0.33254
Balanced priorities,govment_20,step_21,hcabs_s5050,taxpay_s5050,236.679,0.222435,983.119,5716.7,0.122778,0.0583333,0.818889,0.51047,0.563492,0,0.436508
Balanced priorities,govment_20,step_21,hcabs_s5050,taxpay_s5050,312.996,0.166564,1403.66,7663.58,0.122738,0.00912698,0.868135,0.648562,0.44127,0,0.55873
Balanced priorities,govment_20,step_21,hcabs_s5050,taxpay_s5050,237.604,0.232746,1010.87,5762.95,0.160635,0.0402381,0.799127,0.538166,0.469841,0.0309524,0.499206
Balanced priorities,govment_20,step_21,hcabs_s5050,taxpay_s5050,317.145,0.248799,1230.31,7573.21,0.156071,0.00047619,0.843452,0.466436,0.649206,0,0.350794
Balanced priorities,govment_20,step_21,hcabs_s5050,taxpay_s5050,214.878,0.300012,869.332,5166.89,0.219167,0.042619,0.738214,0.407191,0.665873,0.0111111,0.323016
Balanced priorities,govment_20,step_21,hcabs_s5050,taxpay_s5050,302.739,0.219244,1223.26,7278.04,0.105516,0.0194444,0.87504,0.487212,0.602381,0,0.397619
Balanced priorities,govment_20,step_21,hcabs_s5050,taxpay_s5050,245.022,0.264184,1133.83,6034.27,0.150992,0.0570635,0.791944,0.60246,0.461111,0,0.538889
Balanced priorities,govment_20,step_21,hcabs_s5050,taxpay_s5050,240.389,0.281453,981.62,5789.4,0.157937,0.0683333,0.77373,0.539761,0.561111,0,0.438889
Balanced priorities,govment_20,step_21,hcabs_s5050,taxpay_s5050,290.921,0.233592,1210.51,7028.94,0.137976,0.010119,0.851905,0.434388,0.653175,0,0.346825
Balanced priorities,govment_20,step_21,hcabs_s5050,taxpay_s5050,247.181,0.309339,975.315,5918.94,0.143373,0.0628968,0.79373,0.440718,0.65,0.00873016,0.34127
Balanced priorities,govment_20,step_21,hcabs_s5050,taxpay_s5050,267.406,0.181381,1134.64,6482.77,0.104167,0.0379365,0.857897,0.518904,0.57381,0,0.42619
Balanced priorities,govment_20,step_21,hcabs_s5050,taxpay_s5050,288.368,0.184489,1237.47,7004.82,0.125278,0.0272222,0.8475,0.568524,0.520635,0,0.479365
Balanced priorities,govment_20,step_21,hcabs_s5050,taxpay_s5050,259.53,0.249796,1128.15,6318.74,0.148333,0.0299206,0.821746,0.563414,0.54127,0,0.45873
Balanced priorities,govment_20,step_21,hcabs_s5050,taxpay_s5050,296.221,0.224086,1328.57,7252.98,0.136746,0.0193254,0.843929,0.547942,0.500794,0.00793651,0.49127
Prioritize equality,govment_20,step_21,hcabs_s2080,taxpay_s2080,187.487,0.115619,1814.43,5564.17,0.182024,0.018373,0.799603,0.914876,0.135714,0.142063,0.722222
Prioritize equality,govment_20,step_21,hcabs_s2080,taxpay_s2080,131.993,0.150341,1378.77,4018.63,0.261746,0.00849206,0.729762,0.871645,0.047619,0.263492,0.688889
Prioritize equality,govment_20,step_21,hcabs_s2080,taxpay_s2080,125.018,0.10008,1303.72,3804.08,0.234683,0.0297222,0.735595,0.880698,0.0373016,0.257937,0.704762
Prioritize equality,govment_20,step_21,hcabs_s2080,taxpay_s2080,90.6904,0.169576,1075.93,2889.74,0.261825,0.0374603,0.700714,0.842318,0.0333333,0.323016,0.643651
Prioritize equality,govment_20,step_21,hcabs_s2080,taxpay_s2080,82.6698,0.144705,1118.18,2771.58,0.200119,0.0639286,0.735952,0.823164,0.0119048,0.330159,0.657937
Prioritize equality,govment_20,step_21,hcabs_s2080,taxpay_s2080,149.762,0.128442,1454.4,4449.64,0.184167,0.0449603,0.770873,0.897346,0.0984127,0.171429,0.730159
Prioritize equality,govment_20,step_21,hcabs_s2080,taxpay_s2080,106.764,0.152566,1271.37,3406.64,0.200079,0.0568651,0.743056,0.847451,0.0404762,0.269048,0.690476
Prioritize equality,govment_20,step_21,hcabs_s2080,taxpay_s2080,118.086,0.128505,1291.6,3653.31,0.162976,0.0565873,0.780437,0.855802,0.0452381,0.242857,0.711905
Prioritize equality,govment_20,step_21,hcabs_s2080,taxpay_s2080,71.3619,0.170651,857.76,2285,0.27627,0.0650397,0.65869,0.786312,0.00873016,0.353175,0.638095
Prioritize equality,govment_20,step_21,hcabs_s2080,taxpay_s2080,106.134,0.144398,1160.97,3283.66,0.20881,0.0471825,0.744008,0.847513,0.0261905,0.294444,0.679365
Prioritize equality,govment_20,step_21,hcabs_s2080,taxpay_s2080,80.4722,0.141848,1140.04,2749.48,0.203095,0.0640873,0.732817,0.826087,0.0396825,0.309524,0.650794
Prioritize equality,govment_20,step_21,hcabs_s2080,taxpay_s2080,117.336,0.106854,1365.75,3712.47,0.278135,0.042619,0.679246,0.907786,0.0793651,0.200794,0.719841
Prioritize equality,govment_20,step_21,hcabs_s2080,taxpay_s2080,85.3165,0.142309,1039.8,2746.13,0.279127,0.0213095,0.699563,0.797969,0.00873016,0.355556,0.635714
Prioritize equality,govment_20,step_21,hcabs_s2080,taxpay_s2080,97.0256,0.0806523,1136.13,3076.64,0.209286,0.0552778,0.735437,0.843841,0.0246032,0.297619,0.677778
Prioritize equality,govment_20,step_21,hcabs_s2080,taxpay_s2080,99.0397,0.113622,1153.8,3134.59,0.21627,0.0620238,0.721706,0.863124,0.0539683,0.269841,0.67619
Prioritize equality,govment_20,step_21,hcabs_s2080,taxpay_s2080,127.865,0.0886593,1282.39,3839.69,0.210635,0.0264286,0.762937,0.868269,0.0373016,0.261905,0.700794
Prioritize equality,govment_20,step_21,hcabs_s2080,taxpay_s2080,77.4269,0.147247,1023.54,2572.07,0.277579,0.0259524,0.696468,0.803593,0.0134921,0.360317,0.62619
Prioritize equality,govment_20,step_21,hcabs_s2080,taxpay_s2080,178.542,0.0722614,1859.62,5430.46,0.183849,0.0236111,0.79254,0.940889,0.151587,0.122222,0.72619
Prioritize equality,govment_20,step_21,hcabs_s2080,taxpay_s2080,136.053,0.055342,1299.07,4020.13,0.20377,0.0321825,0.764048,0.870672,0.0515873,0.244444,0.703968
Prioritize equality,govment_20,step_21,hcabs_s2080,taxpay_s2080,117.186,0.370553,1127.71,3471.43,0.318968,0.00309524,0.677937,0.704227,0.0277778,0.349206,0.623016
Prioritize equality,govment_20,step_21,hcabs_s2080,taxpay_s2080,94.7734,0.220088,1136.3,3031.77,0.215,0.0464683,0.738532,0.804229,0.0150794,0.31746,0.66746
Prioritize equality,govment_20,step_21,hcabs_s2080,taxpay_s2080,151.336,0.0783887,1383.79,4410.51,0.221468,0.0122222,0.76631,0.881007,0.0595238,0.225397,0.715079
Prioritize equality,govment_20,step_21,hcabs_s2080,taxpay_s2080,59.479,0.201756,942.32,2131.9,0.223651,0.0505952,0.725754,0.762179,0.00396825,0.411905,0.584127
Prioritize equality,govment_20,step_21,hcabs_s2080,taxpay_s2080,96.8161,0.101818,1079.09,3015.41,0.214722,0.056627,0.728651,0.828831,0.0333333,0.294444,0.672222
Prioritize equality,govment_20,step_21,hcabs_s2080,taxpay_s2080,104.626,0.112424,1211.66,3304.19,0.181587,0.0645635,0.753849,0.85035,0.0388889,0.262698,0.698413
Prioritize equality,govment_20,step_21,hcabs_s2080,taxpay_s2080,137.799,0.0742353,1640.06,4396.05,0.159683,0.0315476,0.80877,0.883471,0.0849206,0.215079,0.7
Prioritize equality,govment_20,step_21,hcabs_s2080,taxpay_s2080,99.2927,0.0993684,1054.57,3040.43,0.260198,0.0610317,0.67877,0.854291,0.0380952,0.266667,0.695238
Prioritize equality,govment_20,step_21,hcabs_s2080,taxpay_s2080,87.6008,0.0873517,801.25,2553.27,0.224405,0.0793254,0.69627,0.833556,0.0150794,0.305556,0.679365
Prioritize equality,govment_20,step_21,hcabs_s2080,taxpay_s2080,109.315,0.163194,1261.03,3447.34,0.22119,0.065119,0.71369,0.863609,0.0380952,0.238095,0.72381
Prioritize equality,govment_20,step_21,hcabs_s2080,taxpay_s2080,162.583,0.0502992,1465.72,4717.38,0.196429,0.0285714,0.775,0.909343,0.0888889,0.178571,0.73254
Prioritize equality,govment_20,step_21,hcabs_s2080,taxpay_s2080,124.504,0.12061,1541.86,4031.94,0.182817,0.00956349,0.807619,0.831628,0.0468254,0.290476,0.662698
Prioritize equality,govment_20,step_21,hcabs_s2080,taxpay_s2080,120.557,0.124219,1133.25,3544.4,0.23496,0.059246,0.705794,0.847498,0.0428571,0.234127,0.723016
Prioritize equality,govment_20,step_21,hcabs_s2080,taxpay_s2080,84.3984,0.152784,1008.99,2696.96,0.200516,0.0554365,0.744048,0.789161,0.0103175,0.338889,0.650794
Prioritize equality,govment_20,step_21,hcabs_s2080,taxpay_s2080,93.5651,0.253737,934.306,2805.61,0.313889,0.057381,0.62873,0.811124,0.0174603,0.296825,0.685714
Prioritize equality,govment_20,step_21,hcabs_s2080,taxpay_s2080,119.83,0.0665911,1285.06,3681.65,0.232897,0.0509921,0.716111,0.906198,0.0547619,0.219841,0.725397
Prioritize equality,govment_20,step_21,hcabs_s2080,taxpay_s2080,92.7164,0.159425,1140.35,2994.68,0.265635,0.0277381,0.706627,0.838518,0.0142857,0.330159,0.655556
Prioritize equality,govment_20,step_21,hcabs_s2080,taxpay_s2080,88.5615,0.0925594,1014.35,2785.58,0.306111,0.0519444,0.641944,0.873386,0.0111111,0.298413,0.690476
Prioritize equality,govment_20,step_21,hcabs_s2080,taxpay_s2080,104.34,0.122979,1306.98,3393.77,0.214167,0.0438889,0.741944,0.858538,0.0396825,0.278571,0.681746
Prioritize equality,govment_20,step_21,hcabs_s2080,taxpay_s2080,99.0134,0.137399,1134.47,3114.74,0.296984,0.0329762,0.67004,0.825198,0.0238095,0.296032,0.680159
Prioritize equality,govment_20,step_21,hcabs_s2080,taxpay_s2080,147.563,0.0619363,1459.91,4411.16,0.16623,0.0605556,0.773214,0.914515,0.104762,0.155556,0.739683
Prioritize equality,govment_20,step_21,hcabs_s2080,taxpay_s2080,116.879,0.218232,1323.39,3660.96,0.244008,0.015873,0.740119,0.792275,0.0293651,0.310317,0.660317
Prioritize equality,govment_20,step_21,hcabs_s2080,taxpay_s2080,121.229,0.127618,1392.56,3817.14,0.226825,0.0467063,0.726468,0.884373,0.0650794,0.227778,0.707143
Prioritize equality,govment_20,step_21,hcabs_s2080,taxpay_s2080,115.973,0.0576246,1240.21,3559.67,0.200873,0.069246,0.729881,0.895783,0.0571429,0.215079,0.727778
Prioritize equality,govment_20,step_21,hcabs_s2080,taxpay_s2080,94.9494,0.0953131,1074.89,2973.88,0.166429,0.112937,0.720635,0.880005,0.0404762,0.227778,0.731746
Prioritize equality,govment_20,step_21,hcabs_s2080,taxpay_s2080,137.913,0.150564,1589.56,4347.82,0.196429,0.0155159,0.788056,0.884763,0.0642857,0.238889,0.696825
Prioritize equality,govment_20,step_21,hcabs_s2080,taxpay_s2080,79.751,0.156607,1010.77,2605.79,0.211667,0.0420238,0.74631,0.776321,0.0246032,0.363492,0.611905
Prioritize equality,govment_20,step_21,hcabs_s2080,taxpay_s2080,130.556,0.109623,1554.86,4165.98,0.145079,0.0731746,0.781746,0.91055,0.101587,0.168254,0.730159
Prioritize equality,govment_20,step_21,hcabs_s2080,taxpay_s2080,130.946,0.08223,1369.59,3988.52,0.176349,0.0303175,0.793333,0.863139,0.0420635,0.263492,0.694444
Prioritize equality,govment_20,step_21,hcabs_s2080,taxpay_s2080,127.007,0.0787266,1352.75,3892.89,0.262937,0.0236508,0.713413,0.896319,0.0396825,0.243651,0.716667
Prioritize equality,govment_20,step_21,hcabs_s2080,taxpay_s2080,131.321,0.0704652,1236.17,3862.6,0.153333,0.08,0.766667,0.876582,0.0626984,0.197619,0.739683
Prioritize equality,govment_20,step_21,hcabs_s2080,taxpay_s2080,122.789,0.114405,1520.34,3976.12,0.173056,0.0325397,0.794405,0.845062,0.0619048,0.252381,0.685714
Prioritize equality,govment_20,step_21,hcabs_s2080,taxpay_s2080,137.051,0.109039,1348.78,4089.81,0.144683,0.0715873,0.78373,0.885486,0.0666667,0.188889,0.744444
Prioritize equality,govment_20,step_21,hcabs_s2080,taxpay_s2080,115.719,0.0658474,1259.41,3573.79,0.19873,0.0485714,0.752698,0.870107,0.0349206,0.261905,0.703175
Prioritize equality,govment_20,step_21,hcabs_s2080,taxpay_s2080,141.415,0.065704,1464.72,4293.01,0.189206,0.0329762,0.777817,0.886192,0.0753968,0.212698,0.711905
Prioritize equality,govment_20,step_21,hcabs_s2080,taxpay_s2080,130.534,0.128664,1467.52,4078.2,0.208294,0.0172222,0.774484,0.851054,0.0460317,0.269048,0.684921
Prioritize equality,govment_20,step_21,hcabs_s2080,taxpay_s2080,108.195,0.112031,1234.25,3398.15,0.196349,0.0451984,0.758452,0.840674,0.0365079,0.296825,0.666667
Prioritize equality,govment_20,step_21,hcabs_s2080,taxpay_s2080,130.687,0.0533907,1360.45,3974.19,0.25246,0.0442063,0.703333,0.90604,0.0801587,0.192063,0.727778
Prioritize equality,govment_20,step_21,hcabs_s2080,taxpay_s2080,78.0934,0.204494,1238.42,2800.29,0.242857,0.0542857,0.702857,0.824443,0.00873016,0.330952,0.660317
Prioritize equality,govment_20,step_21,hcabs_s2080,taxpay_s2080,139.835,0.0750211,1369.75,4166.45,0.16381,0.0473413,0.788849,0.874475,0.0555556,0.21746,0.726984
Prioritize equality,govment_20,step_21,hcabs_s2080,taxpay_s2080,156.042,0.117204,1528.9,4649.75,0.195397,0.0142857,0.790317,0.840049,0.0706349,0.227778,0.701587
Prioritize equality,govment_20,step_21,hcabs_s2080,taxpay_s2080,146.677,0.050519,1325.24,4258.79,0.218611,0.030119,0.75127,0.867402,0.0690476,0.215079,0.715873
Prioritize equality,govment_20,step_21,hcabs_s2080,taxpay_s2080,113.394,0.0485459,1206.47,3474.34,0.196944,0.050873,0.752183,0.862802,0.0412698,0.264286,0.694444
Prioritize equality,govment_20,step_21,hcabs_s2080,taxpay_s2080,103.757,0.148782,1236.94,3312.08,0.212659,0.024881,0.76246,0.838671,0.0134921,0.325397,0.661111
Prioritize equality,govment_20,step_21,hcabs_s2080,taxpay_s2080,96.6398,0.135791,1212.3,3145.09,0.307143,0.0273016,0.665556,0.865521,0.0293651,0.292063,0.678571
Prioritize equality,govment_20,step_21,hcabs_s2080,taxpay_s2080,127.954,0.103739,1334.01,3893.08,0.272341,0.00325397,0.724405,0.868052,0.0484127,0.272222,0.679365
Prioritize equality,govment_20,step_21,hcabs_s2080,taxpay_s2080,99.0611,0.173351,1187.54,3168.77,0.273214,0.0436905,0.683095,0.844074,0.0452381,0.288889,0.665873
Prioritize equality,govment_20,step_21,hcabs_s2080,taxpay_s2080,83.0492,0.114804,960.349,2621.33,0.302302,0.0275,0.670198,0.811006,0.0166667,0.353968,0.629365
Prioritize equality,govment_20,step_21,hcabs_s2080,taxpay_s2080,113.649,0.0624633,1153.71,3426.7,0.194087,0.0540873,0.751825,0.859477,0.0206349,0.280159,0.699206
Prioritize equality,govment_20,step_21,hcabs_s2080,taxpay_s2080,113.874,0.0752386,1326.95,3604.43,0.231667,0.036627,0.731706,0.886347,0.0595238,0.253968,0.686508
Prioritize equality,govment_20,step_21,hcabs_s2080,taxpay_s2080,113.519,0.0542935,1204.22,3474.6,0.168016,0.0718254,0.760159,0.872371,0.0468254,0.240476,0.712698
Prioritize equality,govment_20,step_21,hcabs_s2080,taxpay_s2080,120.075,0.109089,1375.41,3776.91,0.168095,0.0388492,0.793056,0.840039,0.0373016,0.269841,0.692857
Prioritize equality,govment_20,step_21,hcabs_s2080,taxpay_s2080,103.359,0.144931,1213.35,3280.52,0.182976,0.0495635,0.76746,0.826923,0.0230159,0.295238,0.681746
Prioritize equality,govment_20,step_21,hcabs_s2080,taxpay_s2080,94.7442,0.177886,1157.21,3052.09,0.229127,0.0299603,0.740913,0.780874,0.034127,0.323016,0.642857
Prioritize equality,govment_20,step_21,hcabs_s2080,taxpay_s2080,100.636,0.0853163,1292.17,3304.89,0.256349,0.00801587,0.735635,0.840034,0.00873016,0.34127,0.65
Prioritize equality,govment_20,step_21,hcabs_s2080,taxpay_s2080,115.706,0.0640516,1081.18,3395.3,0.16873,0.105238,0.726032,0.893589,0.0547619,0.181746,0.763492
Prioritize equality,govment_20,step_21,hcabs_s2080,taxpay_s2080,147.069,0.0596764,1571.77,4513.15,0.144802,0.0388889,0.81631,0.883679,0.0793651,0.206349,0.714286
Prioritize equality,govment_20,step_21,hcabs_s2080,taxpay_s2080,89.8031,0.135792,1175.34,2971.4,0.183294,0.0460714,0.770635,0.794931,0.015873,0.331746,0.652381
Prioritize equality,govment_20,step_21,hcabs_s2080,taxpay_s2080,139.698,0.12136,1449.87,4243.82,0.247698,0.0401984,0.712103,0.904434,0.0920635,0.165873,0.742063
Prioritize equality,govment_20,step_21,hcabs_s2080,taxpay_s2080,122.393,0.127615,1432.02,3879.89,0.204921,0.0470635,0.748016,0.888461,0.0714286,0.215079,0.713492
Prioritize equality,govment_20,step_21,hcabs_s2080,taxpay_s2080,115.663,0.0863997,1376.12,3689.38,0.213611,0.0431349,0.743254,0.882268,0.0531746,0.242857,0.703968
Prioritize equality,govment_20,step_21,hcabs_s2080,taxpay_s2080,151.764,0.120696,1579.57,4614.85,0.165794,0.026746,0.80746,0.883841,0.0865079,0.211905,0.701587
Prioritize equality,govment_20,step_21,hcabs_s2080,taxpay_s2080,98.7598,0.113945,1010.94,2986.13,0.320119,0.0375397,0.642341,0.859557,0.0174603,0.284127,0.698413
Prioritize equality,govment_20,step_21,hcabs_s2080,taxpay_s2080,144.399,0.0980909,1673.4,4561.38,0.227262,0.015754,0.756984,0.914385,0.0904762,0.199206,0.710317
Prioritize equality,govment_20,step_21,hcabs_s2080,taxpay_s2080,129.679,0.225699,1373.97,3967.54,0.220595,0.0190079,0.760397,0.83477,0.0309524,0.300794,0.668254
Prioritize equality,govment_20,step_21,hcabs_s2080,taxpay_s2080,162.196,0.0683104,1625.13,4869.06,0.187103,0.0151984,0.797698,0.905234,0.0880952,0.197619,0.714286
Prioritize equality,govment_20,step_21,hcabs_s2080,taxpay_s2080,84.2605,0.115224,917.497,2602.71,0.271111,0.0753968,0.653492,0.861811,0.0150794,0.29127,0.693651
Prioritize equality,govment_20,step_21,hcabs_s2080,taxpay_s2080,94.6488,0.126577,1029.02,2922,0.219484,0.0744444,0.706071,0.839299,0.0452381,0.268254,0.686508
Prioritize equality,govment_20,step_21,hcabs_s2080,taxpay_s2080,133.413,0.104564,1321.71,3989.96,0.168333,0.0219444,0.809722,0.838518,0.0436508,0.275397,0.680952
Prioritize equality,govment_20,step_21,hcabs_s2080,taxpay_s2080,95.2647,0.0991257,1119.75,3025.04,0.257937,0.0442857,0.697778,0.853112,0.0301587,0.3,0.669841
Prioritize equality,govment_20,step_21,hcabs_s2080,taxpay_s2080,119.699,0.0989584,1421.47,3815.45,0.194087,0.069127,0.736786,0.914204,0.0857143,0.178571,0.735714
Prioritize equality,govment_20,step_21,hcabs_s2080,taxpay_s2080,167.854,0.0460959,1697.89,5054.97,0.157698,0.0171429,0.825159,0.89502,0.0873016,0.194444,0.718254
Prioritize equality,govment_20,step_21,hcabs_s2080,taxpay_s2080,117.065,0.0598517,1250.26,3591.56,0.224762,0.0271825,0.748056,0.86535,0.0388889,0.275397,0.685714
Prioritize equality,govment_20,step_21,hcabs_s2080,taxpay_s2080,127.392,0.12494,1302.25,3850.08,0.201667,0.0670238,0.73131,0.86523,0.0730159,0.199206,0.727778
Prioritize equality,govment_20,step_21,hcabs_s2080,taxpay_s2080,173.01,0.0477029,1664.88,5125.08,0.190397,0.0286508,0.780952,0.929082,0.13254,0.137302,0.730159
Prioritize equality,govment_20,step_21,hcabs_s2080,taxpay_s2080,106.956,0.147161,1152.93,3292.04,0.277698,0.0195238,0.702778,0.843914,0.0222222,0.303175,0.674603
Prioritize equality,govment_20,step_21,hcabs_s2080,taxpay_s2080,150.885,0.128325,1525.87,4543.57,0.175556,0.0327778,0.791667,0.869011,0.0619048,0.215079,0.723016
Prioritize equality,govment_20,step_21,hcabs_s2080,taxpay_s2080,108.424,0.131161,1237.14,3405.61,0.208294,0.0274603,0.764246,0.827611,0.0333333,0.303968,0.662698
Prioritize equality,govment_20,step_21,hcabs_s2080,taxpay_s2080,107.086,0.158094,1259.23,3400.95,0.18131,0.0744048,0.744286,0.853002,0.0555556,0.228571,0.715873
Prioritize equality,govment_20,step_21,hcabs_s2080,taxpay_s2080,121.259,0.065333,1208.85,3634.04,0.198333,0.0824603,0.719206,0.915194,0.0785714,0.168254,0.753175
Prioritize equality,govment_20,step_21,hcabs_s2080,taxpay_s2080,99.6565,0.0723179,923.303,2916.43,0.236865,0.0956746,0.66746,0.891343,0.034127,0.22619,0.739683
Prioritize ave. wealth,govment_20,step_21,hcabs_s8020,taxpay_s8020,327.46,0.471414,147.39,6696.58,0.223452,0.0399206,0.736627,0.439794,0.198413,0,0.801587
Prioritize ave. wealth,govment_20,step_21,hcabs_s8020,taxpay_s8020,396.277,0.37919,112.571,8038.11,0.129167,0.0271429,0.84369,0.456535,0.184921,0,0.815079
Prioritize ave. wealth,govment_20,step_21,hcabs_s8020,taxpay_s8020,262.133,0.362192,78.8789,5321.53,0.13373,0.064246,0.802024,0.313001,0.235714,0,0.764286
Prioritize ave. wealth,govment_20,step_21,hcabs_s8020,taxpay_s8020,361.855,0.351733,135.95,7373.05,0.165873,0.0231746,0.810952,0.53286,0.05,0,0.95
Prioritize ave. wealth,govment_20,step_21,hcabs_s8020,taxpay_s8020,314.306,0.436416,152.021,6438.15,0.157976,0.0542063,0.787817,0.53364,0.081746,0,0.918254
Prioritize ave. wealth,govment_20,step_21,hcabs_s8020,taxpay_s8020,372.591,0.388451,132.694,7584.51,0.12004,0.0294048,0.850556,0.442798,0.0396825,0,0.960317
Prioritize ave. wealth,govment_20,step_21,hcabs_s8020,taxpay_s8020,359.866,0.465162,156.355,7353.67,0.170754,0.024881,0.804365,0.536413,0.162698,0,0.837302
Prioritize ave. wealth,govment_20,step_21,hcabs_s8020,taxpay_s8020,355.558,0.3679,141.593,7252.76,0.0783333,0.0524603,0.869206,0.478966,0.103175,0,0.896825
Prioritize ave. wealth,govment_20,step_21,hcabs_s8020,taxpay_s8020,343.458,0.519759,137.87,7007.02,0.134286,0.0624206,0.803294,0.620605,0.143651,0,0.856349
Prioritize ave. wealth,govment_20,step_21,hcabs_s8020,taxpay_s8020,356.729,0.356024,95.9611,7230.53,0.21123,0.00980159,0.778968,0.288304,0.0968254,0,0.903175
Prioritize ave. wealth,govment_20,step_21,hcabs_s8020,taxpay_s8020,377.761,0.359794,116.284,7671.51,0.17877,0.0146429,0.806587,0.453074,0.107143,0,0.892857
Prioritize ave. wealth,govment_20,step_21,hcabs_s8020,taxpay_s8020,268.553,0.381521,134.842,5505.89,0.161984,0.0597619,0.778254,0.504222,0.116667,0,0.883333
Prioritize ave. wealth,govment_20,step_21,hcabs_s8020,taxpay_s8020,357.011,0.441294,136.091,7276.31,0.149841,0.0511111,0.799048,0.564456,0.120635,0,0.879365
Prioritize ave. wealth,govment_20,step_21,hcabs_s8020,taxpay_s8020,395.808,0.404996,200.782,8116.95,0.140198,0.0373413,0.82246,0.748175,0.05,0,0.95
Prioritize ave. wealth,govment_20,step_21,hcabs_s8020,taxpay_s8020,375.13,0.420582,119.3,7621.91,0.146587,0.0315079,0.821905,0.410095,0.146032,0,0.853968
Prioritize ave. wealth,govment_20,step_21,hcabs_s8020,taxpay_s8020,351.015,0.396391,95.7386,7116.04,0.155198,0.0420635,0.802738,0.346379,0.284921,0,0.715079
Prioritize ave. wealth,govment_20,step_21,hcabs_s8020,taxpay_s8020,406.563,0.400767,145.195,8276.46,0.129206,0.0295238,0.84127,0.416999,0.0563492,0,0.943651
Prioritize ave. wealth,govment_20,step_21,hcabs_s8020,taxpay_s8020,361.516,0.394564,158.989,7389.32,0.158056,0.0317857,0.810159,0.560359,0.0666667,0,0.933333
Prioritize ave. wealth,govment_20,step_21,hcabs_s8020,taxpay_s8020,326.263,0.374918,164.772,6690.03,0.127738,0.0622222,0.81004,0.637648,0.0611111,0,0.938889
Prioritize ave. wealth,govment_20,step_21,hcabs_s8020,taxpay_s8020,363.087,0.424445,193.361,7455.1,0.154921,0.0340873,0.810992,0.515625,0.106349,0,0.893651
Prioritize ave. wealth,govment_20,step_21,hcabs_s8020,taxpay_s8020,358.946,0.35395,139.503,7318.41,0.145317,0.0355159,0.819167,0.532902,0.112698,0,0.887302
Prioritize ave. wealth,govment_20,step_21,hcabs_s8020,taxpay_s8020,344.427,0.353868,171.342,7059.88,0.104167,0.0603175,0.835516,0.717504,0.0547619,0,0.945238
Prioritize ave. wealth,govment_20,step_21,hcabs_s8020,taxpay_s8020,224.311,0.382858,89.2032,4575.43,0.146429,0.0961111,0.75746,0.452888,0.103175,0,0.896825
Prioritize ave. wealth,govment_20,step_21,hcabs_s8020,taxpay_s8020,411.332,0.395171,192.024,8418.66,0.119325,0.0188492,0.861825,0.553156,0.0444444,0,0.955556
Prioritize ave. wealth,govment_20,step_21,hcabs_s8020,taxpay_s8020,406.006,0.394158,165.674,8285.8,0.126389,0.0231349,0.850476,0.532277,0.0547619,0,0.945238
Prioritize ave. wealth,govment_20,step_21,hcabs_s8020,taxpay_s8020,376.904,0.374898,152.599,7690.67,0.146508,0.0222222,0.83127,0.415789,0.0333333,0,0.966667
Prioritize ave. wealth,govment_20,step_21,hcabs_s8020,taxpay_s8020,336.746,0.333479,156.16,6891.08,0.168413,0.0367063,0.794881,0.614387,0.0539683,0,0.946032
Prioritize ave. wealth,govment_20,step_21,hcabs_s8020,taxpay_s8020,345.487,0.469781,144.972,7054.72,0.14619,0.0499603,0.803849,0.605078,0.0507937,0,0.949206
Prioritize ave. wealth,govment_20,step_21,hcabs_s8020,taxpay_s8020,421.56,0.432715,176.219,8607.41,0.0986111,0.0248016,0.876587,0.552516,0.0571429,0,0.942857
Prioritize ave. wealth,govment_20,step_21,hcabs_s8020,taxpay_s8020,374.026,0.446194,121.657,7602.17,0.124127,0.0515476,0.824325,0.345294,0.20873,0,0.79127
Prioritize ave. wealth,govment_20,step_21,hcabs_s8020,taxpay_s8020,408.748,0.396745,124.429,8299.39,0.104563,0.0371429,0.858294,0.493447,0.05,0,0.95
Prioritize ave. wealth,govment_20,step_21,hcabs_s8020,taxpay_s8020,404.939,0.41107,143.718,8242.51,0.170437,0.0147222,0.814841,0.492107,0.0873016,0,0.912698
Prioritize ave. wealth,govment_20,step_21,hcabs_s8020,taxpay_s8020,427.018,0.336684,150.92,8691.28,0.105714,0.0199603,0.874325,0.600124,0.0642857,0,0.935714
Prioritize ave. wealth,govment_20,step_21,hcabs_s8020,taxpay_s8020,432.902,0.321175,156.973,8815,0.137222,0.0121032,0.850675,0.456548,0.0603175,0,0.939683
Prioritize ave. wealth,govment_20,step_21,hcabs_s8020,taxpay_s8020,248.337,0.284361,82.198,5048.95,0.180952,0.0614683,0.757579,0.519497,0.0420635,0,0.957937
Prioritize ave. wealth,govment_20,step_21,hcabs_s8020,taxpay_s8020,283.025,0.524731,66.8141,5727.31,0.119325,0.057381,0.823294,0.498091,0.3,0,0.7
Prioritize ave. wealth,govment_20,step_21,hcabs_s8020,taxpay_s8020,458.177,0.438772,165.052,9328.59,0.123413,0.011627,0.86496,0.418656,0.113492,0,0.886508
Prioritize ave. wealth,govment_20,step_21,hcabs_s8020,taxpay_s8020,435.566,0.322333,173.629,8884.94,0.121071,0.00186508,0.877063,0.683965,0.0333333,0,0.966667
Prioritize ave. wealth,govment_20,step_21,hcabs_s8020,taxpay_s8020,392.388,0.441636,159.289,8007.05,0.10627,0.0457937,0.847937,0.382046,0.0992063,0,0.900794
Prioritize ave. wealth,govment_20,step_21,hcabs_s8020,taxpay_s8020,352.177,0.345072,134.058,7177.6,0.151944,0.0331349,0.814921,0.530178,0.0531746,0,0.946825
Prioritize ave. wealth,govment_20,step_21,hcabs_s8020,taxpay_s8020,352.447,0.351041,165.329,7214.27,0.196468,0.0194048,0.784127,0.644633,0.0404762,0,0.959524
Prioritize ave. wealth,govment_20,step_21,hcabs_s8020,taxpay_s8020,422.528,0.367747,178.919,8629.48,0.123254,0.0275794,0.849167,0.60339,0.047619,0,0.952381
Prioritize ave. wealth,govment_20,step_21,hcabs_s8020,taxpay_s8020,376.603,0.331848,97.3837,7629.45,0.145873,0.0215476,0.832579,0.501554,0.107143,0,0.892857
Prioritize ave. wealth,govment_20,step_21,hcabs_s8020,taxpay_s8020,356.299,0.385621,136.383,7262.37,0.148571,0.0439286,0.8075,0.56807,0.0706349,0,0.929365
Prioritize ave. wealth,govment_20,step_21,hcabs_s8020,taxpay_s8020,391.546,0.363537,118.199,7949.12,0.113135,0.0332937,0.853571,0.493325,0.186508,0,0.813492
Prioritize ave. wealth,govment_20,step_21,hcabs_s8020,taxpay_s8020,397.359,0.367207,166.821,8114.01,0.0947619,0.0285317,0.876706,0.469929,0.0436508,0,0.956349
Prioritize ave. wealth,govment_20,step_21,hcabs_s8020,taxpay_s8020,361.059,0.40873,151.188,7372.36,0.157262,0.0322619,0.810476,0.57321,0.0515873,0,0.948413
Prioritize ave. wealth,govment_20,step_21,hcabs_s8020,taxpay_s8020,391.522,0.480851,193.971,8024.41,0.131944,0.0353175,0.832738,0.491124,0.0333333,0,0.966667
Prioritize ave. wealth,govment_20,step_21,hcabs_s8020,taxpay_s8020,308.865,0.367336,116.436,6293.73,0.155397,0.0478968,0.796706,0.484597,0.0619048,0,0.938095
Prioritize ave. wealth,govment_20,step_21,hcabs_s8020,taxpay_s8020,362.148,0.446158,131.714,7374.68,0.142183,0.0306349,0.827183,0.45271,0.175397,0,0.824603
Prioritize ave. wealth,govment_20,step_21,hcabs_s8020,taxpay_s8020,259.987,0.400036,121.117,5320.85,0.194087,0.0713095,0.734603,0.541071,0.0333333,0,0.966667
Prioritize ave. wealth,govment_20,step_21,hcabs_s8020,taxpay_s8020,391.963,0.381189,123.346,7962.61,0.17631,0.0314286,0.792262,0.441309,0.0833333,0,0.916667
Prioritize ave. wealth,govment_20,step_21,hcabs_s8020,taxpay_s8020,290.017,0.493734,156.247,5956.6,0.14004,0.0821032,0.777857,0.592385,0.0333333,0,0.966667
Prioritize ave. wealth,govment_20,step_21,hcabs_s8020,taxpay_s8020,452.886,0.324365,135.104,9192.83,0.117857,0.00948413,0.872659,0.354728,0.200794,0,0.799206
Prioritize ave. wealth,govment_20,step_21,hcabs_s8020,taxpay_s8020,413.142,0.436637,130.615,8393.46,0.13623,0.022381,0.841389,0.498371,0.0333333,0,0.966667
Prioritize ave. wealth,govment_20,step_21,hcabs_s8020,taxpay_s8020,275.609,0.425938,102.821,5615,0.151984,0.0813095,0.766706,0.466061,0.0333333,0,0.966667
Prioritize ave. wealth,govment_20,step_21,hcabs_s8020,taxpay_s8020,289.43,0.506622,156.768,5945.37,0.199722,0.052619,0.747659,0.581901,0.115079,0,0.884921
Prioritize ave. wealth,govment_20,step_21,hcabs_s8020,taxpay_s8020,375.864,0.395693,128.756,7646.03,0.186706,0.0259524,0.787341,0.613931,0.0619048,0,0.938095
Prioritize ave. wealth,govment_20,step_21,hcabs_s8020,taxpay_s8020,364.318,0.366655,146.561,7432.92,0.179762,0.0248016,0.795437,0.398374,0.0357143,0,0.964286
Prioritize ave. wealth,govment_20,step_21,hcabs_s8020,taxpay_s8020,362.672,0.466096,98.1785,7351.61,0.181548,0.0272619,0.79119,0.305414,0.28254,0,0.71746
Prioritize ave. wealth,govment_20,step_21,hcabs_s8020,taxpay_s8020,328.428,0.443494,133.44,6702,0.176071,0.0420635,0.781865,0.423804,0.0698413,0,0.930159
Prioritize ave. wealth,govment_20,step_21,hcabs_s8020,taxpay_s8020,320.183,0.469062,99.6636,6503.33,0.113294,0.0713889,0.815317,0.287855,0.216667,0,0.783333
Prioritize ave. wealth,govment_20,step_21,hcabs_s8020,taxpay_s8020,424.646,0.374152,188.447,8681.36,0.0721429,0.0392063,0.888651,0.583724,0.0611111,0,0.938889
Prioritize ave. wealth,govment_20,step_21,hcabs_s8020,taxpay_s8020,398.975,0.42226,102.946,8082.44,0.0779365,0.0736111,0.848452,0.515118,0.133333,0,0.866667
Prioritize ave. wealth,govment_20,step_21,hcabs_s8020,taxpay_s8020,334.423,0.356133,113.76,6802.22,0.10123,0.0738889,0.824881,0.652847,0.047619,0,0.952381
Prioritize ave. wealth,govment_20,step_21,hcabs_s8020,taxpay_s8020,451.401,0.355244,210.231,9238.26,0.104405,0.0185317,0.877063,0.563574,0.0333333,0,0.966667
Prioritize ave. wealth,govment_20,step_21,hcabs_s8020,taxpay_s8020,196.119,0.494838,52.582,3974.97,0.198016,0.0977381,0.704246,0.548541,0.0992063,0,0.900794
Prioritize ave. wealth,govment_20,step_21,hcabs_s8020,taxpay_s8020,382.267,0.370554,112.496,7757.84,0.129365,0.0349603,0.835675,0.363794,0.0793651,0,0.920635
Prioritize ave. wealth,govment_20,step_21,hcabs_s8020,taxpay_s8020,380.824,0.426195,107.452,7723.93,0.13881,0.0496825,0.811508,0.48088,0.159524,0,0.840476
Prioritize ave. wealth,govment_20,step_21,hcabs_s8020,taxpay_s8020,441.566,0.347637,146.348,8977.66,0.080119,0.0126984,0.907183,0.364842,0.0690476,0,0.930952
Prioritize ave. wealth,govment_20,step_21,hcabs_s8020,taxpay_s8020,285.716,0.435746,109.607,5823.92,0.200754,0.0528175,0.746429,0.513121,0.189683,0,0.810317
Prioritize ave. wealth,govment_20,step_21,hcabs_s8020,taxpay_s8020,357.783,0.446698,141.881,7297.54,0.130278,0.0342857,0.835437,0.426391,0.104762,0,0.895238
Prioritize ave. wealth,govment_20,step_21,hcabs_s8020,taxpay_s8020,389.029,0.326113,111.145,7891.72,0.137937,0.0248016,0.837262,0.539632,0.0904762,0,0.909524
Prioritize ave. wealth,govment_20,step_21,hcabs_s8020,taxpay_s8020,368.58,0.387136,173.657,7545.25,0.158175,0.0306349,0.81119,0.595492,0.047619,0,0.952381
Prioritize ave. wealth,govment_20,step_21,hcabs_s8020,taxpay_s8020,346.828,0.413492,126.486,7063.05,0.146548,0.0528175,0.800635,0.528004,0.0928571,0,0.907143
Prioritize ave. wealth,govment_20,step_21,hcabs_s8020,taxpay_s8020,266.768,0.459419,138.324,5473.68,0.150635,0.0730952,0.77627,0.596231,0.052381,0,0.947619
Prioritize ave. wealth,govment_20,step_21,hcabs_s8020,taxpay_s8020,323.826,0.397275,105.983,6582.5,0.10869,0.065119,0.82619,0.385284,0.0531746,0,0.946825
Prioritize ave. wealth,govment_20,step_21,hcabs_s8020,taxpay_s8020,276.153,0.457169,121.666,5644.73,0.160794,0.079246,0.75996,0.518602,0.140476,0,0.859524
Prioritize ave. wealth,govment_20,step_21,hcabs_s8020,taxpay_s8020,389.007,0.385554,156.09,7936.24,0.140476,0.0303175,0.829206,0.430769,0.0563492,0,0.943651
Prioritize ave. wealth,govment_20,step_21,hcabs_s8020,taxpay_s8020,385.988,0.327893,119.38,7839.15,0.16754,0.0110714,0.821389,0.655955,0.0746032,0,0.925397
Prioritize ave. wealth,govment_20,step_21,hcabs_s8020,taxpay_s8020,422.089,0.346452,114.448,8556.23,0.108651,0.0280556,0.863294,0.538509,0.178571,0,0.821429
Prioritize ave. wealth,govment_20,step_21,hcabs_s8020,taxpay_s8020,395.95,0.356397,184.211,8103.22,0.13881,0.0186508,0.84254,0.55621,0.0587302,0,0.94127
Prioritize ave. wealth,govment_20,step_21,hcabs_s8020,taxpay_s8020,246.39,0.447396,117.8,5045.6,0.159563,0.0814286,0.759008,0.488171,0.052381,0,0.947619
Prioritize ave. wealth,govment_20,step_21,hcabs_s8020,taxpay_s8020,361.412,0.382926,152.896,7381.14,0.198254,0.0171429,0.784603,0.492622,0.0333333,0,0.966667
Prioritize ave. wealth,govment_20,step_21,hcabs_s8020,taxpay_s8020,283.066,0.479164,41.0272,5702.34,0.235556,0.0488095,0.715635,0.468966,0.0507937,0,0.949206
Prioritize ave. wealth,govment_20,step_21,hcabs_s8020,taxpay_s8020,432.158,0.347643,139.465,8782.63,0.124206,0.0248413,0.850952,0.40127,0.0698413,0,0.930159
Prioritize ave. wealth,govment_20,step_21,hcabs_s8020,taxpay_s8020,348.472,0.412465,131.49,7100.92,0.165873,0.0418254,0.792302,0.639437,0.0595238,0,0.940476
Prioritize ave. wealth,govment_20,step_21,hcabs_s8020,taxpay_s8020,281.328,0.4408,129.988,5756.56,0.178968,0.0393651,0.781667,0.598374,0.104762,0,0.895238
Prioritize ave. wealth,govment_20,step_21,hcabs_s8020,taxpay_s8020,375.292,0.4732,118.613,7624.46,0.114881,0.0508333,0.834286,0.46581,0.193651,0,0.806349
Prioritize ave. wealth,govment_20,step_21,hcabs_s8020,taxpay_s8020,325.344,0.426032,130.48,6637.35,0.0963492,0.0697222,0.833929,0.523333,0.0769841,0,0.923016
Prioritize ave. wealth,govment_20,step_21,hcabs_s8020,taxpay_s8020,381.255,0.343925,142.722,7767.82,0.131349,0.0192063,0.849444,0.640927,0.0333333,0,0.966667
Prioritize ave. wealth,govment_20,step_21,hcabs_s8020,taxpay_s8020,359.608,0.383375,143.46,7335.63,0.20881,0.0209127,0.770278,0.615691,0.0555556,0,0.944444
Prioritize ave. wealth,govment_20,step_21,hcabs_s8020,taxpay_s8020,408.23,0.359428,114.088,8278.69,0.105,0.032381,0.862619,0.329634,0.28254,0,0.71746
Prioritize ave. wealth,govment_20,step_21,hcabs_s8020,taxpay_s8020,326.797,0.365749,113.965,6649.9,0.150595,0.04,0.809405,0.531569,0.0777778,0,0.922222
Prioritize ave. wealth,govment_20,step_21,hcabs_s8020,taxpay_s8020,273.664,0.486348,136.262,5609.55,0.169524,0.0822619,0.748214,0.519613,0.0666667,0,0.933333
Prioritize ave. wealth,govment_20,step_21,hcabs_s8020,taxpay_s8020,308.367,0.461304,122.162,6289.5,0.161746,0.0595635,0.77869,0.496059,0.0333333,0,0.966667
Prioritize ave. wealth,govment_20,step_21,hcabs_s8020,taxpay_s8020,364.839,0.4106,144.173,7440.95,0.0832937,0.0682143,0.848492,0.406904,0.0611111,0,0.938889
Prioritize ave. wealth,govment_20,step_21,hcabs_s8020,taxpay_s8020,419.722,0.396823,145.955,8540.39,0.118611,0.0193254,0.862063,0.467606,0.05,0,0.95
Prioritize ave. wealth,govment_20,step_21,hcabs_s8020,taxpay_s8020,372.77,0.367421,142.589,7598,0.206111,0.0256349,0.768254,0.366319,0.0833333,0,0.916667
Prioritize ave. wealth,govment_20,step_21,hcabs_s8020,taxpay_s8020,377.607,0.302186,153.941,7706.09,0.153294,0.00706349,0.839643,0.559875,0.0333333,0,0.966667
Prioritize gov. wealth,govment_20,step_21,hcabs_sgpow,taxpay_sgpow,224.51,0.267788,2650.54,7140.74,0.0638095,0.0329762,0.903214,0.985437,0.320635,0.0253968,0.653968
Prioritize gov. wealth,govment_20,step_21,hcabs_sgpow,taxpay_sgpow,228.895,0.299401,2717.07,7294.98,0.0494048,0.0415079,0.909087,0.991256,0.330952,0.0166667,0.652381
Prioritize gov. wealth,govment_20,step_21,hcabs_sgpow,taxpay_sgpow,227.586,0.235716,2694.37,7246.09,0.0453571,0.0333333,0.92131,0.988264,0.315079,0.0325397,0.652381
Prioritize gov. wealth,govment_20,step_21,hcabs_sgpow,taxpay_sgpow,223.997,0.247976,2656.96,7136.91,0.0560317,0.0240476,0.919921,0.978265,0.309524,0.0380952,0.652381
Prioritize gov. wealth,govment_20,step_21,hcabs_sgpow,taxpay_sgpow,234.174,0.18181,2912.1,7595.57,0.0122619,0.0128968,0.974841,0.987806,0.325397,0.034127,0.640476
Prioritize gov. wealth,govment_20,step_21,hcabs_sgpow,taxpay_sgpow,231.034,0.254848,2760.42,7381.1,0.0748413,0.00678571,0.918373,0.948508,0.30873,0.0428571,0.648413
Prioritize gov. wealth,govment_20,step_21,hcabs_sgpow,taxpay_sgpow,215.291,0.265373,2547.16,6852.99,0.0675397,0.0251984,0.907262,0.957917,0.30873,0.0325397,0.65873
Prioritize gov. wealth,govment_20,step_21,hcabs_sgpow,taxpay_sgpow,217.688,0.256507,2600.64,6954.41,0.0429762,0.0236508,0.933373,0.950591,0.295238,0.0507937,0.653968
Prioritize gov. wealth,govment_20,step_21,hcabs_sgpow,taxpay_sgpow,204.576,0.288448,2441.05,6532.56,0.0978175,0.0307937,0.871389,0.974804,0.284127,0.0539683,0.661905
Prioritize gov. wealth,govment_20,step_21,hcabs_sgpow,taxpay_sgpow,227.302,0.289467,2724.28,7270.32,0.0573016,0.0240079,0.91869,0.92451,0.315079,0.0388889,0.646032
Prioritize gov. wealth,govment_20,step_21,hcabs_sgpow,taxpay_sgpow,193.912,0.311819,2605.21,6483.44,0.107937,0.0165079,0.875556,0.917266,0.286508,0.0611111,0.652381
Prioritize gov. wealth,govment_20,step_21,hcabs_sgpow,taxpay_sgpow,228.129,0.29569,2706.27,7268.86,0.0265476,0.0200794,0.953373,0.885994,0.301587,0.052381,0.646032
Prioritize gov. wealth,govment_20,step_21,hcabs_sgpow,taxpay_sgpow,217.998,0.300663,2618.81,6978.77,0.0765476,0.035873,0.887579,0.993102,0.323016,0.0198413,0.657143
Prioritize gov. wealth,govment_20,step_21,hcabs_sgpow,taxpay_sgpow,201.805,0.284727,2773.88,6809.98,0.060873,0.0214286,0.917698,0.969037,0.296825,0.0555556,0.647619
Prioritize gov. wealth,govment_20,step_21,hcabs_sgpow,taxpay_sgpow,226.969,0.271275,2762.11,7301.49,0.0743651,0.0207143,0.904921,0.962367,0.318254,0.034127,0.647619
Prioritize gov. wealth,govment_20,step_21,hcabs_sgpow,taxpay_sgpow,229.572,0.173884,2790.5,7381.93,0.0596032,0.017381,0.923016,0.994696,0.339683,0.0111111,0.649206
Prioritize gov. wealth,govment_20,step_21,hcabs_sgpow,taxpay_sgpow,225.09,0.308766,2707.11,7208.9,0.0560714,0.0182143,0.925714,0.883593,0.312698,0.0388889,0.648413
Prioritize gov. wealth,govment_20,step_21,hcabs_sgpow,taxpay_sgpow,219.937,0.267252,2793.08,7191.82,0.0444048,0.0338095,0.921786,0.991209,0.330159,0.0214286,0.648413
Prioritize gov. wealth,govment_20,step_21,hcabs_sgpow,taxpay_sgpow,226.188,0.25059,2731.05,7254.82,0.0746429,0.0259127,0.899444,0.998534,0.343651,0.0047619,0.651587
Prioritize gov. wealth,govment_20,step_21,hcabs_sgpow,taxpay_sgpow,222.247,0.255397,2618.23,7063.17,0.0795238,0.0165873,0.903889,0.983225,0.304762,0.0404762,0.654762
Prioritize gov. wealth,govment_20,step_21,hcabs_sgpow,taxpay_sgpow,246.351,0.222817,2934.77,7861.8,0.0575397,0.00369048,0.93877,0.988552,0.340476,0.018254,0.64127
Prioritize gov. wealth,govment_20,step_21,hcabs_sgpow,taxpay_sgpow,223.476,0.264186,2678.01,7147.53,0.0810714,0.0156349,0.903294,0.927209,0.314286,0.0388889,0.646825
Prioritize gov. wealth,govment_20,step_21,hcabs_sgpow,taxpay_sgpow,228.14,0.270815,2864.83,7427.63,0.0642063,0.0224603,0.913333,0.988259,0.329365,0.0261905,0.644444
Prioritize gov. wealth,govment_20,step_21,hcabs_sgpow,taxpay_sgpow,211.764,0.231301,2532.79,6768.08,0.0411508,0.0348413,0.924008,0.986095,0.295238,0.0452381,0.659524
Prioritize gov. wealth,govment_20,step_21,hcabs_sgpow,taxpay_sgpow,187.29,0.284766,2326.07,6071.86,0.0892857,0.0269048,0.88381,0.958345,0.245238,0.0857143,0.669048
Prioritize gov. wealth,govment_20,step_21,hcabs_sgpow,taxpay_sgpow,238.824,0.16799,2869.43,7645.9,0.0140079,0.016627,0.969365,0.991385,0.328571,0.0285714,0.642857
Prioritize gov. wealth,govment_20,step_21,hcabs_sgpow,taxpay_sgpow,241.68,0.241121,2823.98,7657.57,0.0578571,0.0153968,0.926746,0.991895,0.335714,0.018254,0.646032
Prioritize gov. wealth,govment_20,step_21,hcabs_sgpow,taxpay_sgpow,219.836,0.325284,2622.08,7018.8,0.0455952,0.0294048,0.925,0.961614,0.288889,0.0579365,0.653175
Prioritize gov. wealth,govment_20,step_21,hcabs_sgpow,taxpay_sgpow,218.777,0.298399,2580.69,6956.23,0.0688492,0.0153571,0.915794,0.963391,0.288889,0.0579365,0.653175
Prioritize gov. wealth,govment_20,step_21,hcabs_sgpow,taxpay_sgpow,237.341,0.245697,2834.93,7581.75,0.0563095,0.0152381,0.928452,0.99003,0.327778,0.0253968,0.646825
Prioritize gov. wealth,govment_20,step_21,hcabs_sgpow,taxpay_sgpow,198.628,0.461473,2368.59,6341.15,0.139722,0.0107143,0.849563,0.801812,0.280159,0.0761905,0.643651
Prioritize gov. wealth,govment_20,step_21,hcabs_sgpow,taxpay_sgpow,191.409,0.349065,2617,6445.17,0.0799603,0.0188492,0.90119,0.942555,0.266667,0.0865079,0.646825
Prioritize gov. wealth,govment_20,step_21,hcabs_sgpow,taxpay_sgpow,204.591,0.283761,2690.03,6781.85,0.0547222,0.0298413,0.915437,0.929996,0.306349,0.0436508,0.65
Prioritize gov. wealth,govment_20,step_21,hcabs_sgpow,taxpay_sgpow,217.655,0.283529,2723.25,7076.35,0.057381,0.0240079,0.918611,0.9809,0.315079,0.0357143,0.649206
Prioritize gov. wealth,govment_20,step_21,hcabs_sgpow,taxpay_sgpow,232.64,0.205193,2723.56,7376.36,0.0515873,0.00984127,0.938571,0.984149,0.305556,0.0444444,0.65
Prioritize gov. wealth,govment_20,step_21,hcabs_sgpow,taxpay_sgpow,220.885,0.316081,2618.52,7036.22,0.0679365,0.0302381,0.901825,0.984734,0.303968,0.0420635,0.653968
Prioritize gov. wealth,govment_20,step_21,hcabs_sgpow,taxpay_sgpow,231.412,0.241868,2765.71,7393.94,0.0831349,0.0161508,0.900714,0.995265,0.335714,0.0142857,0.65
Prioritize gov. wealth,govment_20,step_21,hcabs_sgpow,taxpay_sgpow,220.435,0.323739,2633.94,7042.63,0.0413889,0.0247619,0.933849,0.908751,0.299206,0.05,0.650794
Prioritize gov. wealth,govment_20,step_21,hcabs_sgpow,taxpay_sgpow,212.927,0.297346,2603.93,6862.47,0.0361111,0.0286111,0.935278,0.961997,0.283333,0.0626984,0.653968
Prioritize gov. wealth,govment_20,step_21,hcabs_sgpow,taxpay_sgpow,185.362,0.343356,2291,5998.23,0.0951984,0.0266667,0.878135,0.948068,0.250794,0.0833333,0.665873
Prioritize gov. wealth,govment_20,step_21,hcabs_sgpow,taxpay_sgpow,209.377,0.291488,2609.3,6796.83,0.0950794,0.0213095,0.883611,0.978862,0.298413,0.0460317,0.655556
Prioritize gov. wealth,govment_20,step_21,hcabs_sgpow,taxpay_sgpow,234.633,0.254599,2807.91,7500.56,0.0568651,0.0185714,0.924563,0.988724,0.319841,0.0325397,0.647619
Prioritize gov. wealth,govment_20,step_21,hcabs_sgpow,taxpay_sgpow,211.111,0.265742,2524.26,6746.48,0.0709524,0.035,0.894048,0.993322,0.307937,0.0285714,0.663492
Prioritize gov. wealth,govment_20,step_21,hcabs_sgpow,taxpay_sgpow,215.083,0.33639,2564.84,6866.5,0.0595635,0.0255952,0.914841,0.916858,0.297619,0.0452381,0.657143
Prioritize gov. wealth,govment_20,step_21,hcabs_sgpow,taxpay_sgpow,222.709,0.335698,2645.17,7099.35,0.0405952,0.0342857,0.925119,0.867819,0.325397,0.0238095,0.650794
Prioritize gov. wealth,govment_20,step_21,hcabs_sgpow,taxpay_sgpow,212.26,0.319,2687.68,6932.88,0.139008,0.000753968,0.860238,0.949399,0.288095,0.0642857,0.647619
Prioritize gov. wealth,govment_20,step_21,hcabs_sgpow,taxpay_sgpow,215.184,0.370583,2569.06,6872.74,0.105754,0.0130159,0.88123,0.809428,0.315079,0.0428571,0.642063
Prioritize gov. wealth,govment_20,step_21,hcabs_sgpow,taxpay_sgpow,221.903,0.248196,2640.78,7078.84,0.0598413,0.0251984,0.91496,0.983457,0.310317,0.034127,0.655556
Prioritize gov. wealth,govment_20,step_21,hcabs_sgpow,taxpay_sgpow,217.416,0.285069,2801.95,7150.28,0.0485317,0.0125794,0.938889,0.975733,0.297619,0.0571429,0.645238
Prioritize gov. wealth,govment_20,step_21,hcabs_sgpow,taxpay_sgpow,180.231,0.334081,2285.54,5890.16,0.079127,0.0228968,0.897976,0.938133,0.215079,0.115873,0.669048
Prioritize gov. wealth,govment_20,step_21,hcabs_sgpow,taxpay_sgpow,246.267,0.182523,2942.29,7867.64,0.0418651,0.00361111,0.954524,0.990016,0.333333,0.0246032,0.642063
Prioritize gov. wealth,govment_20,step_21,hcabs_sgpow,taxpay_sgpow,234.958,0.202667,2815.24,7514.4,0.0792063,0.00777778,0.913016,0.993064,0.338095,0.0150794,0.646825
Prioritize gov. wealth,govment_20,step_21,hcabs_sgpow,taxpay_sgpow,229.29,0.270009,2744.85,7330.65,0.0326984,0.0288889,0.938413,0.98635,0.318254,0.0309524,0.650794
Prioritize gov. wealth,govment_20,step_21,hcabs_sgpow,taxpay_sgpow,217.584,0.292044,2663.63,7015.31,0.0903968,0.0239286,0.885675,0.989494,0.319048,0.0261905,0.654762
Prioritize gov. wealth,govment_20,step_21,hcabs_sgpow,taxpay_sgpow,209.544,0.267222,2470.29,6661.18,0.0786905,0.0303968,0.890913,0.982273,0.29127,0.0460317,0.662698
Prioritize gov. wealth,govment_20,step_21,hcabs_sgpow,taxpay_sgpow,227.202,0.234086,2658,7202.04,0.0669841,0.00809524,0.924921,0.980381,0.296032,0.0507937,0.653175
Prioritize gov. wealth,govment_20,step_21,hcabs_sgpow,taxpay_sgpow,211.189,0.281064,2518.94,6742.72,0.0693651,0.0494048,0.88123,0.995634,0.320635,0.0174603,0.661905
Prioritize gov. wealth,govment_20,step_21,hcabs_sgpow,taxpay_sgpow,222.267,0.348074,2656.9,7102.24,0.0720238,0.0441667,0.88381,0.996773,0.337302,0.00793651,0.654762
Prioritize gov. wealth,govment_20,step_21,hcabs_sgpow,taxpay_sgpow,241.921,0.196367,2819.66,7658.09,0.0691667,0.01,0.920833,0.991564,0.337302,0.015873,0.646825
Prioritize gov. wealth,govment_20,step_21,hcabs_sgpow,taxpay_sgpow,240.006,0.245145,2815.22,7615.35,0.034881,0.0178571,0.947262,0.988267,0.334921,0.0206349,0.644444
Prioritize gov. wealth,govment_20,step_21,hcabs_sgpow,taxpay_sgpow,216.606,0.257106,2775.57,7107.7,0.0549206,0.024246,0.920833,0.989378,0.326984,0.0261905,0.646825
Prioritize gov. wealth,govment_20,step_21,hcabs_sgpow,taxpay_sgpow,219.787,0.326159,2631.56,7027.3,0.0450794,0.0319444,0.922976,0.965354,0.304762,0.0428571,0.652381
Prioritize gov. wealth,govment_20,step_21,hcabs_sgpow,taxpay_sgpow,209.524,0.341092,2504.4,6694.88,0.149802,0.0175,0.832698,0.852307,0.296825,0.0563492,0.646825
Prioritize gov. wealth,govment_20,step_21,hcabs_sgpow,taxpay_sgpow,222.489,0.311502,2663.27,7113.05,0.0646032,0.034127,0.90127,0.986997,0.311905,0.0357143,0.652381
Prioritize gov. wealth,govment_20,step_21,hcabs_sgpow,taxpay_sgpow,212.217,0.282584,2696.44,6940.78,0.0881349,0.0203968,0.891468,0.98863,0.311905,0.0349206,0.653175
Prioritize gov. wealth,govment_20,step_21,hcabs_sgpow,taxpay_sgpow,232.261,0.259523,2780.73,7425.95,0.0618254,0.0153968,0.922778,0.985064,0.315079,0.0373016,0.647619
Prioritize gov. wealth,govment_20,step_21,hcabs_sgpow,taxpay_sgpow,224.855,0.267881,2682.75,7179.86,0.0924206,0.0215079,0.886071,0.992092,0.323016,0.0238095,0.653175
Prioritize gov. wealth,govment_20,step_21,hcabs_sgpow,taxpay_sgpow,225.391,0.350777,2692.19,7200.01,0.072619,0.037381,0.89,0.928029,0.320635,0.0285714,0.650794
Prioritize gov. wealth,govment_20,step_21,hcabs_sgpow,taxpay_sgpow,196.511,0.360808,2540.82,6471.05,0.0907937,0.0328175,0.876389,0.965643,0.295238,0.05,0.654762
Prioritize gov. wealth,govment_20,step_21,hcabs_sgpow,taxpay_sgpow,209.465,0.309128,2497.67,6686.97,0.080119,0.037381,0.8825,0.930436,0.289683,0.05,0.660317
Prioritize gov. wealth,govment_20,step_21,hcabs_sgpow,taxpay_sgpow,235.475,0.267434,2794.3,7503.8,0.0871032,0.015119,0.897778,0.927987,0.328571,0.0246032,0.646825
Prioritize gov. wealth,govment_20,step_21,hcabs_sgpow,taxpay_sgpow,182.405,0.367078,2439.42,6087.52,0.0543254,0.0363492,0.909325,0.947302,0.255556,0.0809524,0.663492
Prioritize gov. wealth,govment_20,step_21,hcabs_sgpow,taxpay_sgpow,228.86,0.262699,2705.2,7282.41,0.0313889,0.0405952,0.928016,0.987688,0.325397,0.0230159,0.651587
Prioritize gov. wealth,govment_20,step_21,hcabs_sgpow,taxpay_sgpow,230.953,0.293408,2769.97,7389.04,0.0606349,0.0179762,0.921389,0.984947,0.331746,0.0214286,0.646825
Prioritize gov. wealth,govment_20,step_21,hcabs_sgpow,taxpay_sgpow,220.029,0.324039,2632.76,7033.35,0.0911508,0.00793651,0.900913,0.8609,0.294444,0.0595238,0.646032
Prioritize gov. wealth,govment_20,step_21,hcabs_sgpow,taxpay_sgpow,238.585,0.25191,2873.26,7644.97,0.0459127,0.0149206,0.939167,0.981525,0.328571,0.0285714,0.642857
Prioritize gov. wealth,govment_20,step_21,hcabs_sgpow,taxpay_sgpow,225.684,0.246429,2702.94,7216.62,0.0372222,0.0217857,0.940992,0.98097,0.302381,0.0460317,0.651587
Prioritize gov. wealth,govment_20,step_21,hcabs_sgpow,taxpay_sgpow,199.815,0.383953,2404.68,6400.98,0.0767063,0.0594444,0.863849,0.946724,0.297619,0.0333333,0.669048
Prioritize gov. wealth,govment_20,step_21,hcabs_sgpow,taxpay_sgpow,223.427,0.234918,2669.06,7137.6,0.0646429,0.0253968,0.90996,0.991001,0.319048,0.0269841,0.653968
Prioritize gov. wealth,govment_20,step_21,hcabs_sgpow,taxpay_sgpow,225.199,0.267614,2680.4,7184.38,0.054246,0.0220238,0.92373,0.985891,0.305556,0.0404762,0.653968
Prioritize gov. wealth,govment_20,step_21,hcabs_sgpow,taxpay_sgpow,224.897,0.24393,2669.94,7167.89,0.0534127,0.0163889,0.930198,0.982322,0.294444,0.0507937,0.654762
Prioritize gov. wealth,govment_20,step_21,hcabs_sgpow,taxpay_sgpow,193.499,0.305654,2333.58,6203.56,0.0859524,0.0568651,0.857183,0.99406,0.307143,0.0222222,0.670635
Prioritize gov. wealth,govment_20,step_21,hcabs_sgpow,taxpay_sgpow,208.926,0.280779,2497.62,6676.15,0.0944048,0.0245238,0.881071,0.95629,0.293651,0.0484127,0.657937
Prioritize gov. wealth,govment_20,step_21,hcabs_sgpow,taxpay_sgpow,202.622,0.265427,2347.24,6399.68,0.1375,0.0285714,0.833929,0.988201,0.311905,0.0206349,0.66746
Prioritize gov. wealth,govment_20,step_21,hcabs_sgpow,taxpay_sgpow,215.822,0.334932,2585.69,6902.12,0.128214,0.0191667,0.852619,0.893196,0.307143,0.0388889,0.653968
Prioritize gov. wealth,govment_20,step_21,hcabs_sgpow,taxpay_sgpow,233.288,0.221042,2774.77,7440.53,0.0459127,0.0153175,0.93877,0.987531,0.319048,0.0301587,0.650794
Prioritize gov. wealth,govment_20,step_21,hcabs_sgpow,taxpay_sgpow,197.002,0.289135,2332.5,6272.54,0.156627,0.0177778,0.825595,0.859037,0.27381,0.0642857,0.661905
Prioritize gov. wealth,govment_20,step_21,hcabs_sgpow,taxpay_sgpow,239.357,0.194852,2847.48,7634.62,0.0354762,0.024127,0.940397,0.99324,0.339683,0.0142857,0.646032
Prioritize gov. wealth,govment_20,step_21,hcabs_sgpow,taxpay_sgpow,233.254,0.191638,2795.07,7460.16,0.0500794,0.0132937,0.936627,0.990121,0.32619,0.0261905,0.647619
Prioritize gov. wealth,govment_20,step_21,hcabs_sgpow,taxpay_sgpow,234.193,0.292662,2797.8,7481.66,0.0882143,0.0228968,0.888889,0.996406,0.344444,0.00714286,0.648413
Prioritize gov. wealth,govment_20,step_21,hcabs_sgpow,taxpay_sgpow,200.88,0.31105,2450.55,6468.15,0.140714,0.0355952,0.82369,0.92381,0.3,0.0357143,0.664286
Prioritize gov. wealth,govment_20,step_21,hcabs_sgpow,taxpay_sgpow,243.905,0.190749,2897.96,7776.06,0.0344048,0.00801587,0.957579,0.989165,0.32619,0.0301587,0.643651
Prioritize gov. wealth,govment_20,step_21,hcabs_sgpow,taxpay_sgpow,215.61,0.23975,2601.4,6913.59,0.0649603,0.0214286,0.913611,0.98152,0.3,0.0436508,0.656349
Prioritize gov. wealth,govment_20,step_21,hcabs_sgpow,taxpay_sgpow,217.827,0.305971,2982.87,7339.41,0.0370635,0.0334127,0.929524,0.990454,0.342857,0.0174603,0.639683
Prioritize gov. wealth,govment_20,step_21,hcabs_sgpow,taxpay_sgpow,211.624,0.31417,2531.63,6764.11,0.0765476,0.00321429,0.920238,0.898969,0.255556,0.0880952,0.656349
Prioritize gov. wealth,govment_20,step_21,hcabs_sgpow,taxpay_sgpow,208.316,0.297077,2503.28,6669.61,0.0346032,0.050754,0.914643,0.988693,0.313492,0.0253968,0.661111
Prioritize gov. wealth,govment_20,step_21,hcabs_sgpow,taxpay_sgpow,157.069,0.315855,1986.19,5127.58,0.0796429,0.0379762,0.882381,0.931384,0.157143,0.162698,0.680159
Prioritize gov. wealth,govment_20,step_21,hcabs_sgpow,taxpay_sgpow,231.656,0.188749,2774.81,7407.94,0.0485714,0.0217857,0.929643,0.995148,0.338095,0.0126984,0.649206
Prioritize gov. wealth,govment_20,step_21,hcabs_sgpow,taxpay_sgpow,247.681,0.177648,2956.61,7910.23,0.0159524,0.0130952,0.970952,0.991405,0.339683,0.0190476,0.64127
Prioritize gov. wealth,govment_20,step_21,hcabs_sgpow,taxpay_sgpow,211.789,0.314954,2559.57,6795.35,0.0762302,0.0432143,0.880556,0.985553,0.315079,0.0253968,0.659524
