Government,Players,InitPops,hcabs,taxpay,AvePop,GiniIndex,GovWealth,TotalWealth,Keep,Take,Give,percTaxes,GKeep,GTake,GGive
None,hcabs_20,equal_20,hcabs_enone,taxpay_enone,319.298,0.131475,NaN,6385.96,0.167917,0.0344583,0.797625,-1,NaN,NaN,NaN
None,hcabs_20,equal_20,hcabs_enone,taxpay_enone,485.937,0.0618084,NaN,9718.74,0.09375,0,0.90625,-1,NaN,NaN,NaN
None,hcabs_20,equal_20,hcabs_enone,taxpay_enone,412.293,0.136852,NaN,8245.87,0.116667,0.0154167,0.867917,-1,NaN,NaN,NaN
None,hcabs_20,equal_20,hcabs_enone,taxpay_enone,415.314,0.103832,NaN,8306.29,0.102167,0.018625,0.879208,-1,NaN,NaN,NaN
None,hcabs_20,equal_20,hcabs_enone,taxpay_enone,346.097,0.213415,NaN,6921.93,0.109,0.0564583,0.834542,-1,NaN,NaN,NaN
None,hcabs_20,equal_20,hcabs_enone,taxpay_enone,402.233,0.124928,NaN,8044.65,0.0569167,0.0335,0.909583,-1,NaN,NaN,NaN
None,hcabs_20,equal_20,hcabs_enone,taxpay_enone,332.181,0.221118,NaN,6643.62,0.072,0.0614167,0.866583,-1,NaN,NaN,NaN
None,hcabs_20,equal_20,hcabs_enone,taxpay_enone,366.995,0.139712,NaN,7339.9,0.0971667,0.0415833,0.86125,-1,NaN,NaN,NaN
None,hcabs_20,equal_20,hcabs_enone,taxpay_enone,437.531,0.0764033,NaN,8750.62,0.0945,0.0119167,0.893583,-1,NaN,NaN,NaN
None,hcabs_20,equal_20,hcabs_enone,taxpay_enone,340.853,0.115745,NaN,6817.06,0.108208,0.0405833,0.851208,-1,NaN,NaN,NaN
None,hcabs_20,equal_20,hcabs_enone,taxpay_enone,421.078,0.105761,NaN,8421.56,0.078125,0.0219167,0.899958,-1,NaN,NaN,NaN
None,hcabs_20,equal_20,hcabs_enone,taxpay_enone,437.729,0.11935,NaN,8754.57,0.146125,0.000791667,0.853083,-1,NaN,NaN,NaN
None,hcabs_20,equal_20,hcabs_enone,taxpay_enone,433.626,0.147686,NaN,8672.52,0.149292,0.00358333,0.847125,-1,NaN,NaN,NaN
None,hcabs_20,equal_20,hcabs_enone,taxpay_enone,471.85,0.0665747,NaN,9437,0.105,0,0.895,-1,NaN,NaN,NaN
None,hcabs_20,equal_20,hcabs_enone,taxpay_enone,349.759,0.143876,NaN,6995.17,0.178792,0.0261667,0.795042,-1,NaN,NaN,NaN
None,hcabs_20,equal_20,hcabs_enone,taxpay_enone,312.146,0.192287,NaN,6242.92,0.106375,0.0609167,0.832708,-1,NaN,NaN,NaN
None,hcabs_20,equal_20,hcabs_enone,taxpay_enone,382.21,0.183836,NaN,7644.19,0.119333,0.0282917,0.852375,-1,NaN,NaN,NaN
None,hcabs_20,equal_20,hcabs_enone,taxpay_enone,379.557,0.0940172,NaN,7591.14,0.0787917,0.036625,0.884583,-1,NaN,NaN,NaN
None,hcabs_20,equal_20,hcabs_enone,taxpay_enone,377.881,0.184014,NaN,7557.61,0.10725,0.035375,0.857375,-1,NaN,NaN,NaN
None,hcabs_20,equal_20,hcabs_enone,taxpay_enone,407.967,0.220218,NaN,8159.35,0.104917,0.022375,0.872708,-1,NaN,NaN,NaN
None,hcabs_20,equal_20,hcabs_enone,taxpay_enone,265.225,0.1805,NaN,5304.5,0.154917,0.061,0.784083,-1,NaN,NaN,NaN
None,hcabs_20,equal_20,hcabs_enone,taxpay_enone,504.19,0.0680879,NaN,10083.8,0.067125,0.001,0.931875,-1,NaN,NaN,NaN
None,hcabs_20,equal_20,hcabs_enone,taxpay_enone,415.031,0.0705149,NaN,8300.61,0.0767083,0.0240833,0.899208,-1,NaN,NaN,NaN
None,hcabs_20,equal_20,hcabs_enone,taxpay_enone,451.312,0.125576,NaN,9026.23,0.102167,0.00691667,0.890917,-1,NaN,NaN,NaN
None,hcabs_20,equal_20,hcabs_enone,taxpay_enone,293.119,0.186032,NaN,5862.38,0.15475,0.0547917,0.790458,-1,NaN,NaN,NaN
None,hcabs_20,equal_20,hcabs_enone,taxpay_enone,288.518,0.171058,NaN,5770.35,0.156583,0.052625,0.790792,-1,NaN,NaN,NaN
None,hcabs_20,equal_20,hcabs_enone,taxpay_enone,297.815,0.178047,NaN,5956.29,0.114167,0.0578333,0.828,-1,NaN,NaN,NaN
None,hcabs_20,equal_20,hcabs_enone,taxpay_enone,402.061,0.101542,NaN,8041.22,0.094625,0.0230417,0.882333,-1,NaN,NaN,NaN
None,hcabs_20,equal_20,hcabs_enone,taxpay_enone,277.395,0.175325,NaN,5547.91,0.190333,0.04925,0.760417,-1,NaN,NaN,NaN
None,hcabs_20,equal_20,hcabs_enone,taxpay_enone,391.691,0.105066,NaN,7833.82,0.126208,0.0199583,0.853833,-1,NaN,NaN,NaN
None,hcabs_20,equal_20,hcabs_enone,taxpay_enone,444.249,0.0827516,NaN,8884.98,0.0772917,0.0154167,0.907292,-1,NaN,NaN,NaN
None,hcabs_20,equal_20,hcabs_enone,taxpay_enone,508.561,0.0465803,NaN,10171.2,0.056375,0.00191667,0.941708,-1,NaN,NaN,NaN
None,hcabs_20,equal_20,hcabs_enone,taxpay_enone,376.53,0.159813,NaN,7530.6,0.0733333,0.05025,0.876417,-1,NaN,NaN,NaN
None,hcabs_20,equal_20,hcabs_enone,taxpay_enone,392.33,0.1203,NaN,7846.6,0.151708,0.0118333,0.836458,-1,NaN,NaN,NaN
None,hcabs_20,equal_20,hcabs_enone,taxpay_enone,332.792,0.165733,NaN,6655.84,0.050875,0.0742917,0.874833,-1,NaN,NaN,NaN
None,hcabs_20,equal_20,hcabs_enone,taxpay_enone,296.003,0.206388,NaN,5920.06,0.168958,0.0544167,0.776625,-1,NaN,NaN,NaN
None,hcabs_20,equal_20,hcabs_enone,taxpay_enone,432.013,0.0841131,NaN,8640.25,0.092875,0.014125,0.893,-1,NaN,NaN,NaN
None,hcabs_20,equal_20,hcabs_enone,taxpay_enone,309.413,0.135818,NaN,6188.25,0.159542,0.040625,0.799833,-1,NaN,NaN,NaN
None,hcabs_20,equal_20,hcabs_enone,taxpay_enone,275.411,0.287607,NaN,5508.23,0.103375,0.0812917,0.815333,-1,NaN,NaN,NaN
None,hcabs_20,equal_20,hcabs_enone,taxpay_enone,328.272,0.189529,NaN,6565.44,0.09375,0.0632083,0.843042,-1,NaN,NaN,NaN
None,hcabs_20,equal_20,hcabs_enone,taxpay_enone,397.806,0.099954,NaN,7956.12,0.145208,0.011,0.843792,-1,NaN,NaN,NaN
None,hcabs_20,equal_20,hcabs_enone,taxpay_enone,426.881,0.102138,NaN,8537.62,0.110083,0.0122917,0.877625,-1,NaN,NaN,NaN
None,hcabs_20,equal_20,hcabs_enone,taxpay_enone,347.386,0.114739,NaN,6947.71,0.14525,0.0299167,0.824833,-1,NaN,NaN,NaN
None,hcabs_20,equal_20,hcabs_enone,taxpay_enone,418.736,0.0737461,NaN,8374.72,0.148,0.00429167,0.847708,-1,NaN,NaN,NaN
None,hcabs_20,equal_20,hcabs_enone,taxpay_enone,387.752,0.091484,NaN,7755.04,0.0835,0.0310417,0.885458,-1,NaN,NaN,NaN
None,hcabs_20,equal_20,hcabs_enone,taxpay_enone,434.408,0.0909937,NaN,8688.17,0.069875,0.0194167,0.910708,-1,NaN,NaN,NaN
None,hcabs_20,equal_20,hcabs_enone,taxpay_enone,397.681,0.121936,NaN,7953.61,0.103375,0.02425,0.872375,-1,NaN,NaN,NaN
None,hcabs_20,equal_20,hcabs_enone,taxpay_enone,323.394,0.148433,NaN,6467.88,0.154875,0.0385,0.806625,-1,NaN,NaN,NaN
None,hcabs_20,equal_20,hcabs_enone,taxpay_enone,428.959,0.0689865,NaN,8579.17,0.148125,0.00141667,0.850458,-1,NaN,NaN,NaN
None,hcabs_20,equal_20,hcabs_enone,taxpay_enone,358.043,0.203168,NaN,7160.87,0.13075,0.0364167,0.832833,-1,NaN,NaN,NaN
None,hcabs_20,equal_20,hcabs_enone,taxpay_enone,428.854,0.0892755,NaN,8577.08,0.0735417,0.0223333,0.904125,-1,NaN,NaN,NaN
None,hcabs_20,equal_20,hcabs_enone,taxpay_enone,360.008,0.127979,NaN,7200.16,0.134875,0.0295417,0.835583,-1,NaN,NaN,NaN
None,hcabs_20,equal_20,hcabs_enone,taxpay_enone,411.927,0.190063,NaN,8238.54,0.067,0.029875,0.903125,-1,NaN,NaN,NaN
None,hcabs_20,equal_20,hcabs_enone,taxpay_enone,410.141,0.201219,NaN,8202.82,0.1265,0.0172917,0.856208,-1,NaN,NaN,NaN
None,hcabs_20,equal_20,hcabs_enone,taxpay_enone,368.471,0.185691,NaN,7369.43,0.101375,0.047375,0.85125,-1,NaN,NaN,NaN
None,hcabs_20,equal_20,hcabs_enone,taxpay_enone,380.252,0.0980052,NaN,7605.04,0.117792,0.0245833,0.857625,-1,NaN,NaN,NaN
None,hcabs_20,equal_20,hcabs_enone,taxpay_enone,399.731,0.116573,NaN,7994.63,0.108208,0.0210833,0.870708,-1,NaN,NaN,NaN
None,hcabs_20,equal_20,hcabs_enone,taxpay_enone,409.09,0.149793,NaN,8181.81,0.110583,0.0175833,0.871833,-1,NaN,NaN,NaN
None,hcabs_20,equal_20,hcabs_enone,taxpay_enone,457.168,0.0694247,NaN,9143.37,0.119417,0,0.880583,-1,NaN,NaN,NaN
None,hcabs_20,equal_20,hcabs_enone,taxpay_enone,439.631,0.0921709,NaN,8792.62,0.0777083,0.0175833,0.904708,-1,NaN,NaN,NaN
None,hcabs_20,equal_20,hcabs_enone,taxpay_enone,471.374,0.0915808,NaN,9427.47,0.0998333,0,0.900167,-1,NaN,NaN,NaN
None,hcabs_20,equal_20,hcabs_enone,taxpay_enone,398.966,0.138857,NaN,7979.32,0.139958,0.0127917,0.84725,-1,NaN,NaN,NaN
None,hcabs_20,equal_20,hcabs_enone,taxpay_enone,414.534,0.0982589,NaN,8290.68,0.11925,0.0135833,0.867167,-1,NaN,NaN,NaN
None,hcabs_20,equal_20,hcabs_enone,taxpay_enone,376.952,0.17744,NaN,7539.05,0.103917,0.0345833,0.8615,-1,NaN,NaN,NaN
None,hcabs_20,equal_20,hcabs_enone,taxpay_enone,422.084,0.197589,NaN,8441.68,0.080375,0.0314583,0.888167,-1,NaN,NaN,NaN
None,hcabs_20,equal_20,hcabs_enone,taxpay_enone,367.728,0.149604,NaN,7354.55,0.109833,0.0330417,0.857125,-1,NaN,NaN,NaN
None,hcabs_20,equal_20,hcabs_enone,taxpay_enone,358.707,0.115148,NaN,7174.14,0.125917,0.0325417,0.841542,-1,NaN,NaN,NaN
None,hcabs_20,equal_20,hcabs_enone,taxpay_enone,299.926,0.144491,NaN,5998.53,0.0946667,0.0685833,0.83675,-1,NaN,NaN,NaN
None,hcabs_20,equal_20,hcabs_enone,taxpay_enone,324.699,0.209442,NaN,6493.99,0.134208,0.047625,0.818167,-1,NaN,NaN,NaN
None,hcabs_20,equal_20,hcabs_enone,taxpay_enone,334.072,0.115937,NaN,6681.45,0.115792,0.0474167,0.836792,-1,NaN,NaN,NaN
None,hcabs_20,equal_20,hcabs_enone,taxpay_enone,455.155,0.103652,NaN,9103.11,0.0852083,0.00970833,0.905083,-1,NaN,NaN,NaN
None,hcabs_20,equal_20,hcabs_enone,taxpay_enone,370.261,0.130855,NaN,7405.22,0.0964167,0.034375,0.869208,-1,NaN,NaN,NaN
None,hcabs_20,equal_20,hcabs_enone,taxpay_enone,283.344,0.18831,NaN,5666.88,0.124917,0.0666667,0.808417,-1,NaN,NaN,NaN
None,hcabs_20,equal_20,hcabs_enone,taxpay_enone,356.129,0.115447,NaN,7122.57,0.095875,0.043875,0.86025,-1,NaN,NaN,NaN
None,hcabs_20,equal_20,hcabs_enone,taxpay_enone,443.869,0.0967115,NaN,8877.39,0.073,0.0169583,0.910042,-1,NaN,NaN,NaN
None,hcabs_20,equal_20,hcabs_enone,taxpay_enone,352.103,0.118497,NaN,7042.05,0.0855833,0.0459583,0.868458,-1,NaN,NaN,NaN
None,hcabs_20,equal_20,hcabs_enone,taxpay_enone,371.624,0.103362,NaN,7432.47,0.141917,0.0237917,0.834292,-1,NaN,NaN,NaN
None,hcabs_20,equal_20,hcabs_enone,taxpay_enone,334.634,0.134482,NaN,6692.68,0.118,0.0469167,0.835083,-1,NaN,NaN,NaN
None,hcabs_20,equal_20,hcabs_enone,taxpay_enone,449.625,0.127117,NaN,8992.51,0.0832083,0.0129167,0.903875,-1,NaN,NaN,NaN
None,hcabs_20,equal_20,hcabs_enone,taxpay_enone,503.279,0.0457388,NaN,10065.6,0.0714583,4.16667e-05,0.9285,-1,NaN,NaN,NaN
None,hcabs_20,equal_20,hcabs_enone,taxpay_enone,386.875,0.166489,NaN,7737.51,0.130042,0.0234583,0.8465,-1,NaN,NaN,NaN
None,hcabs_20,equal_20,hcabs_enone,taxpay_enone,382.569,0.07786,NaN,7651.39,0.149917,0.0151667,0.834917,-1,NaN,NaN,NaN
None,hcabs_20,equal_20,hcabs_enone,taxpay_enone,448.119,0.0982216,NaN,8962.37,0.0904583,0.0110417,0.8985,-1,NaN,NaN,NaN
None,hcabs_20,equal_20,hcabs_enone,taxpay_enone,353.512,0.149862,NaN,7070.24,0.136083,0.03075,0.833167,-1,NaN,NaN,NaN
None,hcabs_20,equal_20,hcabs_enone,taxpay_enone,439.123,0.210274,NaN,8782.47,0.0834167,0.0187917,0.897792,-1,NaN,NaN,NaN
None,hcabs_20,equal_20,hcabs_enone,taxpay_enone,338.502,0.200902,NaN,6770.04,0.1465,0.040125,0.813375,-1,NaN,NaN,NaN
None,hcabs_20,equal_20,hcabs_enone,taxpay_enone,459.254,0.10369,NaN,9185.08,0.069125,0.0135,0.917375,-1,NaN,NaN,NaN
None,hcabs_20,equal_20,hcabs_enone,taxpay_enone,416.797,0.0785461,NaN,8335.95,0.100833,0.0165,0.882667,-1,NaN,NaN,NaN
None,hcabs_20,equal_20,hcabs_enone,taxpay_enone,379.09,0.130528,NaN,7581.8,0.185583,0.00704167,0.807375,-1,NaN,NaN,NaN
None,hcabs_20,equal_20,hcabs_enone,taxpay_enone,307.494,0.244842,NaN,6149.87,0.13575,0.072875,0.791375,-1,NaN,NaN,NaN
None,hcabs_20,equal_20,hcabs_enone,taxpay_enone,420.261,0.0883177,NaN,8405.22,0.165,0,0.835,-1,NaN,NaN,NaN
None,hcabs_20,equal_20,hcabs_enone,taxpay_enone,437.859,0.107255,NaN,8757.18,0.0919167,0.0127917,0.895292,-1,NaN,NaN,NaN
None,hcabs_20,equal_20,hcabs_enone,taxpay_enone,376.779,0.14914,NaN,7535.58,0.123083,0.0260417,0.850875,-1,NaN,NaN,NaN
None,hcabs_20,equal_20,hcabs_enone,taxpay_enone,473.408,0.070879,NaN,9468.17,0.0990833,0,0.900917,-1,NaN,NaN,NaN
None,hcabs_20,equal_20,hcabs_enone,taxpay_enone,520.163,0.0338672,NaN,10403.3,0.055,0,0.945,-1,NaN,NaN,NaN
None,hcabs_20,equal_20,hcabs_enone,taxpay_enone,362.218,0.243001,NaN,7244.37,0.113542,0.0373333,0.849125,-1,NaN,NaN,NaN
None,hcabs_20,equal_20,hcabs_enone,taxpay_enone,341.969,0.187343,NaN,6839.37,0.0949583,0.061125,0.843917,-1,NaN,NaN,NaN
None,hcabs_20,equal_20,hcabs_enone,taxpay_enone,381.942,0.111306,NaN,7638.84,0.112667,0.025875,0.861458,-1,NaN,NaN,NaN
None,hcabs_20,equal_20,hcabs_enone,taxpay_enone,488.059,0.0882165,NaN,9761.17,0.0865,0.000208333,0.913292,-1,NaN,NaN,NaN
None,hcabs_20,equal_20,hcabs_enone,taxpay_enone,390.874,0.10551,NaN,7817.49,0.07775,0.033625,0.888625,-1,NaN,NaN,NaN
Prioritize equality,govment_20,equal_21,hcabs_e2080,taxpay_e2080,358.522,0.123783,3.99046,7174.44,0.136706,0.0325794,0.830714,0.0943396,0.203175,0,0.796825
Prioritize equality,govment_20,equal_21,hcabs_e2080,taxpay_e2080,381.33,0.122434,63.4966,7690.09,0.153452,0.0164683,0.830079,0.381944,0.119841,0,0.880159
Prioritize equality,govment_20,equal_21,hcabs_e2080,taxpay_e2080,354.434,0.177095,34.0151,7122.69,0.156905,0.0323016,0.810794,0.134199,0.592857,0,0.407143
Prioritize equality,govment_20,equal_21,hcabs_e2080,taxpay_e2080,381.635,0.056842,82.0053,7714.71,0.132381,0.019127,0.848492,0.276173,0.205556,0,0.794444
Prioritize equality,govment_20,equal_21,hcabs_e2080,taxpay_e2080,290.508,0.156739,58.0913,5868.26,0.105873,0.0631349,0.830992,0.265774,0.303175,0,0.696825
Prioritize equality,govment_20,equal_21,hcabs_e2080,taxpay_e2080,381.93,0.0914463,118.969,7757.57,0.162659,0.00988095,0.82746,0.507216,0.0880952,0,0.911905
Prioritize equality,govment_20,equal_21,hcabs_e2080,taxpay_e2080,332.839,0.0825446,70.1938,6726.97,0.112103,0.0471825,0.840714,0.505519,0.109524,0,0.890476
Prioritize equality,govment_20,equal_21,hcabs_e2080,taxpay_e2080,363.725,0.133079,39.13,7313.64,0.162143,0.0251984,0.812659,0.177656,0.228571,0,0.771429
Prioritize equality,govment_20,equal_21,hcabs_e2080,taxpay_e2080,389.6,0.12347,42.7817,7834.78,0.0930952,0.0293254,0.877579,0.226592,0.26746,0,0.73254
Prioritize equality,govment_20,equal_21,hcabs_e2080,taxpay_e2080,373.389,0.0677262,100.424,7568.21,0.132976,0.0229365,0.844087,0.525151,0.113492,0,0.886508
Prioritize equality,govment_20,equal_21,hcabs_e2080,taxpay_e2080,327.078,0.0868242,60.8435,6602.4,0.143095,0.0374603,0.819444,0.419028,0.105556,0,0.894444
Prioritize equality,govment_20,equal_21,hcabs_e2080,taxpay_e2080,411.548,0.0769785,97.3027,8328.27,0.103294,0.0176984,0.879008,0.571429,0.0833333,0,0.916667
Prioritize equality,govment_20,equal_21,hcabs_e2080,taxpay_e2080,419.798,0.043295,47.858,8443.81,0.0838095,0.0200794,0.896111,0.380042,0.115873,0,0.884127
Prioritize equality,govment_20,equal_21,hcabs_e2080,taxpay_e2080,426.178,0.086693,106.594,8630.15,0.105675,0.0119444,0.882381,0.58209,0.0992063,0,0.900794
Prioritize equality,govment_20,equal_21,hcabs_e2080,taxpay_e2080,371.45,0.138271,92.0954,7521.09,0.127421,0.0304365,0.842143,0.515217,0.112698,0,0.887302
Prioritize equality,govment_20,equal_21,hcabs_e2080,taxpay_e2080,382.193,0.0972154,50.3361,7694.19,0.0631746,0.0454762,0.891349,0.453782,0.219048,0,0.780952
Prioritize equality,govment_20,equal_21,hcabs_e2080,taxpay_e2080,416.324,0.0802227,135.382,8461.86,0.0660714,0.0255952,0.908333,0.588353,0.102381,0,0.897619
Prioritize equality,govment_20,equal_21,hcabs_e2080,taxpay_e2080,372.498,0.12659,97.9264,7547.89,0.119841,0.0297619,0.850397,0.452756,0.112698,0,0.887302
Prioritize equality,govment_20,equal_21,hcabs_e2080,taxpay_e2080,336.878,0.109408,5.48764,6743.04,0.121786,0.0397222,0.838492,0.107584,0.338889,0,0.661111
Prioritize equality,govment_20,equal_21,hcabs_e2080,taxpay_e2080,426.625,0.0826542,104.357,8636.85,0.101984,0.0124603,0.885556,0.391221,0.109524,0,0.890476
Prioritize equality,govment_20,equal_21,hcabs_e2080,taxpay_e2080,367.084,0.0906326,95.5667,7437.25,0.119405,0.0284524,0.852143,0.361667,0.161905,0,0.838095
Prioritize equality,govment_20,equal_21,hcabs_e2080,taxpay_e2080,418.749,0.0997763,103.289,8478.28,0.0784921,0.023254,0.898254,0.300163,0.200794,0,0.799206
Prioritize equality,govment_20,equal_21,hcabs_e2080,taxpay_e2080,392.505,0.0790238,111.325,7961.43,0.129087,0.0171429,0.85377,0.369202,0.114286,0,0.885714
Prioritize equality,govment_20,equal_21,hcabs_e2080,taxpay_e2080,279.236,0.101917,37.988,5622.7,0.174722,0.0544048,0.770873,0.258491,0.174603,0,0.825397
Prioritize equality,govment_20,equal_21,hcabs_e2080,taxpay_e2080,341.982,0.228582,73.1008,6912.75,0.143254,0.0413095,0.815437,0.40458,0.261111,0,0.738889
Prioritize equality,govment_20,equal_21,hcabs_e2080,taxpay_e2080,494.102,0.0263695,20.3497,9902.4,0.0737302,0.000912698,0.925357,0.364979,0.11746,0,0.88254
Prioritize equality,govment_20,equal_21,hcabs_e2080,taxpay_e2080,433.452,0.0841968,55.1181,8724.15,0.116389,0.00642857,0.877183,0.386792,0.181746,0,0.818254
Prioritize equality,govment_20,equal_21,hcabs_e2080,taxpay_e2080,364.416,0.0659845,104.139,7392.46,0.17623,0.0138095,0.80996,0.511579,0.109524,0,0.890476
Prioritize equality,govment_20,equal_21,hcabs_e2080,taxpay_e2080,380.973,0.162648,82.2094,7701.67,0.0984524,0.0334921,0.868056,0.471888,0.0833333,0,0.916667
Prioritize equality,govment_20,equal_21,hcabs_e2080,taxpay_e2080,260.436,0.239025,64.5227,5273.25,0.0878571,0.0895238,0.822619,0.439636,0.133333,0,0.866667
Prioritize equality,govment_20,equal_21,hcabs_e2080,taxpay_e2080,318.995,0.164332,85.9207,6465.82,0.0894444,0.0571032,0.853452,0.608696,0.185714,0,0.814286
Prioritize equality,govment_20,equal_21,hcabs_e2080,taxpay_e2080,381.693,0.174553,26.4137,7660.28,0.145357,0.028254,0.826389,0.206897,0.29127,0,0.70873
Prioritize equality,govment_20,equal_21,hcabs_e2080,taxpay_e2080,384.25,0.107819,56.9764,7741.97,0.140833,0.0176984,0.841468,0.252852,0.189683,0,0.810317
Prioritize equality,govment_20,equal_21,hcabs_e2080,taxpay_e2080,431.773,0.117398,59.7263,8695.18,0.122024,0.00722222,0.870754,0.24026,0.42619,0,0.57381
Prioritize equality,govment_20,equal_21,hcabs_e2080,taxpay_e2080,371.23,0.0980886,60.0595,7484.66,0.128175,0.024127,0.847698,0.243339,0.272222,0,0.727778
Prioritize equality,govment_20,equal_21,hcabs_e2080,taxpay_e2080,237.946,0.235383,17.4984,4776.42,0.133413,0.0903968,0.77619,0.396226,0.105556,0,0.894444
Prioritize equality,govment_20,equal_21,hcabs_e2080,taxpay_e2080,330.01,0.136074,67.5328,6667.73,0.139167,0.0476587,0.813175,0.5625,0.157143,0,0.842857
Prioritize equality,govment_20,equal_21,hcabs_e2080,taxpay_e2080,387.189,0.115265,73.0396,7816.83,0.118968,0.024881,0.856151,0.365714,0.206349,0,0.793651
Prioritize equality,govment_20,equal_21,hcabs_e2080,taxpay_e2080,349.204,0.250169,41.7592,7025.83,0.0804365,0.0663492,0.853214,0.183099,0.375397,0,0.624603
Prioritize equality,govment_20,equal_21,hcabs_e2080,taxpay_e2080,449.37,0.0703789,83.2715,9070.67,0.0732937,0.0131349,0.913571,0.484076,0.10873,0,0.89127
Prioritize equality,govment_20,equal_21,hcabs_e2080,taxpay_e2080,375.215,0.157369,67.4226,7571.72,0.0976984,0.0397222,0.862579,0.377016,0.107143,0,0.892857
Prioritize equality,govment_20,equal_21,hcabs_e2080,taxpay_e2080,361.561,0.0729255,36.3971,7267.62,0.119683,0.0322619,0.848056,0.342105,0.196032,0,0.803968
Prioritize equality,govment_20,equal_21,hcabs_e2080,taxpay_e2080,393.637,0.200251,36.3197,7909.06,0.119603,0.0203968,0.86,0.51626,0.124603,0,0.875397
Prioritize equality,govment_20,equal_21,hcabs_e2080,taxpay_e2080,356.244,0.160579,50.527,7175.4,0.0962302,0.0459524,0.857817,0.318707,0.105556,0,0.894444
Prioritize equality,govment_20,equal_21,hcabs_e2080,taxpay_e2080,292.097,0.213912,42.615,5884.55,0.123333,0.0732143,0.803452,0.314775,0.17619,0,0.82381
Prioritize equality,govment_20,equal_21,hcabs_e2080,taxpay_e2080,447.868,0.072804,84.7529,9042.12,0.0880556,0.00960317,0.902341,0.339731,0.225397,0,0.774603
Prioritize equality,govment_20,equal_21,hcabs_e2080,taxpay_e2080,334.879,0.267865,75.7887,6773.36,0.125675,0.0465476,0.827778,0.260575,0.253968,0,0.746032
Prioritize equality,govment_20,equal_21,hcabs_e2080,taxpay_e2080,340.571,0.135607,57.175,6868.6,0.112063,0.0477778,0.840159,0.480583,0.0865079,0,0.913492
Prioritize equality,govment_20,equal_21,hcabs_e2080,taxpay_e2080,373.827,0.0776292,68.9341,7545.48,0.110357,0.0275794,0.862063,0.289474,0.176984,0,0.823016
Prioritize equality,govment_20,equal_21,hcabs_e2080,taxpay_e2080,396.891,0.0914301,84.6021,8022.42,0.112381,0.0209524,0.866667,0.346709,0.115079,0,0.884921
Prioritize equality,govment_20,equal_21,hcabs_e2080,taxpay_e2080,351.603,0.21046,80.8183,7112.89,0.124008,0.0487698,0.827222,0.348341,0.239683,0,0.760317
Prioritize equality,govment_20,equal_21,hcabs_e2080,taxpay_e2080,326.923,0.112919,58.9685,6597.42,0.0790873,0.0566667,0.864246,0.272331,0.286508,0,0.713492
Prioritize equality,govment_20,equal_21,hcabs_e2080,taxpay_e2080,368.226,0.171335,32.5168,7397.04,0.104484,0.0403175,0.855198,0.197183,0.503968,0,0.496032
Prioritize equality,govment_20,equal_21,hcabs_e2080,taxpay_e2080,246.754,0.215445,28.5295,4963.6,0.158492,0.0878175,0.75369,0.260965,0.14127,0,0.85873
Prioritize equality,govment_20,equal_21,hcabs_e2080,taxpay_e2080,378.709,0.0848984,49.0805,7623.26,0.0868651,0.035873,0.877262,0.328482,0.0992063,0,0.900794
Prioritize equality,govment_20,equal_21,hcabs_e2080,taxpay_e2080,413.623,0.11236,51.1557,8323.61,0.117222,0.0135317,0.869246,0.338395,0.138889,0,0.861111
Prioritize equality,govment_20,equal_21,hcabs_e2080,taxpay_e2080,289.81,0.116597,108.363,5904.57,0.113056,0.0628968,0.824048,0.604839,0.113492,0,0.886508
Prioritize equality,govment_20,equal_21,hcabs_e2080,taxpay_e2080,371.443,0.163266,54.0434,7482.91,0.107619,0.0287698,0.863611,0.315914,0.220635,0,0.779365
Prioritize equality,govment_20,equal_21,hcabs_e2080,taxpay_e2080,369.37,0.121661,103.44,7490.85,0.0932937,0.0361508,0.870556,0.375479,0.265079,0,0.734921
Prioritize equality,govment_20,equal_21,hcabs_e2080,taxpay_e2080,373.609,0.10977,88.1018,7560.28,0.196865,0.00484127,0.798294,0.431915,0.0952381,0,0.904762
Prioritize equality,govment_20,equal_21,hcabs_e2080,taxpay_e2080,360.958,0.130604,79.6007,7298.76,0.0914286,0.0424206,0.866151,0.447034,0.104762,0,0.895238
Prioritize equality,govment_20,equal_21,hcabs_e2080,taxpay_e2080,396.759,0.072774,97.2503,8032.44,0.11877,0.0177778,0.863452,0.449505,0.156349,0,0.843651
Prioritize equality,govment_20,equal_21,hcabs_e2080,taxpay_e2080,424.964,0.102702,66.1076,8565.39,0.0709524,0.0229762,0.906071,0.316964,0.206349,0,0.793651
Prioritize equality,govment_20,equal_21,hcabs_e2080,taxpay_e2080,399.515,0.140218,78.6735,8068.98,0.075754,0.031746,0.8925,0.39726,0.17619,0,0.82381
Prioritize equality,govment_20,equal_21,hcabs_e2080,taxpay_e2080,339.029,0.0830001,44.3281,6824.91,0.0910714,0.0476587,0.86127,0.356322,0.157143,0,0.842857
Prioritize equality,govment_20,equal_21,hcabs_e2080,taxpay_e2080,269.132,0.115869,47.0017,5429.64,0.140794,0.0685317,0.790675,0.486869,0.0928571,0,0.907143
Prioritize equality,govment_20,equal_21,hcabs_e2080,taxpay_e2080,429.666,0.108086,51.894,8645.2,0.112183,0.0102381,0.877579,0.292162,0.161905,0,0.838095
Prioritize equality,govment_20,equal_21,hcabs_e2080,taxpay_e2080,321.121,0.174407,41.2748,6463.69,0.0861111,0.0637698,0.850119,0.327103,0.243651,0,0.756349
Prioritize equality,govment_20,equal_21,hcabs_e2080,taxpay_e2080,425.05,0.0850982,73.0305,8574.03,0.127897,0.00805556,0.864048,0.372,0.115079,0,0.884921
Prioritize equality,govment_20,equal_21,hcabs_e2080,taxpay_e2080,376.484,0.106966,51.6704,7581.35,0.118135,0.0269841,0.854881,0.34413,0.0880952,0,0.911905
Prioritize equality,govment_20,equal_21,hcabs_e2080,taxpay_e2080,276.168,0.226066,40.8602,5564.21,0.181468,0.0637698,0.754762,0.19802,0.488889,0,0.511111
Prioritize equality,govment_20,equal_21,hcabs_e2080,taxpay_e2080,343.195,0.122113,24.7775,6888.68,0.151746,0.0373413,0.810913,0.271949,0.369841,0,0.630159
Prioritize equality,govment_20,equal_21,hcabs_e2080,taxpay_e2080,347.889,0.108907,100.501,7058.28,0.148294,0.0273413,0.824365,0.415751,0.14127,0,0.85873
Prioritize equality,govment_20,equal_21,hcabs_e2080,taxpay_e2080,409.007,0.217153,47.7924,8227.93,0.0659921,0.0297619,0.904246,0.226164,0.42381,0,0.57619
Prioritize equality,govment_20,equal_21,hcabs_e2080,taxpay_e2080,345.611,0.148737,11.973,6924.19,0.107698,0.0509127,0.841389,0.137405,0.626984,0,0.373016
Prioritize equality,govment_20,equal_21,hcabs_e2080,taxpay_e2080,403.972,0.107805,25.5776,8105.01,0.141111,0.0113095,0.847579,0.115385,0.506349,0,0.493651
Prioritize equality,govment_20,equal_21,hcabs_e2080,taxpay_e2080,376.498,0.0879122,86.7634,7616.72,0.0901587,0.0325,0.877341,0.422311,0.119048,0,0.880952
Prioritize equality,govment_20,equal_21,hcabs_e2080,taxpay_e2080,457.609,0.104346,82.4894,9234.66,0.0619048,0.0156349,0.92246,0.371111,0.143651,0,0.856349
Prioritize equality,govment_20,equal_21,hcabs_e2080,taxpay_e2080,305.19,0.21256,50.3741,6154.18,0.148889,0.0579762,0.793135,0.307292,0.333333,0,0.666667
Prioritize equality,govment_20,equal_21,hcabs_e2080,taxpay_e2080,366.322,0.152339,101.542,7427.99,0.0946825,0.0389683,0.866349,0.365201,0.175397,0,0.824603
Prioritize equality,govment_20,equal_21,hcabs_e2080,taxpay_e2080,427.915,0.0634912,77.9042,8636.21,0.0856746,0.0159921,0.898333,0.377399,0.166667,0,0.833333
Prioritize equality,govment_20,equal_21,hcabs_e2080,taxpay_e2080,404.696,0.097305,75.3585,8169.27,0.0974206,0.0278175,0.874762,0.5,0.109524,0,0.890476
Prioritize equality,govment_20,equal_21,hcabs_e2080,taxpay_e2080,397.821,0.0947784,125.137,8081.55,0.134643,0.0125,0.852857,0.419183,0.0920635,0,0.907937
Prioritize equality,govment_20,equal_21,hcabs_e2080,taxpay_e2080,400.117,0.0715677,79.6705,8082.01,0.114444,0.0195635,0.865992,0.302655,0.0960317,0,0.903968
Prioritize equality,govment_20,equal_21,hcabs_e2080,taxpay_e2080,434.214,0.122481,80.5642,8764.84,0.14381,0.000952381,0.855238,0.334038,0.164286,0,0.835714
Prioritize equality,govment_20,equal_21,hcabs_e2080,taxpay_e2080,433.426,0.132852,49.2372,8717.76,0.0814683,0.0229762,0.895556,0.252451,0.461111,0,0.538889
Prioritize equality,govment_20,equal_21,hcabs_e2080,taxpay_e2080,390.18,0.0771043,80.0037,7883.59,0.0759524,0.0316667,0.892381,0.412088,0.107937,0,0.892063
Prioritize equality,govment_20,equal_21,hcabs_e2080,taxpay_e2080,352.128,0.185104,61.815,7104.37,0.125992,0.0396429,0.834365,0.450495,0.283333,0,0.716667
Prioritize equality,govment_20,equal_21,hcabs_e2080,taxpay_e2080,330.798,0.141688,64.6849,6680.65,0.180516,0.0265873,0.792897,0.431635,0.362698,0,0.637302
Prioritize equality,govment_20,equal_21,hcabs_e2080,taxpay_e2080,369.569,0.169389,16.5571,7407.94,0.11123,0.0393254,0.849444,0.39312,0.297619,0,0.702381
Prioritize equality,govment_20,equal_21,hcabs_e2080,taxpay_e2080,323.161,0.200323,58.2548,6521.48,0.0875397,0.0596825,0.852778,0.277174,0.294444,0,0.705556
Prioritize equality,govment_20,equal_21,hcabs_e2080,taxpay_e2080,376.783,0.0865586,93.6013,7629.27,0.124841,0.0233333,0.851825,0.357013,0.0936508,0,0.906349
Prioritize equality,govment_20,equal_21,hcabs_e2080,taxpay_e2080,359.963,0.118253,48.6447,7247.91,0.143968,0.0296429,0.826389,0.263692,0.161111,0,0.838889
Prioritize equality,govment_20,equal_21,hcabs_e2080,taxpay_e2080,375.062,0.0707915,108.363,7609.6,0.064127,0.0375397,0.898333,0.42246,0.176984,0,0.823016
Prioritize equality,govment_20,equal_21,hcabs_e2080,taxpay_e2080,436.977,0.0461839,121.185,8860.73,0.138413,7.93651e-05,0.861508,0.518887,0.097619,0,0.902381
Prioritize equality,govment_20,equal_21,hcabs_e2080,taxpay_e2080,480.783,0.0614649,98.0142,9713.67,0.0825794,0.00142857,0.915992,0.452,0.0793651,0,0.920635
Prioritize equality,govment_20,equal_21,hcabs_e2080,taxpay_e2080,406.232,0.0834585,103.346,8227.99,0.104444,0.0184921,0.877063,0.484407,0.126984,0,0.873016
Prioritize equality,govment_20,equal_21,hcabs_e2080,taxpay_e2080,328.319,0.142472,51.0264,6617.4,0.154206,0.036746,0.809048,0.221675,0.169841,0,0.830159
Prioritize equality,govment_20,equal_21,hcabs_e2080,taxpay_e2080,402.655,0.0872664,64.6482,8117.75,0.144762,0.0110714,0.844167,0.386412,0.0666667,0,0.933333
Prioritize equality,govment_20,equal_21,hcabs_e2080,taxpay_e2080,412.301,0.0677544,30.063,8276.09,0.13127,0.00964286,0.859087,0.133733,0.14127,0,0.85873
Balanced priorities,govment_20,equal_21,hcabs_e5050,taxpay_e5050,410.343,0.072251,105.796,8312.65,0.117024,0.0137698,0.869206,0.413686,0.0698413,0,0.930159
Balanced priorities,govment_20,equal_21,hcabs_e5050,taxpay_e5050,375.293,0.168544,153.098,7658.95,0.128889,0.0209127,0.850198,0.424806,0.145238,0.219841,0.634921
Balanced priorities,govment_20,equal_21,hcabs_e5050,taxpay_e5050,331.837,0.163634,217.092,6853.83,0.12627,0.0357143,0.838016,0.238739,0.29127,0.342063,0.366667
Balanced priorities,govment_20,equal_21,hcabs_e5050,taxpay_e5050,295.504,0.191278,56.5747,5966.65,0.0899206,0.0674603,0.842619,0.0559211,0.433333,0.3,0.266667
Balanced priorities,govment_20,equal_21,hcabs_e5050,taxpay_e5050,405.517,0.165266,85.1732,8195.51,0.0688889,0.0302381,0.900873,0.32782,0.14127,0.0515873,0.807143
Balanced priorities,govment_20,equal_21,hcabs_e5050,taxpay_e5050,325.733,0.191607,97.8166,6612.48,0.144722,0.0378571,0.817421,0.316726,0.238095,0.228571,0.533333
Balanced priorities,govment_20,equal_21,hcabs_e5050,taxpay_e5050,307.241,0.161403,141.827,6286.64,0.124841,0.0525,0.822659,0.533541,0.0626984,0.0642857,0.873016
Balanced priorities,govment_20,equal_21,hcabs_e5050,taxpay_e5050,367.451,0.131831,82.9029,7431.93,0.148294,0.0224206,0.829286,0.426752,0.068254,0,0.931746
Balanced priorities,govment_20,equal_21,hcabs_e5050,taxpay_e5050,399.934,0.199176,115.144,8113.83,0.0954762,0.0230556,0.881468,0.213816,0.377778,0.137302,0.484921
Balanced priorities,govment_20,equal_21,hcabs_e5050,taxpay_e5050,476.996,0.0493888,114.667,9654.6,0.0964286,0,0.903571,0.452055,0.0603175,0,0.939683
Balanced priorities,govment_20,equal_21,hcabs_e5050,taxpay_e5050,392.86,0.105264,107.34,7964.53,0.125595,0.0181349,0.85627,0.340841,0.124603,0,0.875397
Balanced priorities,govment_20,equal_21,hcabs_e5050,taxpay_e5050,411.682,0.144664,120.752,8354.4,0.10873,0.021627,0.869643,0.468268,0.0365079,0.0301587,0.933333
Balanced priorities,govment_20,equal_21,hcabs_e5050,taxpay_e5050,402.086,0.142282,86.1326,8127.85,0.135278,0.0127778,0.851944,0.298507,0.144444,0,0.855556
Balanced priorities,govment_20,equal_21,hcabs_e5050,taxpay_e5050,426.766,0.128014,11.4754,8546.8,0.118651,0.0112698,0.870079,0.158242,0.47619,0.215079,0.30873
Balanced priorities,govment_20,equal_21,hcabs_e5050,taxpay_e5050,419.526,0.136833,78.7772,8469.3,0.116508,0.0134524,0.87004,0.345029,0.0936508,0,0.906349
Balanced priorities,govment_20,equal_21,hcabs_e5050,taxpay_e5050,319.413,0.232871,44.5224,6432.79,0.154048,0.0461905,0.799762,0.253054,0.228571,0.296825,0.474603
Balanced priorities,govment_20,equal_21,hcabs_e5050,taxpay_e5050,369.266,0.115524,149.158,7534.47,0.0922222,0.0373413,0.870437,0.5,0.0547619,0,0.945238
Balanced priorities,govment_20,equal_21,hcabs_e5050,taxpay_e5050,468.678,0.0751736,133.706,9507.26,0.0627778,0.0103968,0.926825,0.548495,0.0674603,0,0.93254
Balanced priorities,govment_20,equal_21,hcabs_e5050,taxpay_e5050,410.754,0.122671,78.7195,8293.79,0.114484,0.0138889,0.871627,0.329806,0.225397,0,0.774603
Balanced priorities,govment_20,equal_21,hcabs_e5050,taxpay_e5050,365.189,0.119163,103.739,7407.52,0.0862698,0.0393651,0.874365,0.323232,0.12381,0.0714286,0.804762
Balanced priorities,govment_20,equal_21,hcabs_e5050,taxpay_e5050,255.338,0.134346,131.745,5238.51,0.149643,0.0670238,0.783333,0.104,0.311111,0.334921,0.353968
Balanced priorities,govment_20,equal_21,hcabs_e5050,taxpay_e5050,480.889,0.0883579,99.4347,9717.21,0.0940873,0,0.905913,0.269168,0.378571,0,0.621429
Balanced priorities,govment_20,equal_21,hcabs_e5050,taxpay_e5050,347.471,0.0948722,152.679,7102.09,0.118175,0.0334127,0.848413,0.490255,0.0515873,0.0722222,0.87619
Balanced priorities,govment_20,equal_21,hcabs_e5050,taxpay_e5050,459.741,0.0649378,86.0372,9280.85,0.0749206,0.00928571,0.915794,0.330247,0.157143,0,0.842857
Balanced priorities,govment_20,equal_21,hcabs_e5050,taxpay_e5050,404.565,0.120431,154.912,8246.22,0.0918254,0.0242857,0.883889,0.545052,0.0452381,0,0.954762
Balanced priorities,govment_20,equal_21,hcabs_e5050,taxpay_e5050,313.484,0.204439,163.809,6433.49,0.134048,0.0415079,0.824444,0.224168,0.334921,0.314286,0.350794
Balanced priorities,govment_20,equal_21,hcabs_e5050,taxpay_e5050,414.367,0.112862,149.178,8436.52,0.131825,0.00960317,0.858571,0.557018,0.05,0,0.95
Balanced priorities,govment_20,equal_21,hcabs_e5050,taxpay_e5050,397.64,0.144237,193.632,8146.44,0.115635,0.0147222,0.869643,0.336508,0.162698,0.142063,0.695238
Balanced priorities,govment_20,equal_21,hcabs_e5050,taxpay_e5050,379.296,0.088933,108.138,7694.05,0.136944,0.0194444,0.843611,0.425036,0.0761905,0,0.92381
Balanced priorities,govment_20,equal_21,hcabs_e5050,taxpay_e5050,384.752,0.0742046,135.488,7830.52,0.0829365,0.0321032,0.88496,0.570016,0.1,0,0.9
Balanced priorities,govment_20,equal_21,hcabs_e5050,taxpay_e5050,303.836,0.131454,227.01,6303.72,0.105119,0.045754,0.849127,0.273649,0.221429,0.30873,0.469841
Balanced priorities,govment_20,equal_21,hcabs_e5050,taxpay_e5050,328.108,0.138536,98.5782,6660.73,0.132421,0.0305952,0.836984,0.440066,0.190476,0.42381,0.385714
Balanced priorities,govment_20,equal_21,hcabs_e5050,taxpay_e5050,404.265,0.0914763,82.4732,8167.77,0.091746,0.020754,0.8875,0.157742,0.356349,0.198413,0.445238
Balanced priorities,govment_20,equal_21,hcabs_e5050,taxpay_e5050,470.903,0.0674807,157.105,9575.17,0.0744444,0.00595238,0.919603,0.543408,0.0404762,0,0.959524
Balanced priorities,govment_20,equal_21,hcabs_e5050,taxpay_e5050,485.733,0.032443,107.283,9821.94,0.0834921,3.96825e-05,0.916468,0.534031,0.0333333,0,0.966667
Balanced priorities,govment_20,equal_21,hcabs_e5050,taxpay_e5050,390.59,0.151392,127.903,7939.7,0.155556,0.0125794,0.831865,0.538889,0.0396825,0.0650794,0.895238
Balanced priorities,govment_20,equal_21,hcabs_e5050,taxpay_e5050,321.929,0.195649,36.2565,6474.84,0.153135,0.03,0.816865,0.183771,0.499206,0.259524,0.24127
Balanced priorities,govment_20,equal_21,hcabs_e5050,taxpay_e5050,359.658,0.115243,134.867,7328.04,0.176667,0.0123016,0.811032,0.422256,0.097619,0.162698,0.739683
Balanced priorities,govment_20,equal_21,hcabs_e5050,taxpay_e5050,423.1,0.164123,30.8263,8492.83,0.0728571,0.0238095,0.903333,0.165703,0.414286,0.188095,0.397619
Balanced priorities,govment_20,equal_21,hcabs_e5050,taxpay_e5050,312.183,0.0912304,92.8741,6336.53,0.121548,0.043254,0.835198,0.380471,0.185714,0.400794,0.413492
Balanced priorities,govment_20,equal_21,hcabs_e5050,taxpay_e5050,397.621,0.119371,104.273,8056.7,0.147024,0.0105159,0.84246,0.402516,0.171429,0.0738095,0.754762
Balanced priorities,govment_20,equal_21,hcabs_e5050,taxpay_e5050,266.109,0.163598,92.3568,5414.54,0.153294,0.0625794,0.784127,0.441489,0.196825,0.348413,0.454762
Balanced priorities,govment_20,equal_21,hcabs_e5050,taxpay_e5050,427.671,0.048217,89.788,8643.2,0.0681746,0.0209524,0.910873,0.385,0.102381,0,0.897619
Balanced priorities,govment_20,equal_21,hcabs_e5050,taxpay_e5050,316.272,0.169559,152.15,6477.58,0.129683,0.0430952,0.827222,0.416928,0.142063,0.280952,0.576984
Balanced priorities,govment_20,equal_21,hcabs_e5050,taxpay_e5050,372.493,0.194409,135.825,7585.69,0.105159,0.0304365,0.864405,0.371058,0.201587,0.400794,0.397619
Balanced priorities,govment_20,equal_21,hcabs_e5050,taxpay_e5050,414.567,0.0897887,126.429,8417.77,0.0975794,0.0167063,0.885714,0.564024,0.0738095,0,0.92619
Balanced priorities,govment_20,equal_21,hcabs_e5050,taxpay_e5050,272.077,0.185927,111.725,5553.26,0.14246,0.060754,0.796786,0.120385,0.337302,0.492857,0.169841
Balanced priorities,govment_20,equal_21,hcabs_e5050,taxpay_e5050,348.637,0.140996,122.781,7095.52,0.0857143,0.0476587,0.866627,0.51446,0.0761905,0,0.92381
Balanced priorities,govment_20,equal_21,hcabs_e5050,taxpay_e5050,407.003,0.123721,70.9245,8210.98,0.121627,0.0140873,0.864286,0.362264,0.227778,0,0.772222
Balanced priorities,govment_20,equal_21,hcabs_e5050,taxpay_e5050,427.982,0.0802378,80.1931,8639.83,0.12004,0.00769841,0.872262,0.395639,0.0706349,0,0.929365
Balanced priorities,govment_20,equal_21,hcabs_e5050,taxpay_e5050,309.916,0.139643,73.7398,6272.06,0.150675,0.0433333,0.805992,0.330389,0.190476,0.204762,0.604762
Balanced priorities,govment_20,equal_21,hcabs_e5050,taxpay_e5050,450.895,0.0859284,149.75,9167.66,0.0737698,0.0123413,0.913889,0.436923,0.0730159,0,0.926984
Balanced priorities,govment_20,equal_21,hcabs_e5050,taxpay_e5050,432.779,0.113015,163.298,8818.89,0.0986508,0.00900794,0.892341,0.519873,0.159524,0.184921,0.655556
Balanced priorities,govment_20,equal_21,hcabs_e5050,taxpay_e5050,372.71,0.130347,119.32,7573.52,0.124881,0.0313889,0.84373,0.401493,0.142857,0,0.857143
Balanced priorities,govment_20,equal_21,hcabs_e5050,taxpay_e5050,358.152,0.140544,144.578,7307.61,0.086746,0.0422222,0.871032,0.470497,0.0547619,0.0325397,0.912698
Balanced priorities,govment_20,equal_21,hcabs_e5050,taxpay_e5050,412.808,0.0784781,78.8774,8335.03,0.122024,0.0119444,0.866032,0.347899,0.200794,0,0.799206
Balanced priorities,govment_20,equal_21,hcabs_e5050,taxpay_e5050,393.224,0.0813785,160.58,8025.06,0.141508,0.0127778,0.845714,0.583102,0.0555556,0,0.944444
Balanced priorities,govment_20,equal_21,hcabs_e5050,taxpay_e5050,404.474,0.133405,144.911,8234.4,0.119841,0.0174603,0.862698,0.47619,0.15,0.0920635,0.757937
Balanced priorities,govment_20,equal_21,hcabs_e5050,taxpay_e5050,391.142,0.144789,127.345,7950.18,0.106865,0.0167857,0.876349,0.377926,0.181746,0.451587,0.366667
Balanced priorities,govment_20,equal_21,hcabs_e5050,taxpay_e5050,379.274,0.133278,33.0456,7618.53,0.101944,0.0300794,0.867976,0.148148,0.405556,0.333333,0.261111
Balanced priorities,govment_20,equal_21,hcabs_e5050,taxpay_e5050,374.621,0.155488,58.9576,7551.38,0.149841,0.0181746,0.831984,0.247059,0.290476,0.403968,0.305556
Balanced priorities,govment_20,equal_21,hcabs_e5050,taxpay_e5050,402.016,0.0710187,169.573,8209.89,0.079246,0.0264286,0.894325,0.643564,0.068254,0,0.931746
Balanced priorities,govment_20,equal_21,hcabs_e5050,taxpay_e5050,357.823,0.14718,185.936,7342.39,0.0779365,0.0380556,0.884008,0.280675,0.22619,0.231746,0.542063
Balanced priorities,govment_20,equal_21,hcabs_e5050,taxpay_e5050,416.142,0.122066,108.585,8431.43,0.0990873,0.0163095,0.884603,0.367834,0.15873,0,0.84127
Balanced priorities,govment_20,equal_21,hcabs_e5050,taxpay_e5050,324.678,0.124998,199.889,6693.45,0.094127,0.0444444,0.861429,0.532641,0.12381,0.238095,0.638095
Balanced priorities,govment_20,equal_21,hcabs_e5050,taxpay_e5050,448.469,0.0640191,107.253,9076.63,0.0630556,0.0156349,0.92131,0.432927,0.0531746,0,0.946825
Balanced priorities,govment_20,equal_21,hcabs_e5050,taxpay_e5050,400.834,0.126752,170.251,8186.93,0.0786905,0.0259127,0.895397,0.354354,0.213492,0.135714,0.650794
Balanced priorities,govment_20,equal_21,hcabs_e5050,taxpay_e5050,420.165,0.116759,164.153,8567.45,0.118849,0.00805556,0.873095,0.365639,0.0912698,0.081746,0.826984
Balanced priorities,govment_20,equal_21,hcabs_e5050,taxpay_e5050,446.109,0.0689182,104.509,9026.68,0.0656349,0.0146825,0.919683,0.397746,0.145238,0,0.854762
Balanced priorities,govment_20,equal_21,hcabs_e5050,taxpay_e5050,433.724,0.0790627,86.3561,8760.84,0.0696032,0.0198016,0.910595,0.339117,0.15,0,0.85
Balanced priorities,govment_20,equal_21,hcabs_e5050,taxpay_e5050,347.455,0.110629,148.374,7097.48,0.141349,0.0284127,0.830238,0.314843,0.188889,0.157937,0.653175
Balanced priorities,govment_20,equal_21,hcabs_e5050,taxpay_e5050,397.652,0.0802831,78.5499,8031.59,0.124524,0.0149206,0.860556,0.324961,0.2,0,0.8
Balanced priorities,govment_20,equal_21,hcabs_e5050,taxpay_e5050,308.72,0.181755,280.194,6454.58,0.0803571,0.0520238,0.867619,-0.0630048,0.474603,0.325397,0.2
Balanced priorities,govment_20,equal_21,hcabs_e5050,taxpay_e5050,284.39,0.210104,113.778,5801.59,0.129444,0.0574206,0.813135,0.150376,0.275397,0.579365,0.145238
Balanced priorities,govment_20,equal_21,hcabs_e5050,taxpay_e5050,403.101,0.11272,140.901,8202.91,0.1,0.0205556,0.879444,0.633394,0.0333333,0,0.966667
Balanced priorities,govment_20,equal_21,hcabs_e5050,taxpay_e5050,412.44,0.0827101,93.7809,8342.58,0.102698,0.0181349,0.879167,0.45,0.0579365,0,0.942063
Balanced priorities,govment_20,equal_21,hcabs_e5050,taxpay_e5050,408.539,0.135269,82.1823,8252.97,0.0949206,0.0164286,0.888651,0.269355,0.229365,0.403968,0.366667
Balanced priorities,govment_20,equal_21,hcabs_e5050,taxpay_e5050,286.688,0.12684,62.3128,5796.08,0.141587,0.0520635,0.806349,0.315068,0.289683,0.384127,0.32619
Balanced priorities,govment_20,equal_21,hcabs_e5050,taxpay_e5050,341.001,0.100122,131.051,6951.07,0.127143,0.0343651,0.838492,0.493031,0.0698413,0.0880952,0.842063
Balanced priorities,govment_20,equal_21,hcabs_e5050,taxpay_e5050,400.183,0.100016,112.68,8116.34,0.152897,0.00920635,0.837897,0.399417,0.104762,0,0.895238
Balanced priorities,govment_20,equal_21,hcabs_e5050,taxpay_e5050,275.622,0.130525,76.8805,5589.32,0.150397,0.0568254,0.792778,0.330537,0.162698,0.357937,0.479365
Balanced priorities,govment_20,equal_21,hcabs_e5050,taxpay_e5050,452.922,0.108064,103.895,9162.33,0.1175,0,0.8825,0.368687,0.155556,0,0.844444
Balanced priorities,govment_20,equal_21,hcabs_e5050,taxpay_e5050,413.282,0.0891941,76.7603,8342.4,0.0767857,0.0241667,0.899048,0.265997,0.138889,0,0.861111
Balanced priorities,govment_20,equal_21,hcabs_e5050,taxpay_e5050,434.02,0.138542,90.351,8770.75,0.0891667,0.0171825,0.893651,0.385432,0.0920635,0,0.907937
Balanced priorities,govment_20,equal_21,hcabs_e5050,taxpay_e5050,365.477,0.117879,91.6003,7401.13,0.125833,0.0338095,0.840357,0.391597,0.0952381,0,0.904762
Balanced priorities,govment_20,equal_21,hcabs_e5050,taxpay_e5050,344.318,0.0709675,98.152,6984.52,0.0709524,0.0475794,0.881468,0.41411,0.0904762,0.0904762,0.819048
Balanced priorities,govment_20,equal_21,hcabs_e5050,taxpay_e5050,318.034,0.0977915,135.887,6496.57,0.11869,0.0469841,0.834325,0.453005,0.118254,0.0952381,0.786508
Balanced priorities,govment_20,equal_21,hcabs_e5050,taxpay_e5050,368.144,0.0943252,119.282,7482.15,0.140992,0.022381,0.836627,0.475575,0.0579365,0,0.942063
Balanced priorities,govment_20,equal_21,hcabs_e5050,taxpay_e5050,425.074,0.0996217,78.6666,8580.16,0.081746,0.0195635,0.89869,0.342193,0.179365,0,0.820635
Balanced priorities,govment_20,equal_21,hcabs_e5050,taxpay_e5050,387.385,0.082714,107.334,7855.02,0.117579,0.0195635,0.862857,0.348333,0.193651,0,0.806349
Balanced priorities,govment_20,equal_21,hcabs_e5050,taxpay_e5050,298.332,0.100612,151.55,6118.18,0.119524,0.0522619,0.828214,0.450166,0.137302,0.111905,0.750794
Balanced priorities,govment_20,equal_21,hcabs_e5050,taxpay_e5050,365.757,0.0715796,96.4714,7411.61,0.112619,0.0280952,0.859286,0.358362,0.131746,0.2,0.668254
Balanced priorities,govment_20,equal_21,hcabs_e5050,taxpay_e5050,445.675,0.0836335,134.069,9047.57,0.110675,0.00464286,0.884683,0.520249,0.047619,0,0.952381
Balanced priorities,govment_20,equal_21,hcabs_e5050,taxpay_e5050,355.307,0.092935,176.599,7282.74,0.102143,0.0320238,0.865833,0.274074,0.257143,0.216667,0.52619
Balanced priorities,govment_20,equal_21,hcabs_e5050,taxpay_e5050,315.342,0.119137,39.6705,6346.52,0.119762,0.0518651,0.828373,0.249254,0.175397,0.0666667,0.757937
Balanced priorities,govment_20,equal_21,hcabs_e5050,taxpay_e5050,391.856,0.0817587,141.235,7978.35,0.0689286,0.0343651,0.896706,0.542662,0.0650794,0,0.934921
Balanced priorities,govment_20,equal_21,hcabs_e5050,taxpay_e5050,454.254,0.0805699,151.734,9236.81,0.0184921,0.0247222,0.956786,0.588926,0.0531746,0,0.946825
Balanced priorities,govment_20,equal_21,hcabs_e5050,taxpay_e5050,371.056,0.0828656,156.898,7578.02,0.0730952,0.0364683,0.890437,0.248013,0.207937,0.153175,0.638889
Balanced priorities,govment_20,equal_21,hcabs_e5050,taxpay_e5050,318.968,0.117273,66.7673,6446.13,0.147183,0.0369841,0.815833,0.284375,0.2,0.290476,0.509524
Balanced priorities,govment_20,equal_21,hcabs_e5050,taxpay_e5050,424.54,0.102736,131.272,8622.07,0.101905,0.0139286,0.884167,0.468702,0.0507937,0,0.949206
Prioritize ave. wealth,govment_20,equal_21,hcabs_e8020,taxpay_e8020,400.092,0.114637,0,8001.84,0.124286,0.0155952,0.860119,-1,1,0,0
Prioritize ave. wealth,govment_20,equal_21,hcabs_e8020,taxpay_e8020,328.696,0.0712614,0,6573.92,0.172817,0.0283333,0.798849,-1,1,0,0
Prioritize ave. wealth,govment_20,equal_21,hcabs_e8020,taxpay_e8020,304.324,0.159702,0,6086.49,0.1375,0.046746,0.815754,-1,1,0,0
Prioritize ave. wealth,govment_20,equal_21,hcabs_e8020,taxpay_e8020,426.151,0.165883,0,8523.02,0.0830556,0.0207937,0.896151,-1,1,0,0
Prioritize ave. wealth,govment_20,equal_21,hcabs_e8020,taxpay_e8020,347.633,0.260992,0,6952.66,0.128929,0.0402381,0.830833,-1,1,0,0
Prioritize ave. wealth,govment_20,equal_21,hcabs_e8020,taxpay_e8020,381.493,0.128499,0,7629.86,0.117063,0.0270635,0.855873,-1,1,0,0
Prioritize ave. wealth,govment_20,equal_21,hcabs_e8020,taxpay_e8020,416.408,0.173738,0,8328.15,0.0952381,0.0323413,0.872421,-1,1,0,0
Prioritize ave. wealth,govment_20,equal_21,hcabs_e8020,taxpay_e8020,457.269,0.130335,0,9145.38,0.0565873,0.0180159,0.925397,-1,1,0,0
Prioritize ave. wealth,govment_20,equal_21,hcabs_e8020,taxpay_e8020,411.067,0.123152,0,8221.35,0.122937,0.0207143,0.856349,-1,1,0,0
Prioritize ave. wealth,govment_20,equal_21,hcabs_e8020,taxpay_e8020,385.058,0.139153,0,7701.16,0.1375,0.0170238,0.845476,-1,1,0,0
Prioritize ave. wealth,govment_20,equal_21,hcabs_e8020,taxpay_e8020,349.313,0.104011,0,6986.25,0.118175,0.0392063,0.842619,-1,1,0,0
Prioritize ave. wealth,govment_20,equal_21,hcabs_e8020,taxpay_e8020,382.363,0.120294,0,7647.25,0.155119,0.015119,0.829762,-1,1,0,0
Prioritize ave. wealth,govment_20,equal_21,hcabs_e8020,taxpay_e8020,449.138,0.150354,0,8982.75,0.0953571,0.0119048,0.892738,-1,1,0,0
Prioritize ave. wealth,govment_20,equal_21,hcabs_e8020,taxpay_e8020,499.536,0.062121,0,9990.73,0.0537302,0.00464286,0.941627,-1,1,0,0
Prioritize ave. wealth,govment_20,equal_21,hcabs_e8020,taxpay_e8020,423.531,0.0983874,0,8470.63,0.093254,0.0183333,0.888413,-1,1,0,0
Prioritize ave. wealth,govment_20,equal_21,hcabs_e8020,taxpay_e8020,397.404,0.187818,0,7948.07,0.106667,0.0325397,0.860794,-1,1,0,0
Prioritize ave. wealth,govment_20,equal_21,hcabs_e8020,taxpay_e8020,308.769,0.154704,0,6175.37,0.123373,0.0557143,0.820913,-1,1,0,0
Prioritize ave. wealth,govment_20,equal_21,hcabs_e8020,taxpay_e8020,460.932,0.0803112,0,9218.64,0.0824206,0.00821429,0.909365,-1,1,0,0
Prioritize ave. wealth,govment_20,equal_21,hcabs_e8020,taxpay_e8020,429.84,0.136232,0,8596.79,0.0594444,0.0246032,0.915952,-1,1,0,0
Prioritize ave. wealth,govment_20,equal_21,hcabs_e8020,taxpay_e8020,289.368,0.189347,0,5787.36,0.116071,0.0605159,0.823413,-1,1,0,0
Prioritize ave. wealth,govment_20,equal_21,hcabs_e8020,taxpay_e8020,400.436,0.146161,0,8008.72,0.121786,0.020754,0.85746,-1,1,0,0
Prioritize ave. wealth,govment_20,equal_21,hcabs_e8020,taxpay_e8020,364.992,0.0919598,0,7299.85,0.116944,0.0294048,0.853651,-1,1,0,0
Prioritize ave. wealth,govment_20,equal_21,hcabs_e8020,taxpay_e8020,447.264,0.0960049,0,8945.28,0.0856349,0.012619,0.901746,-1,1,0,0
Prioritize ave. wealth,govment_20,equal_21,hcabs_e8020,taxpay_e8020,425.21,0.146532,0,8504.19,0.106111,0.0158333,0.878056,-1,1,0,0
Prioritize ave. wealth,govment_20,equal_21,hcabs_e8020,taxpay_e8020,427.376,0.140364,0,8547.52,0.125714,0.00801587,0.86627,-1,1,0,0
Prioritize ave. wealth,govment_20,equal_21,hcabs_e8020,taxpay_e8020,436.039,0.142828,0,8720.79,0.0789683,0.0190079,0.902024,-1,1,0,0
Prioritize ave. wealth,govment_20,equal_21,hcabs_e8020,taxpay_e8020,360.963,0.193282,0,7219.25,0.130278,0.0379762,0.831746,-1,1,0,0
Prioritize ave. wealth,govment_20,equal_21,hcabs_e8020,taxpay_e8020,339.716,0.1142,0,6794.32,0.124048,0.0421429,0.83381,-1,1,0,0
Prioritize ave. wealth,govment_20,equal_21,hcabs_e8020,taxpay_e8020,415.498,0.082376,0,8309.96,0.0910714,0.0205952,0.888333,-1,1,0,0
Prioritize ave. wealth,govment_20,equal_21,hcabs_e8020,taxpay_e8020,393.778,0.125237,0,7875.57,0.14504,0.0139683,0.840992,-1,1,0,0
Prioritize ave. wealth,govment_20,equal_21,hcabs_e8020,taxpay_e8020,413.901,0.175125,0,8278.01,0.0943254,0.0217063,0.883968,-1,1,0,0
Prioritize ave. wealth,govment_20,equal_21,hcabs_e8020,taxpay_e8020,421.549,0.117464,0,8430.98,0.0999603,0.0148413,0.885198,-1,1,0,0
Prioritize ave. wealth,govment_20,equal_21,hcabs_e8020,taxpay_e8020,386.888,0.0970919,0,7737.76,0.109524,0.0251587,0.865317,-1,1,0,0
Prioritize ave. wealth,govment_20,equal_21,hcabs_e8020,taxpay_e8020,363.234,0.143884,0,7264.67,0.119802,0.0346032,0.845595,-1,1,0,0
Prioritize ave. wealth,govment_20,equal_21,hcabs_e8020,taxpay_e8020,406.662,0.0734616,0,8133.24,0.114365,0.0172619,0.868373,-1,1,0,0
Prioritize ave. wealth,govment_20,equal_21,hcabs_e8020,taxpay_e8020,359.503,0.142044,0,7190.06,0.0898413,0.0430159,0.867143,-1,1,0,0
Prioritize ave. wealth,govment_20,equal_21,hcabs_e8020,taxpay_e8020,431.083,0.096676,0,8621.66,0.0955556,0.014127,0.890317,-1,1,0,0
Prioritize ave. wealth,govment_20,equal_21,hcabs_e8020,taxpay_e8020,302.707,0.158512,0,6054.15,0.140635,0.0569841,0.802381,-1,1,0,0
Prioritize ave. wealth,govment_20,equal_21,hcabs_e8020,taxpay_e8020,336.768,0.114061,0,6735.36,0.118651,0.0452778,0.836071,-1,1,0,0
Prioritize ave. wealth,govment_20,equal_21,hcabs_e8020,taxpay_e8020,493.041,0.123155,0,9860.82,0.0450794,0.010754,0.944167,-1,1,0,0
Prioritize ave. wealth,govment_20,equal_21,hcabs_e8020,taxpay_e8020,314.872,0.179635,0,6297.45,0.104722,0.0597619,0.835516,-1,1,0,0
Prioritize ave. wealth,govment_20,equal_21,hcabs_e8020,taxpay_e8020,399.199,0.156006,0,7983.97,0.083254,0.0324206,0.884325,-1,1,0,0
Prioritize ave. wealth,govment_20,equal_21,hcabs_e8020,taxpay_e8020,426.286,0.118006,0,8525.71,0.0996429,0.0155952,0.884762,-1,1,0,0
Prioritize ave. wealth,govment_20,equal_21,hcabs_e8020,taxpay_e8020,484.775,0.0598023,0,9695.5,0.0914286,0.000119048,0.908452,-1,1,0,0
Prioritize ave. wealth,govment_20,equal_21,hcabs_e8020,taxpay_e8020,289.606,0.222896,0,5792.12,0.0959921,0.0767857,0.827222,-1,1,0,0
Prioritize ave. wealth,govment_20,equal_21,hcabs_e8020,taxpay_e8020,348.831,0.109258,0,6976.62,0.132698,0.0330556,0.834246,-1,1,0,0
Prioritize ave. wealth,govment_20,equal_21,hcabs_e8020,taxpay_e8020,420.092,0.0889317,0,8401.83,0.122659,0.00948413,0.867857,-1,1,0,0
Prioritize ave. wealth,govment_20,equal_21,hcabs_e8020,taxpay_e8020,356.048,0.0954066,0,7120.96,0.134286,0.0314286,0.834286,-1,1,0,0
Prioritize ave. wealth,govment_20,equal_21,hcabs_e8020,taxpay_e8020,328.745,0.19662,0,6574.9,0.0696825,0.0624603,0.867857,-1,1,0,0
Prioritize ave. wealth,govment_20,equal_21,hcabs_e8020,taxpay_e8020,293.429,0.24005,0,5868.58,0.148532,0.0560317,0.795437,-1,1,0,0
Prioritize ave. wealth,govment_20,equal_21,hcabs_e8020,taxpay_e8020,330.784,0.173796,0,6615.69,0.139325,0.0427778,0.817897,-1,1,0,0
Prioritize ave. wealth,govment_20,equal_21,hcabs_e8020,taxpay_e8020,454.445,0.121975,0,9088.91,0.125,0.00440476,0.870595,-1,1,0,0
Prioritize ave. wealth,govment_20,equal_21,hcabs_e8020,taxpay_e8020,421.985,0.113257,0,8439.69,0.0876587,0.0203571,0.891984,-1,1,0,0
Prioritize ave. wealth,govment_20,equal_21,hcabs_e8020,taxpay_e8020,397.551,0.152398,0,7951.02,0.0879762,0.0306746,0.881349,-1,1,0,0
Prioritize ave. wealth,govment_20,equal_21,hcabs_e8020,taxpay_e8020,443.466,0.13842,0,8869.31,0.0629762,0.0218254,0.915198,-1,1,0,0
Prioritize ave. wealth,govment_20,equal_21,hcabs_e8020,taxpay_e8020,423.88,0.105995,0,8477.59,0.0819841,0.0215476,0.896468,-1,1,0,0
Prioritize ave. wealth,govment_20,equal_21,hcabs_e8020,taxpay_e8020,392.822,0.165242,0,7856.43,0.138333,0.0185317,0.843135,-1,1,0,0
Prioritize ave. wealth,govment_20,equal_21,hcabs_e8020,taxpay_e8020,385.124,0.133033,0,7702.48,0.0859127,0.034881,0.879206,-1,1,0,0
Prioritize ave. wealth,govment_20,equal_21,hcabs_e8020,taxpay_e8020,323.083,0.0852444,0,6461.65,0.0800397,0.0569048,0.863056,-1,1,0,0
Prioritize ave. wealth,govment_20,equal_21,hcabs_e8020,taxpay_e8020,438.147,0.114602,0,8762.93,0.0909127,0.0142063,0.894881,-1,1,0,0
Prioritize ave. wealth,govment_20,equal_21,hcabs_e8020,taxpay_e8020,397.05,0.177694,0,7941.01,0.125437,0.0215873,0.852976,-1,1,0,0
Prioritize ave. wealth,govment_20,equal_21,hcabs_e8020,taxpay_e8020,414.231,0.096066,0,8284.63,0.0895635,0.0248413,0.885595,-1,1,0,0
Prioritize ave. wealth,govment_20,equal_21,hcabs_e8020,taxpay_e8020,273.796,0.223486,0,5475.93,0.134802,0.0730159,0.792183,-1,1,0,0
Prioritize ave. wealth,govment_20,equal_21,hcabs_e8020,taxpay_e8020,442.969,0.102015,0,8859.39,0.0473413,0.0231349,0.929524,-1,1,0,0
Prioritize ave. wealth,govment_20,equal_21,hcabs_e8020,taxpay_e8020,375.676,0.108335,0,7513.52,0.116825,0.0281349,0.85504,-1,1,0,0
Prioritize ave. wealth,govment_20,equal_21,hcabs_e8020,taxpay_e8020,392.244,0.132076,0,7844.89,0.142937,0.0150794,0.841984,-1,1,0,0
Prioritize ave. wealth,govment_20,equal_21,hcabs_e8020,taxpay_e8020,276.604,0.152058,0,5532.07,0.113373,0.0730952,0.813532,-1,1,0,0
Prioritize ave. wealth,govment_20,equal_21,hcabs_e8020,taxpay_e8020,284.386,0.245545,0,5687.72,0.10627,0.0690476,0.824683,-1,1,0,0
Prioritize ave. wealth,govment_20,equal_21,hcabs_e8020,taxpay_e8020,351.183,0.210707,0,7023.66,0.112024,0.042381,0.845595,-1,1,0,0
Prioritize ave. wealth,govment_20,equal_21,hcabs_e8020,taxpay_e8020,463.978,0.0700648,0,9279.57,0.0929762,0.00448413,0.90254,-1,1,0,0
Prioritize ave. wealth,govment_20,equal_21,hcabs_e8020,taxpay_e8020,378.156,0.111813,0,7563.12,0.0990873,0.0325397,0.868373,-1,1,0,0
Prioritize ave. wealth,govment_20,equal_21,hcabs_e8020,taxpay_e8020,445.161,0.069193,0,8903.21,0.134643,0,0.865357,-1,1,0,0
Prioritize ave. wealth,govment_20,equal_21,hcabs_e8020,taxpay_e8020,406.505,0.0888665,0,8130.11,0.115397,0.0175,0.867103,-1,1,0,0
Prioritize ave. wealth,govment_20,equal_21,hcabs_e8020,taxpay_e8020,329.647,0.111438,0,6592.93,0.148175,0.0363095,0.815516,-1,1,0,0
Prioritize ave. wealth,govment_20,equal_21,hcabs_e8020,taxpay_e8020,378.403,0.138639,0,7568.06,0.125278,0.0263492,0.848373,-1,1,0,0
Prioritize ave. wealth,govment_20,equal_21,hcabs_e8020,taxpay_e8020,444.907,0.113364,0,8898.14,0.142937,0,0.857063,-1,1,0,0
Prioritize ave. wealth,govment_20,equal_21,hcabs_e8020,taxpay_e8020,368.327,0.160999,0,7366.55,0.107579,0.0388492,0.853571,-1,1,0,0
Prioritize ave. wealth,govment_20,equal_21,hcabs_e8020,taxpay_e8020,350.946,0.10963,0,7018.93,0.135278,0.030754,0.833968,-1,1,0,0
Prioritize ave. wealth,govment_20,equal_21,hcabs_e8020,taxpay_e8020,422.548,0.107389,0,8450.96,0.101865,0.0163095,0.881825,-1,1,0,0
Prioritize ave. wealth,govment_20,equal_21,hcabs_e8020,taxpay_e8020,448.656,0.0960171,0,8973.11,0.0946825,0.00992063,0.895397,-1,1,0,0
Prioritize ave. wealth,govment_20,equal_21,hcabs_e8020,taxpay_e8020,293.564,0.181917,0,5871.27,0.12377,0.0675,0.80873,-1,1,0,0
Prioritize ave. wealth,govment_20,equal_21,hcabs_e8020,taxpay_e8020,420.011,0.168439,0,8400.22,0.180714,3.96825e-05,0.819246,-1,1,0,0
Prioritize ave. wealth,govment_20,equal_21,hcabs_e8020,taxpay_e8020,496.969,0.0783333,0,9939.39,0.0775,7.93651e-05,0.922421,-1,1,0,0
Prioritize ave. wealth,govment_20,equal_21,hcabs_e8020,taxpay_e8020,406.252,0.143301,0,8125.04,0.113214,0.0216667,0.865119,-1,1,0,0
Prioritize ave. wealth,govment_20,equal_21,hcabs_e8020,taxpay_e8020,425.468,0.10392,0,8509.37,0.133294,0.00777778,0.858929,-1,1,0,0
Prioritize ave. wealth,govment_20,equal_21,hcabs_e8020,taxpay_e8020,473.883,0.0879601,0,9477.67,0.0712698,0.0081746,0.920556,-1,1,0,0
Prioritize ave. wealth,govment_20,equal_21,hcabs_e8020,taxpay_e8020,414.857,0.090513,0,8297.14,0.0772619,0.0265873,0.896151,-1,1,0,0
Prioritize ave. wealth,govment_20,equal_21,hcabs_e8020,taxpay_e8020,428.709,0.105954,0,8574.18,0.11631,0.0102381,0.873452,-1,1,0,0
Prioritize ave. wealth,govment_20,equal_21,hcabs_e8020,taxpay_e8020,392.847,0.0616678,0,7856.93,0.0621825,0.0345238,0.903294,-1,1,0,0
Prioritize ave. wealth,govment_20,equal_21,hcabs_e8020,taxpay_e8020,324.734,0.141747,0,6494.69,0.0890476,0.0580556,0.852897,-1,1,0,0
Prioritize ave. wealth,govment_20,equal_21,hcabs_e8020,taxpay_e8020,441.365,0.134082,0,8827.29,0.115119,0.00769841,0.877183,-1,1,0,0
Prioritize ave. wealth,govment_20,equal_21,hcabs_e8020,taxpay_e8020,301.052,0.129075,0,6021.05,0.158492,0.0454365,0.796071,-1,1,0,0
Prioritize ave. wealth,govment_20,equal_21,hcabs_e8020,taxpay_e8020,456.884,0.0885757,0,9137.69,0.124286,0,0.875714,-1,1,0,0
Prioritize ave. wealth,govment_20,equal_21,hcabs_e8020,taxpay_e8020,415.45,0.132338,0,8309,0.126389,0.0111111,0.8625,-1,1,0,0
Prioritize ave. wealth,govment_20,equal_21,hcabs_e8020,taxpay_e8020,532.051,0.0438435,0,10641,0.0434524,0,0.956548,-1,1,0,0
Prioritize ave. wealth,govment_20,equal_21,hcabs_e8020,taxpay_e8020,460.219,0.0943388,0,9204.38,0.115952,0.000515873,0.883532,-1,1,0,0
Prioritize ave. wealth,govment_20,equal_21,hcabs_e8020,taxpay_e8020,435.305,0.0882617,0,8706.1,0.0938095,0.0126587,0.893532,-1,1,0,0
Prioritize ave. wealth,govment_20,equal_21,hcabs_e8020,taxpay_e8020,381.628,0.159798,0,7632.57,0.111825,0.0327381,0.855437,-1,1,0,0
Prioritize ave. wealth,govment_20,equal_21,hcabs_e8020,taxpay_e8020,456.835,0.106369,0,9136.69,0.074246,0.0125,0.913254,-1,1,0,0
Prioritize ave. wealth,govment_20,equal_21,hcabs_e8020,taxpay_e8020,461.385,0.146721,0,9227.7,0.0953968,0.00527778,0.899325,-1,1,0,0
Prioritize gov. wealth,govment_20,equal_21,hcabs_egpow,taxpay_egpow,201.431,0.247719,2831.36,6859.98,0.0934524,0.00543651,0.901111,0.955992,0.322222,0.0484127,0.629365
Prioritize gov. wealth,govment_20,equal_21,hcabs_egpow,taxpay_egpow,218.914,0.215166,2777.89,7156.17,0.0636111,0.0182143,0.918175,0.964694,0.324603,0.0404762,0.634921
Prioritize gov. wealth,govment_20,equal_21,hcabs_egpow,taxpay_egpow,185.876,0.369531,2593.64,6311.16,0.0937698,0.0346825,0.871548,0.955133,0.294444,0.0666667,0.638889
Prioritize gov. wealth,govment_20,equal_21,hcabs_egpow,taxpay_egpow,178.874,0.343735,2321.77,5899.25,0.0975794,0.0375397,0.864881,0.962521,0.274603,0.0706349,0.654762
Prioritize gov. wealth,govment_20,equal_21,hcabs_egpow,taxpay_egpow,217.313,0.256187,2732.91,7079.18,0.117937,0.00123016,0.880833,0.968984,0.32619,0.0396825,0.634127
Prioritize gov. wealth,govment_20,equal_21,hcabs_egpow,taxpay_egpow,189.553,0.396699,2387.24,6178.31,0.102024,0.024127,0.873849,0.939279,0.269841,0.0825397,0.647619
Prioritize gov. wealth,govment_20,equal_21,hcabs_egpow,taxpay_egpow,217.521,0.200516,2852.82,7203.24,0.0416667,0.0194444,0.938889,0.974964,0.340476,0.0277778,0.631746
Prioritize gov. wealth,govment_20,equal_21,hcabs_egpow,taxpay_egpow,196.317,0.318357,2687.19,6613.54,0.091746,0.0102381,0.898016,0.951757,0.305556,0.0642857,0.630159
Prioritize gov. wealth,govment_20,equal_21,hcabs_egpow,taxpay_egpow,238.163,0.13879,2978.78,7742.04,0.0378968,0.0056746,0.956429,0.987609,0.357143,0.0174603,0.625397
Prioritize gov. wealth,govment_20,equal_21,hcabs_egpow,taxpay_egpow,205.675,0.345941,2589.71,6703.21,0.0779762,0.0197222,0.902302,0.949506,0.293651,0.0666667,0.639683
Prioritize gov. wealth,govment_20,equal_21,hcabs_egpow,taxpay_egpow,193.995,0.277162,2679.53,6559.42,0.0775794,0.0209127,0.901508,0.959738,0.302381,0.0642857,0.633333
Prioritize gov. wealth,govment_20,equal_21,hcabs_egpow,taxpay_egpow,203.145,0.264725,2725.52,6788.42,0.0990079,0.0170238,0.883968,0.984465,0.321429,0.0373016,0.64127
Prioritize gov. wealth,govment_20,equal_21,hcabs_egpow,taxpay_egpow,197.874,0.344646,2534.64,6492.11,0.0740873,0.019127,0.906786,0.946282,0.287302,0.0761905,0.636508
Prioritize gov. wealth,govment_20,equal_21,hcabs_egpow,taxpay_egpow,165.066,0.326965,2345.36,5646.69,0.124722,0.0386905,0.836587,0.942261,0.257937,0.0952381,0.646825
Prioritize gov. wealth,govment_20,equal_21,hcabs_egpow,taxpay_egpow,224.636,0.191684,2920.34,7413.06,0.0701984,0.00912698,0.920675,0.98326,0.345238,0.0253968,0.629365
Prioritize gov. wealth,govment_20,equal_21,hcabs_egpow,taxpay_egpow,207.396,0.282215,2565.47,6713.4,0.0992063,0.0065873,0.894206,0.958967,0.303175,0.0603175,0.636508
Prioritize gov. wealth,govment_20,equal_21,hcabs_egpow,taxpay_egpow,222.113,0.169909,2871.59,7313.85,0.0819444,0.000515873,0.91754,0.954296,0.334921,0.0380952,0.626984
Prioritize gov. wealth,govment_20,equal_21,hcabs_egpow,taxpay_egpow,214.879,0.230954,2661.56,6959.14,0.106349,0.0040873,0.889563,0.95044,0.322222,0.0428571,0.634921
Prioritize gov. wealth,govment_20,equal_21,hcabs_egpow,taxpay_egpow,206.095,0.291649,2751.64,6873.53,0.0665476,0.0192857,0.914167,0.967402,0.30873,0.0587302,0.63254
Prioritize gov. wealth,govment_20,equal_21,hcabs_egpow,taxpay_egpow,203.376,0.234836,2669.94,6737.47,0.0769048,0.0296032,0.893492,0.984559,0.32381,0.034127,0.642063
Prioritize gov. wealth,govment_20,equal_21,hcabs_egpow,taxpay_egpow,205.71,0.329831,2572.96,6687.16,0.0965079,0.0185317,0.88496,0.915888,0.303968,0.0539683,0.642063
Prioritize gov. wealth,govment_20,equal_21,hcabs_egpow,taxpay_egpow,189.872,0.399072,2490.51,6287.94,0.0782143,0.0297222,0.892063,0.92801,0.265079,0.0928571,0.642063
Prioritize gov. wealth,govment_20,equal_21,hcabs_egpow,taxpay_egpow,195.01,0.291296,2509.96,6410.16,0.106548,0.0125397,0.880913,0.95239,0.293651,0.0674603,0.638889
Prioritize gov. wealth,govment_20,equal_21,hcabs_egpow,taxpay_egpow,208.04,0.19023,2613.12,6773.92,0.0786508,0.0363095,0.88504,0.987952,0.324603,0.0301587,0.645238
Prioritize gov. wealth,govment_20,equal_21,hcabs_egpow,taxpay_egpow,217.389,0.217992,2820.1,7167.87,0.0384921,0.0103175,0.95119,0.956422,0.322222,0.052381,0.625397
Prioritize gov. wealth,govment_20,equal_21,hcabs_egpow,taxpay_egpow,214.513,0.2678,2697.13,6987.38,0.103968,0.00380952,0.892222,0.92192,0.318254,0.0507937,0.630952
Prioritize gov. wealth,govment_20,equal_21,hcabs_egpow,taxpay_egpow,216.022,0.20995,2790.12,7110.57,0.0832143,0.0140079,0.902778,0.976466,0.338095,0.0277778,0.634127
Prioritize gov. wealth,govment_20,equal_21,hcabs_egpow,taxpay_egpow,196.34,0.343548,2503.77,6430.57,0.123492,0.013254,0.863254,0.935347,0.288889,0.0706349,0.640476
Prioritize gov. wealth,govment_20,equal_21,hcabs_egpow,taxpay_egpow,207.034,0.260297,2632.36,6773.05,0.118175,0.0164683,0.865357,0.97784,0.320635,0.0412698,0.638095
Prioritize gov. wealth,govment_20,equal_21,hcabs_egpow,taxpay_egpow,218.759,0.213075,2760.74,7135.92,0.0992063,0.0186508,0.882143,0.988998,0.340476,0.0206349,0.638889
Prioritize gov. wealth,govment_20,equal_21,hcabs_egpow,taxpay_egpow,171.893,0.424831,2225.71,5663.57,0.161786,0.0190873,0.819127,0.858187,0.253968,0.0984127,0.647619
Prioritize gov. wealth,govment_20,equal_21,hcabs_egpow,taxpay_egpow,198.709,0.372731,2473.75,6447.93,0.130397,0.0156349,0.853968,0.937726,0.292063,0.0634921,0.644444
Prioritize gov. wealth,govment_20,equal_21,hcabs_egpow,taxpay_egpow,220.854,0.220346,2787.49,7204.57,0.0957143,0.005,0.899286,0.983905,0.334127,0.0325397,0.633333
Prioritize gov. wealth,govment_20,equal_21,hcabs_egpow,taxpay_egpow,221.227,0.206375,2797.02,7221.56,0.0545238,0.0171825,0.928294,0.979346,0.334921,0.031746,0.633333
Prioritize gov. wealth,govment_20,equal_21,hcabs_egpow,taxpay_egpow,201.021,0.253895,2503.09,6523.5,0.111508,0.0194841,0.869008,0.971812,0.303175,0.0515873,0.645238
Prioritize gov. wealth,govment_20,equal_21,hcabs_egpow,taxpay_egpow,187.463,0.44363,2534.23,6283.48,0.0697619,0.0329365,0.897302,0.921228,0.28254,0.0801587,0.637302
Prioritize gov. wealth,govment_20,equal_21,hcabs_egpow,taxpay_egpow,223.381,0.224704,2813.51,7281.12,0.0727778,0.00420635,0.923016,0.972233,0.33254,0.0373016,0.630159
Prioritize gov. wealth,govment_20,equal_21,hcabs_egpow,taxpay_egpow,198.765,0.293082,2588.2,6563.49,0.0794048,0.0405952,0.88,0.951657,0.300794,0.0611111,0.638095
Prioritize gov. wealth,govment_20,equal_21,hcabs_egpow,taxpay_egpow,212.418,0.243468,2723.78,6972.13,0.0703571,0.017619,0.912024,0.974805,0.32619,0.0380952,0.635714
Prioritize gov. wealth,govment_20,equal_21,hcabs_egpow,taxpay_egpow,216.961,0.24433,2720.12,7059.33,0.0660317,0.00964286,0.924325,0.965739,0.32381,0.0436508,0.63254
Prioritize gov. wealth,govment_20,equal_21,hcabs_egpow,taxpay_egpow,207.693,0.338881,2590.85,6744.72,0.180992,0.000436508,0.818571,0.918051,0.304762,0.0571429,0.638095
Prioritize gov. wealth,govment_20,equal_21,hcabs_egpow,taxpay_egpow,205.25,0.289566,2548.38,6653.38,0.125516,0.00230159,0.872183,0.931282,0.302381,0.0619048,0.635714
Prioritize gov. wealth,govment_20,equal_21,hcabs_egpow,taxpay_egpow,192.478,0.245077,2564.18,6413.73,0.0854762,0.0162302,0.898294,0.950968,0.295238,0.0674603,0.637302
Prioritize gov. wealth,govment_20,equal_21,hcabs_egpow,taxpay_egpow,200.186,0.316843,2499.69,6503.4,0.165278,0.00710317,0.827619,0.953876,0.306349,0.0507937,0.642857
Prioritize gov. wealth,govment_20,equal_21,hcabs_egpow,taxpay_egpow,210.687,0.257499,2693.29,6907.02,0.0743651,0.018254,0.907381,0.971365,0.32381,0.0404762,0.635714
Prioritize gov. wealth,govment_20,equal_21,hcabs_egpow,taxpay_egpow,187.398,0.352069,2425.65,6173.61,0.123413,0.0378968,0.83869,0.944994,0.279365,0.0761905,0.644444
Prioritize gov. wealth,govment_20,equal_21,hcabs_egpow,taxpay_egpow,207.118,0.179801,2618.99,6761.35,0.128333,0.00833333,0.863333,0.986192,0.321429,0.034127,0.644444
Prioritize gov. wealth,govment_20,equal_21,hcabs_egpow,taxpay_egpow,213.91,0.251301,2688.26,6966.45,0.11123,0.00785714,0.880913,0.967711,0.320635,0.0436508,0.635714
Prioritize gov. wealth,govment_20,equal_21,hcabs_egpow,taxpay_egpow,223.747,0.276536,2799.79,7274.74,0.076627,0.0125397,0.910833,0.958768,0.334127,0.034127,0.631746
Prioritize gov. wealth,govment_20,equal_21,hcabs_egpow,taxpay_egpow,218.551,0.218163,2746.01,7117.04,0.0618254,0.0315079,0.906667,0.973062,0.330159,0.0365079,0.633333
Prioritize gov. wealth,govment_20,equal_21,hcabs_egpow,taxpay_egpow,217.597,0.26314,2748.47,7100.4,0.0780952,0.00952381,0.912381,0.969717,0.324603,0.0412698,0.634127
Prioritize gov. wealth,govment_20,equal_21,hcabs_egpow,taxpay_egpow,211.744,0.264232,2740.8,6975.68,0.0671032,0.0221825,0.910714,0.98079,0.331746,0.0293651,0.638889
Prioritize gov. wealth,govment_20,equal_21,hcabs_egpow,taxpay_egpow,214.577,0.217062,2694.53,6986.07,0.0871825,0.0136508,0.899167,0.983091,0.321429,0.0365079,0.642063
Prioritize gov. wealth,govment_20,equal_21,hcabs_egpow,taxpay_egpow,215.173,0.242667,2777.07,7080.53,0.0782143,0.0296429,0.892143,0.979342,0.330159,0.031746,0.638095
Prioritize gov. wealth,govment_20,equal_21,hcabs_egpow,taxpay_egpow,173.69,0.344828,2312.06,5785.86,0.12504,0.026746,0.848214,0.946316,0.26746,0.0849206,0.647619
Prioritize gov. wealth,govment_20,equal_21,hcabs_egpow,taxpay_egpow,217.33,0.230068,2753.28,7099.88,0.0726587,0.00916667,0.918175,0.970098,0.32619,0.0412698,0.63254
Prioritize gov. wealth,govment_20,equal_21,hcabs_egpow,taxpay_egpow,195.276,0.316093,2419.32,6324.84,0.130238,0.00849206,0.86127,0.947527,0.287302,0.0698413,0.642857
Prioritize gov. wealth,govment_20,equal_21,hcabs_egpow,taxpay_egpow,200.291,0.294799,2649.1,6654.92,0.0930952,0.0107143,0.89619,0.952819,0.307937,0.0555556,0.636508
Prioritize gov. wealth,govment_20,equal_21,hcabs_egpow,taxpay_egpow,201.78,0.299153,2740.35,6775.95,0.128016,0.00599206,0.865992,0.937629,0.314286,0.0571429,0.628571
Prioritize gov. wealth,govment_20,equal_21,hcabs_egpow,taxpay_egpow,180.506,0.423266,2372.61,5982.72,0.111706,0.0344048,0.853889,0.946441,0.265873,0.0849206,0.649206
Prioritize gov. wealth,govment_20,equal_21,hcabs_egpow,taxpay_egpow,205.87,0.30008,2608.45,6725.85,0.0880952,0.0188889,0.893016,0.922651,0.304762,0.065873,0.629365
Prioritize gov. wealth,govment_20,equal_21,hcabs_egpow,taxpay_egpow,207.557,0.286831,2646.31,6797.44,0.117341,0.00357143,0.879087,0.960842,0.307937,0.0563492,0.635714
Prioritize gov. wealth,govment_20,equal_21,hcabs_egpow,taxpay_egpow,206.981,0.287263,2560.69,6700.3,0.0814286,0.00988095,0.90869,0.944553,0.300794,0.0666667,0.63254
Prioritize gov. wealth,govment_20,equal_21,hcabs_egpow,taxpay_egpow,207.272,0.298193,2611.17,6756.62,0.0884127,0.0059127,0.905675,0.941048,0.298413,0.0626984,0.638889
Prioritize gov. wealth,govment_20,equal_21,hcabs_egpow,taxpay_egpow,209.699,0.270824,2702.41,6896.4,0.087619,0.0160714,0.89631,0.968142,0.323016,0.0396825,0.637302
Prioritize gov. wealth,govment_20,equal_21,hcabs_egpow,taxpay_egpow,191.234,0.18931,2519.36,6344.04,0.111508,0.0189683,0.869524,0.971654,0.303175,0.0531746,0.643651
Prioritize gov. wealth,govment_20,equal_21,hcabs_egpow,taxpay_egpow,215.042,0.244251,2722.38,7023.21,0.0855556,0.0129365,0.901508,0.978923,0.329365,0.034127,0.636508
Prioritize gov. wealth,govment_20,equal_21,hcabs_egpow,taxpay_egpow,226.246,0.151369,2844.63,7369.56,0.096627,0.000515873,0.902857,0.985241,0.344444,0.0253968,0.630159
Prioritize gov. wealth,govment_20,equal_21,hcabs_egpow,taxpay_egpow,201.576,0.26075,2677.81,6709.33,0.0680556,0.0365476,0.895397,0.975848,0.316667,0.0436508,0.639683
Prioritize gov. wealth,govment_20,equal_21,hcabs_egpow,taxpay_egpow,210.255,0.305284,2631.65,6836.75,0.126984,0.0081746,0.864841,0.902092,0.307937,0.0626984,0.629365
Prioritize gov. wealth,govment_20,equal_21,hcabs_egpow,taxpay_egpow,210.483,0.245902,2814.91,7024.58,0.085754,0.0137698,0.900476,0.980661,0.333333,0.0325397,0.634127
Prioritize gov. wealth,govment_20,equal_21,hcabs_egpow,taxpay_egpow,209.556,0.193008,2672.85,6863.98,0.120913,0.0211508,0.857937,0.976945,0.329365,0.0333333,0.637302
Prioritize gov. wealth,govment_20,equal_21,hcabs_egpow,taxpay_egpow,212.776,0.26693,2671.05,6926.57,0.108651,0.0175794,0.87377,0.943483,0.318254,0.0468254,0.634921
Prioritize gov. wealth,govment_20,equal_21,hcabs_egpow,taxpay_egpow,189.965,0.268481,2415.28,6214.57,0.124246,0.0275397,0.848214,0.954488,0.275397,0.0777778,0.646825
Prioritize gov. wealth,govment_20,equal_21,hcabs_egpow,taxpay_egpow,213.727,0.216358,2678.39,6952.93,0.0970635,0.00984127,0.893095,0.968849,0.319048,0.0420635,0.638889
Prioritize gov. wealth,govment_20,equal_21,hcabs_egpow,taxpay_egpow,213.127,0.210495,2672.85,6935.38,0.0942063,0.0121825,0.893611,0.981407,0.319841,0.0388889,0.64127
Prioritize gov. wealth,govment_20,equal_21,hcabs_egpow,taxpay_egpow,208.565,0.323302,2634.31,6805.62,0.120397,0.0188492,0.860754,0.955218,0.309524,0.0492063,0.64127
Prioritize gov. wealth,govment_20,equal_21,hcabs_egpow,taxpay_egpow,211.503,0.323651,2600.34,6830.4,0.0992857,0.0368651,0.863849,0.970883,0.31746,0.0428571,0.639683
Prioritize gov. wealth,govment_20,equal_21,hcabs_egpow,taxpay_egpow,213.154,0.293445,2658.2,6921.28,0.102976,0.03,0.867024,0.947929,0.318254,0.0452381,0.636508
Prioritize gov. wealth,govment_20,equal_21,hcabs_egpow,taxpay_egpow,204.009,0.26792,2641.36,6721.54,0.115873,0.0103968,0.87373,0.970071,0.321429,0.0404762,0.638095
Prioritize gov. wealth,govment_20,equal_21,hcabs_egpow,taxpay_egpow,177.538,0.310855,2361,5911.77,0.10619,0.0297619,0.864048,0.940613,0.270635,0.0769841,0.652381
Prioritize gov. wealth,govment_20,equal_21,hcabs_egpow,taxpay_egpow,210.644,0.316344,2596.97,6809.85,0.0711508,0.0327381,0.896111,0.965133,0.307143,0.0515873,0.64127
Prioritize gov. wealth,govment_20,equal_21,hcabs_egpow,taxpay_egpow,211.258,0.28674,2801.56,7026.71,0.0679762,0.0187698,0.913254,0.973359,0.330952,0.0365079,0.63254
Prioritize gov. wealth,govment_20,equal_21,hcabs_egpow,taxpay_egpow,213.174,0.22849,2843.89,7107.37,0.0502778,0.0284524,0.92127,0.984203,0.328571,0.0349206,0.636508
Prioritize gov. wealth,govment_20,equal_21,hcabs_egpow,taxpay_egpow,194.837,0.402153,2612.18,6508.91,0.101944,0.0168651,0.88119,0.933058,0.290476,0.0785714,0.630952
Prioritize gov. wealth,govment_20,equal_21,hcabs_egpow,taxpay_egpow,191.328,0.282139,2553.6,6380.17,0.100198,0.0213889,0.878413,0.964317,0.302381,0.0571429,0.640476
Prioritize gov. wealth,govment_20,equal_21,hcabs_egpow,taxpay_egpow,189.442,0.375655,2454.68,6243.52,0.0685714,0.0437698,0.887659,0.9649,0.284127,0.0642857,0.651587
Prioritize gov. wealth,govment_20,equal_21,hcabs_egpow,taxpay_egpow,193.307,0.419762,2420.87,6287.01,0.130754,0.0315873,0.837659,0.956984,0.288095,0.0650794,0.646825
Prioritize gov. wealth,govment_20,equal_21,hcabs_egpow,taxpay_egpow,207.148,0.12892,2677.07,6820.02,0.119048,0.0143651,0.866587,0.983793,0.334921,0.0253968,0.639683
Prioritize gov. wealth,govment_20,equal_21,hcabs_egpow,taxpay_egpow,210.321,0.230236,2727.83,6934.25,0.0495238,0.0283333,0.922143,0.960447,0.318254,0.05,0.631746
Prioritize gov. wealth,govment_20,equal_21,hcabs_egpow,taxpay_egpow,203.395,0.385866,2606.15,6674.06,0.101071,0.0097619,0.889167,0.875591,0.302381,0.0626984,0.634921
Prioritize gov. wealth,govment_20,equal_21,hcabs_egpow,taxpay_egpow,229.479,0.178522,2874.59,7464.17,0.0566667,0.00956349,0.93377,0.981285,0.342063,0.0269841,0.630952
Prioritize gov. wealth,govment_20,equal_21,hcabs_egpow,taxpay_egpow,172.096,0.394833,2147.83,5589.75,0.0984127,0.0487698,0.852817,0.943677,0.249206,0.0896825,0.661111
Prioritize gov. wealth,govment_20,equal_21,hcabs_egpow,taxpay_egpow,191.057,0.350133,2530.44,6351.57,0.0962302,0.0260714,0.877698,0.948788,0.289683,0.0674603,0.642857
Prioritize gov. wealth,govment_20,equal_21,hcabs_egpow,taxpay_egpow,209.078,0.225473,2841.77,7023.33,0.075119,0.0251984,0.899683,0.979102,0.333333,0.0333333,0.633333
Prioritize gov. wealth,govment_20,equal_21,hcabs_egpow,taxpay_egpow,196.455,0.216525,2527.38,6456.47,0.118611,0.0217063,0.859683,0.975129,0.319841,0.0349206,0.645238
Prioritize gov. wealth,govment_20,equal_21,hcabs_egpow,taxpay_egpow,173.47,0.374924,2300.23,5769.64,0.11877,0.0502381,0.830992,0.952465,0.280159,0.065873,0.653968
Prioritize gov. wealth,govment_20,equal_21,hcabs_egpow,taxpay_egpow,199.283,0.307624,2594.46,6580.12,0.0830159,0.0439286,0.873056,0.975905,0.314286,0.0412698,0.644444
Prioritize gov. wealth,govment_20,equal_21,hcabs_egpow,taxpay_egpow,197.237,0.328544,2514.04,6458.79,0.0514683,0.0454762,0.903056,0.948557,0.290476,0.0634921,0.646032
Prioritize gov. wealth,govment_20,equal_21,hcabs_egpow,taxpay_egpow,209.391,0.260048,2858.61,7046.43,0.0264286,0.0222222,0.951349,0.975677,0.318254,0.047619,0.634127
