Government,Players,InitPops,hcabs,AvePop,GiniIndex,GovWealth,TotalWealth,Keep,Take,Give,percTaxes,GKeep,GTake,GGive
None,hcabs_20,equal_20,hcabs_enone,419.256,0.0914121,NaN,8385.11,0.0740417,0.0239167,0.902042,-1,NaN,NaN,NaN
None,hcabs_20,equal_20,hcabs_enone,350.187,0.150078,NaN,7003.74,0.0994167,0.046375,0.854208,-1,NaN,NaN,NaN
None,hcabs_20,equal_20,hcabs_enone,502.507,0.0357812,NaN,10050.1,0.0701667,0,0.929833,-1,NaN,NaN,NaN
None,hcabs_20,equal_20,hcabs_enone,414.185,0.0871937,NaN,8283.7,0.0976667,0.0179583,0.884375,-1,NaN,NaN,NaN
None,hcabs_20,equal_20,hcabs_enone,398.408,0.096463,NaN,7968.16,0.100083,0.0245833,0.875333,-1,NaN,NaN,NaN
None,hcabs_20,equal_20,hcabs_enone,286.99,0.268624,NaN,5739.8,0.096,0.0786667,0.825333,-1,NaN,NaN,NaN
None,hcabs_20,equal_20,hcabs_enone,427.33,0.111842,NaN,8546.6,0.0789583,0.0205833,0.900458,-1,NaN,NaN,NaN
None,hcabs_20,equal_20,hcabs_enone,334.945,0.142677,NaN,6698.9,0.135375,0.040125,0.8245,-1,NaN,NaN,NaN
None,hcabs_20,equal_20,hcabs_enone,276.984,0.265251,NaN,5539.69,0.158625,0.0729583,0.768417,-1,NaN,NaN,NaN
None,hcabs_20,equal_20,hcabs_enone,374.005,0.241968,NaN,7480.11,0.0921667,0.0469583,0.860875,-1,NaN,NaN,NaN
None,hcabs_20,equal_20,hcabs_enone,440.121,0.122954,NaN,8802.42,0.113375,0.00791667,0.878708,-1,NaN,NaN,NaN
None,hcabs_20,equal_20,hcabs_enone,363.012,0.156079,NaN,7260.24,0.1595,0.0217917,0.818708,-1,NaN,NaN,NaN
None,hcabs_20,equal_20,hcabs_enone,458.492,0.101987,NaN,9169.85,0.12625,0,0.87375,-1,NaN,NaN,NaN
None,hcabs_20,equal_20,hcabs_enone,438.123,0.13953,NaN,8762.45,0.0832917,0.016,0.900708,-1,NaN,NaN,NaN
None,hcabs_20,equal_20,hcabs_enone,473.934,0.0777737,NaN,9478.67,0.1075,4.16667e-05,0.892458,-1,NaN,NaN,NaN
None,hcabs_20,equal_20,hcabs_enone,346.734,0.106856,NaN,6934.68,0.131917,0.037875,0.830208,-1,NaN,NaN,NaN
None,hcabs_20,equal_20,hcabs_enone,346.493,0.129407,NaN,6929.86,0.141792,0.0380833,0.820125,-1,NaN,NaN,NaN
None,hcabs_20,equal_20,hcabs_enone,420.703,0.100152,NaN,8414.06,0.0789583,0.0219167,0.899125,-1,NaN,NaN,NaN
None,hcabs_20,equal_20,hcabs_enone,477.598,0.109494,NaN,9551.95,0.106583,0,0.893417,-1,NaN,NaN,NaN
None,hcabs_20,equal_20,hcabs_enone,415.019,0.123531,NaN,8300.37,0.103708,0.0185,0.877792,-1,NaN,NaN,NaN
None,hcabs_20,equal_20,hcabs_enone,447.623,0.125513,NaN,8952.47,0.0955417,0.01025,0.894208,-1,NaN,NaN,NaN
None,hcabs_20,equal_20,hcabs_enone,475.182,0.110821,NaN,9503.63,0.103792,0,0.896208,-1,NaN,NaN,NaN
None,hcabs_20,equal_20,hcabs_enone,300.905,0.207226,NaN,6018.11,0.13825,0.061625,0.800125,-1,NaN,NaN,NaN
None,hcabs_20,equal_20,hcabs_enone,304.466,0.210865,NaN,6089.32,0.098625,0.0692917,0.832083,-1,NaN,NaN,NaN
None,hcabs_20,equal_20,hcabs_enone,393.119,0.139574,NaN,7862.38,0.118625,0.0257917,0.855583,-1,NaN,NaN,NaN
None,hcabs_20,equal_20,hcabs_enone,387.154,0.0710084,NaN,7743.08,0.143542,0.0158333,0.840625,-1,NaN,NaN,NaN
None,hcabs_20,equal_20,hcabs_enone,439.407,0.111796,NaN,8788.14,0.0996667,0.011,0.889333,-1,NaN,NaN,NaN
None,hcabs_20,equal_20,hcabs_enone,387.054,0.120576,NaN,7741.08,0.086875,0.034875,0.87825,-1,NaN,NaN,NaN
None,hcabs_20,equal_20,hcabs_enone,455.769,0.0807496,NaN,9115.38,0.0632917,0.0150417,0.921667,-1,NaN,NaN,NaN
None,hcabs_20,equal_20,hcabs_enone,437.922,0.100823,NaN,8758.44,0.103083,0.0114583,0.885458,-1,NaN,NaN,NaN
None,hcabs_20,equal_20,hcabs_enone,226.966,0.25508,NaN,4539.32,0.09525,0.108458,0.796292,-1,NaN,NaN,NaN
None,hcabs_20,equal_20,hcabs_enone,389.517,0.0836702,NaN,7790.34,0.125917,0.0193333,0.85475,-1,NaN,NaN,NaN
None,hcabs_20,equal_20,hcabs_enone,416.413,0.126258,NaN,8328.26,0.104,0.0203333,0.875667,-1,NaN,NaN,NaN
None,hcabs_20,equal_20,hcabs_enone,361.61,0.185674,NaN,7232.2,0.116167,0.04075,0.843083,-1,NaN,NaN,NaN
None,hcabs_20,equal_20,hcabs_enone,359.02,0.219799,NaN,7180.39,0.0904583,0.0460833,0.863458,-1,NaN,NaN,NaN
None,hcabs_20,equal_20,hcabs_enone,416.226,0.100242,NaN,8324.52,0.132833,0.00895833,0.858208,-1,NaN,NaN,NaN
None,hcabs_20,equal_20,hcabs_enone,393.669,0.188225,NaN,7873.38,0.118125,0.0224583,0.859417,-1,NaN,NaN,NaN
None,hcabs_20,equal_20,hcabs_enone,442.328,0.157645,NaN,8846.56,0.106958,0.007625,0.885417,-1,NaN,NaN,NaN
None,hcabs_20,equal_20,hcabs_enone,383.66,0.138408,NaN,7673.2,0.128292,0.0247083,0.847,-1,NaN,NaN,NaN
None,hcabs_20,equal_20,hcabs_enone,414.38,0.192098,NaN,8287.61,0.0950833,0.0219167,0.883,-1,NaN,NaN,NaN
None,hcabs_20,equal_20,hcabs_enone,382.024,0.117838,NaN,7640.48,0.108417,0.027,0.864583,-1,NaN,NaN,NaN
None,hcabs_20,equal_20,hcabs_enone,359.943,0.171427,NaN,7198.86,0.165958,0.0229583,0.811083,-1,NaN,NaN,NaN
None,hcabs_20,equal_20,hcabs_enone,357.271,0.12789,NaN,7145.43,0.0775,0.04325,0.87925,-1,NaN,NaN,NaN
None,hcabs_20,equal_20,hcabs_enone,412.458,0.12807,NaN,8249.16,0.085375,0.0256667,0.888958,-1,NaN,NaN,NaN
None,hcabs_20,equal_20,hcabs_enone,437.331,0.129132,NaN,8746.61,0.0918333,0.0145417,0.893625,-1,NaN,NaN,NaN
None,hcabs_20,equal_20,hcabs_enone,415.51,0.0724856,NaN,8310.2,0.12225,0.0116667,0.866083,-1,NaN,NaN,NaN
None,hcabs_20,equal_20,hcabs_enone,384.927,0.105494,NaN,7698.54,0.100542,0.0292083,0.87025,-1,NaN,NaN,NaN
None,hcabs_20,equal_20,hcabs_enone,383.523,0.132836,NaN,7670.47,0.161208,0.013,0.825792,-1,NaN,NaN,NaN
None,hcabs_20,equal_20,hcabs_enone,347.291,0.132026,NaN,6945.83,0.11075,0.0420417,0.847208,-1,NaN,NaN,NaN
None,hcabs_20,equal_20,hcabs_enone,495.621,0.100085,NaN,9912.42,0.0543333,0.009625,0.936042,-1,NaN,NaN,NaN
None,hcabs_20,equal_20,hcabs_enone,361.555,0.140654,NaN,7231.1,0.0936667,0.0407083,0.865625,-1,NaN,NaN,NaN
None,hcabs_20,equal_20,hcabs_enone,449.284,0.0990694,NaN,8985.67,0.0760833,0.0138333,0.910083,-1,NaN,NaN,NaN
None,hcabs_20,equal_20,hcabs_enone,411.595,0.0638031,NaN,8231.91,0.150833,0.0055,0.843667,-1,NaN,NaN,NaN
None,hcabs_20,equal_20,hcabs_enone,330.121,0.233828,NaN,6602.43,0.113792,0.0459583,0.84025,-1,NaN,NaN,NaN
None,hcabs_20,equal_20,hcabs_enone,401.916,0.161508,NaN,8038.32,0.116292,0.0222917,0.861417,-1,NaN,NaN,NaN
None,hcabs_20,equal_20,hcabs_enone,365.129,0.109927,NaN,7302.57,0.123792,0.0270833,0.849125,-1,NaN,NaN,NaN
None,hcabs_20,equal_20,hcabs_enone,333.893,0.143153,NaN,6677.86,0.134208,0.0436667,0.822125,-1,NaN,NaN,NaN
None,hcabs_20,equal_20,hcabs_enone,386.359,0.13704,NaN,7727.18,0.106333,0.028875,0.864792,-1,NaN,NaN,NaN
None,hcabs_20,equal_20,hcabs_enone,411.047,0.175521,NaN,8220.94,0.063625,0.031375,0.905,-1,NaN,NaN,NaN
None,hcabs_20,equal_20,hcabs_enone,367.715,0.0922156,NaN,7354.3,0.125958,0.0267917,0.84725,-1,NaN,NaN,NaN
None,hcabs_20,equal_20,hcabs_enone,358.605,0.163518,NaN,7172.1,0.0965417,0.0513333,0.852125,-1,NaN,NaN,NaN
None,hcabs_20,equal_20,hcabs_enone,373.746,0.139559,NaN,7474.91,0.10975,0.0320833,0.858167,-1,NaN,NaN,NaN
None,hcabs_20,equal_20,hcabs_enone,400.254,0.0895796,NaN,8005.08,0.11025,0.0205833,0.869167,-1,NaN,NaN,NaN
None,hcabs_20,equal_20,hcabs_enone,344.33,0.134114,NaN,6886.61,0.114,0.0444583,0.841542,-1,NaN,NaN,NaN
None,hcabs_20,equal_20,hcabs_enone,383.384,0.131651,NaN,7667.67,0.0805417,0.0382083,0.88125,-1,NaN,NaN,NaN
None,hcabs_20,equal_20,hcabs_enone,345.849,0.113219,NaN,6916.98,0.124458,0.0371667,0.838375,-1,NaN,NaN,NaN
None,hcabs_20,equal_20,hcabs_enone,281.875,0.160665,NaN,5637.51,0.114625,0.0700833,0.815292,-1,NaN,NaN,NaN
None,hcabs_20,equal_20,hcabs_enone,418.165,0.139099,NaN,8363.3,0.093875,0.0190417,0.887083,-1,NaN,NaN,NaN
None,hcabs_20,equal_20,hcabs_enone,275.79,0.262467,NaN,5515.81,0.122208,0.0776667,0.800125,-1,NaN,NaN,NaN
None,hcabs_20,equal_20,hcabs_enone,421.604,0.0549008,NaN,8432.09,0.110875,0.0125833,0.876542,-1,NaN,NaN,NaN
None,hcabs_20,equal_20,hcabs_enone,336.333,0.198388,NaN,6726.67,0.130333,0.045375,0.824292,-1,NaN,NaN,NaN
None,hcabs_20,equal_20,hcabs_enone,400.748,0.119694,NaN,8014.97,0.137,0.0120417,0.850958,-1,NaN,NaN,NaN
None,hcabs_20,equal_20,hcabs_enone,420.993,0.139128,NaN,8419.87,0.0814583,0.0282083,0.890333,-1,NaN,NaN,NaN
None,hcabs_20,equal_20,hcabs_enone,392.143,0.0838402,NaN,7842.86,0.0744583,0.0333333,0.892208,-1,NaN,NaN,NaN
None,hcabs_20,equal_20,hcabs_enone,413.072,0.235546,NaN,8261.43,0.061125,0.034375,0.9045,-1,NaN,NaN,NaN
None,hcabs_20,equal_20,hcabs_enone,329.276,0.127225,NaN,6585.53,0.111083,0.0488333,0.840083,-1,NaN,NaN,NaN
None,hcabs_20,equal_20,hcabs_enone,438.806,0.109566,NaN,8776.13,0.099625,0.01025,0.890125,-1,NaN,NaN,NaN
None,hcabs_20,equal_20,hcabs_enone,338.569,0.118848,NaN,6771.39,0.125708,0.0424167,0.831875,-1,NaN,NaN,NaN
None,hcabs_20,equal_20,hcabs_enone,459.77,0.0634156,NaN,9195.39,0.120125,0,0.879875,-1,NaN,NaN,NaN
None,hcabs_20,equal_20,hcabs_enone,318.133,0.20176,NaN,6362.66,0.154833,0.0490417,0.796125,-1,NaN,NaN,NaN
None,hcabs_20,equal_20,hcabs_enone,382.443,0.174163,NaN,7648.86,0.105792,0.03175,0.862458,-1,NaN,NaN,NaN
None,hcabs_20,equal_20,hcabs_enone,426.859,0.104254,NaN,8537.18,0.122792,0.00758333,0.869625,-1,NaN,NaN,NaN
None,hcabs_20,equal_20,hcabs_enone,408.41,0.144949,NaN,8168.2,0.138542,0.011125,0.850333,-1,NaN,NaN,NaN
None,hcabs_20,equal_20,hcabs_enone,383.091,0.134792,NaN,7661.83,0.158417,0.015375,0.826208,-1,NaN,NaN,NaN
None,hcabs_20,equal_20,hcabs_enone,421.365,0.0881394,NaN,8427.29,0.122167,0.00991667,0.867917,-1,NaN,NaN,NaN
None,hcabs_20,equal_20,hcabs_enone,361.539,0.140972,NaN,7230.79,0.123583,0.0314583,0.844958,-1,NaN,NaN,NaN
None,hcabs_20,equal_20,hcabs_enone,325.702,0.12065,NaN,6514.03,0.161042,0.034,0.804958,-1,NaN,NaN,NaN
None,hcabs_20,equal_20,hcabs_enone,447.922,0.0904562,NaN,8958.44,0.119125,0.00375,0.877125,-1,NaN,NaN,NaN
None,hcabs_20,equal_20,hcabs_enone,431.559,0.116207,NaN,8631.18,0.0677083,0.02525,0.907042,-1,NaN,NaN,NaN
None,hcabs_20,equal_20,hcabs_enone,344.428,0.183335,NaN,6888.56,0.116542,0.039,0.844458,-1,NaN,NaN,NaN
None,hcabs_20,equal_20,hcabs_enone,384.677,0.145749,NaN,7693.55,0.08175,0.0326667,0.885583,-1,NaN,NaN,NaN
None,hcabs_20,equal_20,hcabs_enone,335.28,0.144491,NaN,6705.59,0.124042,0.044625,0.831333,-1,NaN,NaN,NaN
None,hcabs_20,equal_20,hcabs_enone,347.774,0.179991,NaN,6955.49,0.107542,0.0417083,0.85075,-1,NaN,NaN,NaN
None,hcabs_20,equal_20,hcabs_enone,369.827,0.236487,NaN,7396.53,0.141875,0.0340833,0.824042,-1,NaN,NaN,NaN
None,hcabs_20,equal_20,hcabs_enone,363.206,0.195511,NaN,7264.12,0.10925,0.0330833,0.857667,-1,NaN,NaN,NaN
None,hcabs_20,equal_20,hcabs_enone,490.83,0.118159,NaN,9816.6,0.0628333,0.006625,0.930542,-1,NaN,NaN,NaN
None,hcabs_20,equal_20,hcabs_enone,404.477,0.156724,NaN,8089.54,0.0942083,0.0264167,0.879375,-1,NaN,NaN,NaN
None,hcabs_20,equal_20,hcabs_enone,412.932,0.167056,NaN,8258.64,0.1215,0.016375,0.862125,-1,NaN,NaN,NaN
None,hcabs_20,equal_20,hcabs_enone,430.736,0.0625088,NaN,8614.71,0.116542,0.0085,0.874958,-1,NaN,NaN,NaN
None,hcabs_20,equal_20,hcabs_enone,390.109,0.0948561,NaN,7802.17,0.0747083,0.0327083,0.892583,-1,NaN,NaN,NaN
Prioritize equality,govment_20,equal_21,hcabs_e2080,379.527,0.099281,75.696,7666.23,0.0842857,0.0328175,0.882897,0.580336,0.0880952,0,0.911905
Prioritize equality,govment_20,equal_21,hcabs_e2080,346.05,0.0768011,65.125,6986.12,0.142341,0.0306746,0.826984,0.329293,0.122222,0,0.877778
Prioritize equality,govment_20,equal_21,hcabs_e2080,311.038,0.272192,58.2398,6279.01,0.0841667,0.0825397,0.833294,0.326622,0.181746,0,0.818254
Prioritize equality,govment_20,equal_21,hcabs_e2080,376.538,0.173981,34.9193,7565.68,0.110317,0.0330556,0.856627,0.180258,0.407937,0,0.592063
Prioritize equality,govment_20,equal_21,hcabs_e2080,398.056,0.101962,16.6083,7977.73,0.0888492,0.0284524,0.882698,0.0790123,0.259524,0,0.740476
Prioritize equality,govment_20,equal_21,hcabs_e2080,365.189,0.182449,50.2124,7354,0.123929,0.0333333,0.842738,0.244565,0.130159,0,0.869841
Prioritize equality,govment_20,equal_21,hcabs_e2080,362.482,0.0729948,63.6333,7313.28,0.083254,0.0419048,0.874841,0.321012,0.081746,0,0.918254
Prioritize equality,govment_20,equal_21,hcabs_e2080,325.387,0.128252,11.8675,6519.61,0.129802,0.0432143,0.826984,0.10917,0.479365,0,0.520635
Prioritize equality,govment_20,equal_21,hcabs_e2080,321.854,0.107503,58.1064,6495.2,0.124762,0.0464683,0.82877,0.309441,0.156349,0,0.843651
Prioritize equality,govment_20,equal_21,hcabs_e2080,340.35,0.134957,30.147,6837.15,0.105635,0.0436905,0.850675,0.243513,0.303175,0,0.696825
Prioritize equality,govment_20,equal_21,hcabs_e2080,382.891,0.173078,25.6723,7683.5,0.124325,0.0263095,0.849365,0.182844,0.165873,0,0.834127
Prioritize equality,govment_20,equal_21,hcabs_e2080,331.926,0.145982,38.2538,6676.76,0.111151,0.0503571,0.838492,0.310559,0.226984,0,0.773016
Prioritize equality,govment_20,equal_21,hcabs_e2080,431.038,0.106103,58.2043,8678.97,0.0821429,0.0165873,0.90127,0.205426,0.155556,0,0.844444
Prioritize equality,govment_20,equal_21,hcabs_e2080,331.633,0.256099,60.7791,6693.43,0.0894841,0.0590476,0.851468,0.385338,0.107937,0,0.892063
Prioritize equality,govment_20,equal_21,hcabs_e2080,422.955,0.137878,26.8455,8485.95,0.0834921,0.0212698,0.895238,0.181425,0.45,0,0.55
Prioritize equality,govment_20,equal_21,hcabs_e2080,348.59,0.110774,54.9254,7026.73,0.110754,0.035754,0.853492,0.356608,0.155556,0,0.844444
Prioritize equality,govment_20,equal_21,hcabs_e2080,411.605,0.065002,63.2911,8295.39,0.101944,0.0171429,0.880913,0.327778,0.211111,0,0.788889
Prioritize equality,govment_20,equal_21,hcabs_e2080,373.234,0.125111,22.7171,7487.39,0.113254,0.0316667,0.855079,0.194561,0.120635,0,0.879365
Prioritize equality,govment_20,equal_21,hcabs_e2080,421.301,0.0936305,40.1862,8466.2,0.137381,0.0059127,0.856706,0.166963,0.129365,0,0.870635
Prioritize equality,govment_20,equal_21,hcabs_e2080,382.534,0.077413,38.9756,7689.65,0.102579,0.0270238,0.870397,0.25,0.115079,0,0.884921
Prioritize equality,govment_20,equal_21,hcabs_e2080,398.526,0.0518398,41.4426,8011.96,0.127579,0.0153175,0.857103,0.395062,0.10873,0,0.89127
Prioritize equality,govment_20,equal_21,hcabs_e2080,320.137,0.0938285,36.7775,6439.52,0.103135,0.0545635,0.842302,0.266529,0.234921,0,0.765079
Prioritize equality,govment_20,equal_21,hcabs_e2080,413.983,0.0907713,39.4435,8319.11,0.0824206,0.0219841,0.895595,0.19666,0.137302,0,0.862698
Prioritize equality,govment_20,equal_21,hcabs_e2080,397.694,0.123897,34.5511,7988.43,0.126468,0.0199206,0.853611,0.272921,0.129365,0,0.870635
Prioritize equality,govment_20,equal_21,hcabs_e2080,383.401,0.0882694,93.9467,7761.98,0.15631,0.0119048,0.831786,0.578652,0.0849206,0,0.915079
Prioritize equality,govment_20,equal_21,hcabs_e2080,374.393,0.174227,21.0083,7508.88,0.0904762,0.055,0.854524,0.264286,0.321429,0,0.678571
Prioritize equality,govment_20,equal_21,hcabs_e2080,310.618,0.151676,48.0792,6260.44,0.19996,0.0366667,0.763373,0.308176,0.115079,0,0.884921
Prioritize equality,govment_20,equal_21,hcabs_e2080,355.861,0.0913685,87.8798,7205.1,0.183175,0.0153175,0.801508,0.531008,0.102381,0,0.897619
Prioritize equality,govment_20,equal_21,hcabs_e2080,391.15,0.089667,22.8511,7845.84,0.111667,0.0225,0.865833,0.102389,0.203175,0,0.796825
Prioritize equality,govment_20,equal_21,hcabs_e2080,417.137,0.125402,7.13047,8349.87,0.11119,0.0148016,0.874008,0.105159,0.437302,0,0.562698
Prioritize equality,govment_20,equal_21,hcabs_e2080,349.935,0.191236,5.49709,7004.2,0.105317,0.0398413,0.854841,0.120301,0.21746,0,0.78254
Prioritize equality,govment_20,equal_21,hcabs_e2080,389.385,0.0880281,4.24997,7791.96,0.103214,0.0266667,0.870119,0.0705009,0.427778,0,0.572222
Prioritize equality,govment_20,equal_21,hcabs_e2080,420.376,0.126314,29.893,8437.4,0.11131,0.0129365,0.875754,0.23913,0.156349,0,0.843651
Prioritize equality,govment_20,equal_21,hcabs_e2080,365.315,0.106474,13.7193,7320.02,0.145079,0.0215476,0.833373,0.0887097,0.214286,0,0.785714
Prioritize equality,govment_20,equal_21,hcabs_e2080,425.519,0.139162,3.4017,8513.78,0.118651,0.0124206,0.868929,0.127983,0.0666667,0,0.933333
Prioritize equality,govment_20,equal_21,hcabs_e2080,376.954,0.206421,10.4134,7549.5,0.092381,0.0406349,0.866984,0.211236,0.45,0,0.55
Prioritize equality,govment_20,equal_21,hcabs_e2080,360.842,0.190465,38.564,7255.41,0.135119,0.0320238,0.832857,0.270718,0.165079,0,0.834921
Prioritize equality,govment_20,equal_21,hcabs_e2080,461.328,0.0813883,58.5426,9285.09,0.0748016,0.00992063,0.915278,0.411058,0.103968,0,0.896032
Prioritize equality,govment_20,equal_21,hcabs_e2080,435.971,0.120309,54.2227,8773.65,0.0834524,0.0171825,0.899365,0.303879,0.177778,0,0.822222
Prioritize equality,govment_20,equal_21,hcabs_e2080,394.199,0.0917394,5.63739,7889.61,0.121746,0.0195238,0.85873,0.0802792,0.407937,0,0.592063
Prioritize equality,govment_20,equal_21,hcabs_e2080,442.227,0.0860268,20.4666,8865,0.102738,0.00984127,0.887421,0.100791,0.220635,0,0.779365
Prioritize equality,govment_20,equal_21,hcabs_e2080,314.771,0.0639921,44.2053,6339.63,0.140397,0.0433333,0.81627,0.457023,0.177778,0,0.822222
Prioritize equality,govment_20,equal_21,hcabs_e2080,374.296,0.0665291,4.03103,7489.95,0.126905,0.0237302,0.849365,0.140255,0.196825,0,0.803175
Prioritize equality,govment_20,equal_21,hcabs_e2080,353.698,0.153805,19.5522,7093.51,0.140595,0.0395635,0.819841,0.203438,0.477778,0,0.522222
Prioritize equality,govment_20,equal_21,hcabs_e2080,332.225,0.103063,46.8663,6691.36,0.101984,0.0499206,0.848095,0.186538,0.185714,0,0.814286
Prioritize equality,govment_20,equal_21,hcabs_e2080,291.257,0.144925,53.7434,5878.87,0.214921,0.0395635,0.745516,0.436145,0.205556,0,0.794444
Prioritize equality,govment_20,equal_21,hcabs_e2080,341.712,0.124196,41.9457,6876.19,0.119841,0.0443254,0.835833,0.180328,0.17619,0,0.82381
Prioritize equality,govment_20,equal_21,hcabs_e2080,389.908,0.104397,33.6036,7831.76,0.0861905,0.0297222,0.884087,0.215385,0.261905,0,0.738095
Prioritize equality,govment_20,equal_21,hcabs_e2080,355.348,0.0664935,69.4498,7176.41,0.132897,0.0286111,0.838492,0.150943,0.488889,0,0.511111
Prioritize equality,govment_20,equal_21,hcabs_e2080,389.196,0.139514,13.3336,7797.26,0.102024,0.0283333,0.869643,0.0997877,0.63254,0,0.36746
Prioritize equality,govment_20,equal_21,hcabs_e2080,391.358,0.0830811,73.5715,7900.72,0.133452,0.0169444,0.849603,0.492505,0.0793651,0,0.920635
Prioritize equality,govment_20,equal_21,hcabs_e2080,399.883,0.085042,37.2557,8034.92,0.148492,0.00948413,0.842024,0.207865,0.119841,0,0.880159
Prioritize equality,govment_20,equal_21,hcabs_e2080,403.54,0.0675898,107.508,8178.3,0.15254,0.00630952,0.841151,0.660832,0.097619,0,0.902381
Prioritize equality,govment_20,equal_21,hcabs_e2080,302.02,0.0963025,42.141,6082.54,0.178968,0.0452778,0.775754,0.489607,0.142857,0,0.857143
Prioritize equality,govment_20,equal_21,hcabs_e2080,405.28,0.0732908,74.5274,8180.13,0.133294,0.0111508,0.855556,0.241535,0.243651,0,0.756349
Prioritize equality,govment_20,equal_21,hcabs_e2080,401.78,0.112026,66.6476,8102.25,0.100238,0.0253968,0.874365,0.296919,0.215079,0,0.784921
Prioritize equality,govment_20,equal_21,hcabs_e2080,403.156,0.0656953,81.4291,8144.54,0.130516,0.0130556,0.856429,0.436047,0.0904762,0,0.909524
Prioritize equality,govment_20,equal_21,hcabs_e2080,320.949,0.114346,72.1549,6491.13,0.154048,0.0390873,0.806865,0.296296,0.333333,0,0.666667
Prioritize equality,govment_20,equal_21,hcabs_e2080,378.109,0.205837,75.5007,7637.68,0.123968,0.0344048,0.841627,0.574879,0.103175,0,0.896825
Prioritize equality,govment_20,equal_21,hcabs_e2080,428.627,0.0820172,94.605,8667.14,0.0953571,0.0146032,0.89004,0.552693,0.1,0,0.9
Prioritize equality,govment_20,equal_21,hcabs_e2080,431.596,0.0925414,56.8308,8688.74,0.0804762,0.0193651,0.900159,0.396996,0.154762,0,0.845238
Prioritize equality,govment_20,equal_21,hcabs_e2080,280.071,0.168643,33.0086,5634.43,0.157183,0.0639683,0.778849,0.178499,0.295238,0,0.704762
Prioritize equality,govment_20,equal_21,hcabs_e2080,397.593,0.183689,23.7669,7975.62,0.0855952,0.0303175,0.884087,0.141732,0.278571,0,0.721429
Prioritize equality,govment_20,equal_21,hcabs_e2080,469.407,0.0854143,38.6078,9426.75,0.0759524,0.00765873,0.916389,0.269841,0.102381,0,0.897619
Prioritize equality,govment_20,equal_21,hcabs_e2080,179.016,0.215862,8.1725,3588.48,0.189841,0.119286,0.690873,0.106472,0.326984,0,0.673016
Prioritize equality,govment_20,equal_21,hcabs_e2080,417.154,0.0910279,126.526,8469.6,0.137659,0.00765873,0.854683,0.5,0.0849206,0,0.915079
Prioritize equality,govment_20,equal_21,hcabs_e2080,413.338,0.130821,44.2077,8310.97,0.107698,0.015754,0.876548,0.110112,0.462698,0,0.537302
Prioritize equality,govment_20,equal_21,hcabs_e2080,436.569,0.100955,12.2682,8743.65,0.0889286,0.0142063,0.896865,0.0945946,0.234921,0,0.765079
Prioritize equality,govment_20,equal_21,hcabs_e2080,409.968,0.114316,27.2435,8226.61,0.0759524,0.0261111,0.897937,0.151639,0.284127,0,0.715873
Prioritize equality,govment_20,equal_21,hcabs_e2080,415.118,0.0894759,56.9561,8359.32,0.115159,0.0140476,0.870794,0.314501,0.0666667,0,0.933333
Prioritize equality,govment_20,equal_21,hcabs_e2080,297.334,0.214585,9.18175,5955.87,0.150476,0.0579762,0.791548,0.0561331,0.254762,0,0.745238
Prioritize equality,govment_20,equal_21,hcabs_e2080,399.111,0.103065,78.2097,8060.43,0.0859127,0.0263492,0.887738,0.525463,0.0865079,0,0.913492
Prioritize equality,govment_20,equal_21,hcabs_e2080,384.033,0.0813434,53.8152,7734.48,0.149722,0.0144841,0.835794,0.375796,0.123016,0,0.876984
Prioritize equality,govment_20,equal_21,hcabs_e2080,311.821,0.171295,10.9111,6247.34,0.153214,0.0485317,0.798254,0.170507,0.246825,0,0.753175
Prioritize equality,govment_20,equal_21,hcabs_e2080,431.824,0.0548933,57.6308,8694.1,0.120159,0.0065873,0.873254,0.381517,0.139683,0,0.860317
Prioritize equality,govment_20,equal_21,hcabs_e2080,349.464,0.156843,33.858,7023.13,0.102381,0.0483333,0.849286,0.190588,0.142063,0,0.857937
Prioritize equality,govment_20,equal_21,hcabs_e2080,332.537,0.18604,10.0753,6660.82,0.136151,0.0567063,0.807143,0.139485,0.106349,0,0.893651
Prioritize equality,govment_20,equal_21,hcabs_e2080,343.674,0.0608867,69.3977,6942.88,0.110714,0.0397222,0.849563,0.421687,0.11746,0,0.88254
Prioritize equality,govment_20,equal_21,hcabs_e2080,428.842,0.103594,65.2984,8642.13,0.110833,0.0124206,0.876746,0.351967,0.097619,0,0.902381
Prioritize equality,govment_20,equal_21,hcabs_e2080,340.319,0.228821,25.9259,6832.3,0.171349,0.0312698,0.797381,0.115663,0.383333,0,0.616667
Prioritize equality,govment_20,equal_21,hcabs_e2080,309.592,0.153629,21.4882,6213.32,0.0983333,0.0592857,0.842381,0.124756,0.202381,0,0.797619
Prioritize equality,govment_20,equal_21,hcabs_e2080,419.979,0.136269,37.7509,8437.33,0.104048,0.0163095,0.879643,0.312227,0.16746,0,0.83254
Prioritize equality,govment_20,equal_21,hcabs_e2080,389.086,0.15584,36.0697,7817.79,0.113095,0.0271032,0.859802,0.153527,0.306349,0,0.693651
Prioritize equality,govment_20,equal_21,hcabs_e2080,329.869,0.160465,19.8988,6617.28,0.10373,0.0532937,0.842976,0.243848,0.2,0,0.8
Prioritize equality,govment_20,equal_21,hcabs_e2080,433.878,0.127223,63.3929,8740.96,0.0871825,0.021627,0.89119,0.297082,0.0666667,0,0.933333
Prioritize equality,govment_20,equal_21,hcabs_e2080,441.637,0.0675026,42.0439,8874.78,0.106905,0.00698413,0.886111,0.0907504,0.369048,0,0.630952
Prioritize equality,govment_20,equal_21,hcabs_e2080,453.86,0.136999,59.4164,9136.62,0.105397,0.00619048,0.888413,0.392405,0.0666667,0,0.933333
Prioritize equality,govment_20,equal_21,hcabs_e2080,391.654,0.112762,26.955,7860.03,0.0735317,0.0326587,0.89381,0.216374,0.197619,0,0.802381
Prioritize equality,govment_20,equal_21,hcabs_e2080,407.21,0.107234,39.9825,8184.18,0.101151,0.0215476,0.877302,0.173684,0.261111,0,0.738889
Prioritize equality,govment_20,equal_21,hcabs_e2080,326.678,0.163435,21.4504,6555.02,0.161944,0.0387302,0.799325,0.134039,0.316667,0,0.683333
Prioritize equality,govment_20,equal_21,hcabs_e2080,410.645,0.0843099,34.5577,8247.46,0.1175,0.0144841,0.868016,0.254902,0.126984,0,0.873016
Prioritize equality,govment_20,equal_21,hcabs_e2080,348.9,0.131654,81.3485,7059.35,0.14127,0.0375,0.82123,0.511688,0.0904762,0,0.909524
Prioritize equality,govment_20,equal_21,hcabs_e2080,346.712,0.153451,19.8993,6954.14,0.0848413,0.0496825,0.865476,0.205184,0.333333,0,0.666667
Prioritize equality,govment_20,equal_21,hcabs_e2080,394.216,0.112558,3.73693,7888.06,0.135397,0.0159921,0.848611,0.0568807,0.166667,0,0.833333
Prioritize equality,govment_20,equal_21,hcabs_e2080,295.475,0.268499,17.7885,5927.29,0.175595,0.0536111,0.770794,0.0881864,0.35,0,0.65
Prioritize equality,govment_20,equal_21,hcabs_e2080,269.271,0.16055,21.913,5407.34,0.154325,0.0626984,0.782976,0.234763,0.1,0,0.9
Prioritize equality,govment_20,equal_21,hcabs_e2080,369.328,0.0899212,68.7118,7455.27,0.1475,0.0196429,0.832857,0.198276,0.247619,0,0.752381
Prioritize equality,govment_20,equal_21,hcabs_e2080,348.374,0.185728,41.9615,7009.44,0.0984921,0.0453968,0.856111,0.256466,0.178571,0,0.821429
Prioritize equality,govment_20,equal_21,hcabs_e2080,434.484,0.149024,28.5986,8718.28,0.0799603,0.0165079,0.903532,0.0816327,0.489683,0,0.510317
Prioritize equality,govment_20,equal_21,hcabs_e2080,408.731,0.12076,72.0399,8246.65,0.0521429,0.0324206,0.915437,0.34331,0.124603,0,0.875397
Balanced priorities,govment_20,equal_21,hcabs_e5050,439.292,0.106129,223.769,9009.62,0.0964683,0.00642857,0.897103,0.355094,0.560317,0,0.439683
Balanced priorities,govment_20,equal_21,hcabs_e5050,274.646,0.338696,138.229,5631.15,0.14254,0.069246,0.788214,0.30814,0.584921,0,0.415079
Balanced priorities,govment_20,equal_21,hcabs_e5050,435.287,0.116649,212.346,8918.09,0.100357,0.00496032,0.894683,0.261159,0.714286,0,0.285714
Balanced priorities,govment_20,equal_21,hcabs_e5050,387.47,0.116955,197.223,7946.62,0.134087,0.0128968,0.853016,0.320078,0.606349,0,0.393651
Balanced priorities,govment_20,equal_21,hcabs_e5050,351.914,0.141345,181.953,7220.23,0.129841,0.0327778,0.837381,0.39798,0.507937,0,0.492063
Balanced priorities,govment_20,equal_21,hcabs_e5050,375.542,0.174988,194.683,7705.53,0.114722,0.0250397,0.860238,0.453512,0.454762,0,0.545238
Balanced priorities,govment_20,equal_21,hcabs_e5050,419.481,0.150706,207.51,8597.12,0.140079,0,0.859921,0.268756,0.72381,0,0.27619
Balanced priorities,govment_20,equal_21,hcabs_e5050,266.42,0.282372,134.049,5462.46,0.135119,0.0718254,0.793056,0.351137,0.546032,0,0.453968
Balanced priorities,govment_20,equal_21,hcabs_e5050,311.795,0.188812,152.247,6388.15,0.120357,0.0449603,0.834683,0.146953,0.874603,0,0.125397
Balanced priorities,govment_20,equal_21,hcabs_e5050,393.526,0.148345,200.897,8071.41,0.150952,0.00670635,0.842341,0.39596,0.504762,0,0.495238
Balanced priorities,govment_20,equal_21,hcabs_e5050,411.385,0.139262,197.951,8425.64,0.0845635,0.0245238,0.890913,0.237162,0.769048,0,0.230952
Balanced priorities,govment_20,equal_21,hcabs_e5050,391.469,0.119064,201.877,8031.26,0.109325,0.0176587,0.873016,0.400404,0.511111,0,0.488889
Balanced priorities,govment_20,equal_21,hcabs_e5050,471.42,0.041076,247.331,9675.74,0.0786111,0,0.921389,0.40202,0.514286,0,0.485714
Balanced priorities,govment_20,equal_21,hcabs_e5050,351.516,0.240465,186.793,7217.1,0.11127,0.0380952,0.850635,0.451245,0.420635,0,0.579365
Balanced priorities,govment_20,equal_21,hcabs_e5050,277.908,0.195578,133.83,5691.99,0.0993651,0.0665079,0.834127,0.2274,0.703968,0,0.296032
Balanced priorities,govment_20,equal_21,hcabs_e5050,368.364,0.104285,184.704,7551.99,0.128135,0.0204365,0.851429,0.312318,0.597619,0,0.402381
Balanced priorities,govment_20,equal_21,hcabs_e5050,479.446,0.0471232,246.6,9835.52,0.0690873,0,0.930913,0.446852,0.477778,0,0.522222
Balanced priorities,govment_20,equal_21,hcabs_e5050,312.407,0.145187,156.826,6404.96,0.114365,0.0470635,0.838571,0.31068,0.619841,0,0.380159
Balanced priorities,govment_20,equal_21,hcabs_e5050,345.329,0.188789,175.516,7082.09,0.104365,0.0406349,0.855,0.353116,0.511111,0,0.488889
Balanced priorities,govment_20,equal_21,hcabs_e5050,404.629,0.189567,199.604,8292.18,0.080873,0.0222222,0.896905,0.312925,0.634127,0,0.365873
Balanced priorities,govment_20,equal_21,hcabs_e5050,335.549,0.159108,174.39,6885.37,0.112619,0.0396825,0.847698,0.504219,0.396032,0,0.603968
Balanced priorities,govment_20,equal_21,hcabs_e5050,449.778,0.0947898,230.496,9226.05,0.0906746,0.00412698,0.905198,0.39596,0.519048,0,0.480952
Balanced priorities,govment_20,equal_21,hcabs_e5050,364.41,0.110017,178.635,7466.83,0.0976984,0.0306349,0.871667,0.185558,0.819841,0,0.180159
Balanced priorities,govment_20,equal_21,hcabs_e5050,326.511,0.190503,173.592,6703.82,0.133571,0.0463492,0.820079,0.44938,0.392063,0,0.607937
Balanced priorities,govment_20,equal_21,hcabs_e5050,290.238,0.187566,143.885,5948.64,0.138611,0.0619444,0.799444,0.316505,0.599206,0,0.400794
Balanced priorities,govment_20,equal_21,hcabs_e5050,428.69,0.0960147,210.17,8783.97,0.101349,0.00730159,0.891349,0.264957,0.704762,0,0.295238
Balanced priorities,govment_20,equal_21,hcabs_e5050,389.212,0.13131,198.434,7982.68,0.105516,0.0205556,0.873929,0.39596,0.524603,0,0.475397
Balanced priorities,govment_20,equal_21,hcabs_e5050,355.433,0.199138,186.865,7295.53,0.107143,0.0405159,0.852341,0.4,0.457143,0,0.542857
Balanced priorities,govment_20,equal_21,hcabs_e5050,353.835,0.196765,177.099,7253.79,0.110198,0.0408333,0.848968,0.40202,0.534127,0,0.465873
Balanced priorities,govment_20,equal_21,hcabs_e5050,290.598,0.14086,143.629,5955.58,0.0703968,0.0703571,0.859246,0.264957,0.648413,0,0.351587
Balanced priorities,govment_20,equal_21,hcabs_e5050,303.401,0.209301,152.858,6220.88,0.139206,0.0584921,0.802302,0.296512,0.603968,0,0.396032
Balanced priorities,govment_20,equal_21,hcabs_e5050,370.098,0.165381,176.298,7578.26,0.137063,0.0187302,0.844206,0.223464,0.764286,0,0.235714
Balanced priorities,govment_20,equal_21,hcabs_e5050,412.985,0.107539,200.228,8459.92,0.0729762,0.0196825,0.907341,0.202048,0.763492,0,0.236508
Balanced priorities,govment_20,equal_21,hcabs_e5050,307.486,0.218193,162.316,6312.04,0.0988095,0.068373,0.832817,0.4,0.438095,0,0.561905
Balanced priorities,govment_20,equal_21,hcabs_e5050,316.076,0.162504,161.893,6483.41,0.100119,0.0597619,0.840119,0.35778,0.504762,0,0.495238
Balanced priorities,govment_20,equal_21,hcabs_e5050,446.6,0.0871971,234.157,9166.16,0.0899206,0.00519841,0.904881,0.442724,0.462698,0,0.537302
Balanced priorities,govment_20,equal_21,hcabs_e5050,285.691,0.200521,149.788,5863.62,0.119722,0.0583333,0.821944,0.355094,0.540476,0,0.459524
Balanced priorities,govment_20,equal_21,hcabs_e5050,375.271,0.104046,195.046,7700.46,0.0925397,0.0280159,0.879444,0.39596,0.5,0,0.5
Balanced priorities,govment_20,equal_21,hcabs_e5050,361.109,0.140321,191.508,7413.69,0.0771032,0.0346825,0.888214,0.313953,0.604762,0,0.395238
Balanced priorities,govment_20,equal_21,hcabs_e5050,346.32,0.145051,182.864,7109.26,0.079881,0.0500794,0.87004,0.448916,0.414286,0,0.585714
Balanced priorities,govment_20,equal_21,hcabs_e5050,287.258,0.265465,151.487,5896.65,0.182817,0.0612698,0.755913,0.4,0.43254,0,0.56746
Balanced priorities,govment_20,equal_21,hcabs_e5050,273.351,0.153334,135.3,5602.32,0.121032,0.0632143,0.815754,0.223464,0.702381,0,0.297619
Balanced priorities,govment_20,equal_21,hcabs_e5050,328.039,0.23153,161.607,6722.38,0.0977381,0.0524603,0.849802,0.30814,0.628571,0,0.371429
Balanced priorities,govment_20,equal_21,hcabs_e5050,395.352,0.119046,204.175,8111.22,0.0917063,0.0222619,0.886032,0.39798,0.496032,0,0.503968
Balanced priorities,govment_20,equal_21,hcabs_e5050,373.838,0.10004,191.116,7667.88,0.113214,0.024127,0.862659,0.359406,0.525397,0,0.474603
Balanced priorities,govment_20,equal_21,hcabs_e5050,290.851,0.216057,143.875,5960.89,0.101468,0.0609524,0.837579,0.306202,0.623016,0,0.376984
Balanced priorities,govment_20,equal_21,hcabs_e5050,396.844,0.133603,201.03,8137.9,0.119921,0.0118651,0.868214,0.318138,0.62381,0,0.37619
Balanced priorities,govment_20,equal_21,hcabs_e5050,372.847,0.121958,183.202,7640.13,0.0833333,0.0294048,0.887262,0.225326,0.740476,0,0.259524
Balanced priorities,govment_20,equal_21,hcabs_e5050,273.286,0.159583,140.758,5606.48,0.137897,0.0651587,0.796944,0.347181,0.516667,0,0.483333
Balanced priorities,govment_20,equal_21,hcabs_e5050,276.422,0.213039,142.309,5670.75,0.137659,0.0734524,0.788889,0.353116,0.518254,0,0.481746
Balanced priorities,govment_20,equal_21,hcabs_e5050,308.675,0.26076,150.755,6324.25,0.153056,0.0546429,0.792302,0.221601,0.72381,0,0.27619
Balanced priorities,govment_20,equal_21,hcabs_e5050,392.775,0.0850705,187.22,8042.72,0.135635,0.0097619,0.854603,0.217877,0.771429,0,0.228571
Balanced priorities,govment_20,equal_21,hcabs_e5050,356.537,0.101649,198.967,7329.71,0.100754,0.0307143,0.868532,0.448916,0.418254,0,0.581746
Balanced priorities,govment_20,equal_21,hcabs_e5050,436.948,0.0668365,208.723,8947.69,0.115476,0,0.884524,0.223464,0.772222,0,0.227778
Balanced priorities,govment_20,equal_21,hcabs_e5050,414.567,0.113713,211.937,8503.28,0.10119,0.0119444,0.886865,0.355446,0.57381,0,0.42619
Balanced priorities,govment_20,equal_21,hcabs_e5050,301.331,0.242608,152.957,6179.57,0.145516,0.0451984,0.809286,0.349159,0.525397,0,0.474603
Balanced priorities,govment_20,equal_21,hcabs_e5050,254.067,0.316179,125.779,5207.11,0.108492,0.0914683,0.80004,0.272814,0.673016,0,0.326984
Balanced priorities,govment_20,equal_21,hcabs_e5050,207.166,0.204066,108.293,4251.62,0.178889,0.0938889,0.727222,0.402427,0.430159,0,0.569841
Balanced priorities,govment_20,equal_21,hcabs_e5050,436.646,0.0586906,222.428,8955.35,0.119127,0,0.880873,0.400404,0.516667,0,0.483333
Balanced priorities,govment_20,equal_21,hcabs_e5050,227.358,0.187703,114.728,4661.89,0.169722,0.0763492,0.753929,0.304264,0.560317,0,0.439683
Balanced priorities,govment_20,equal_21,hcabs_e5050,302.154,0.157509,154.644,6197.73,0.13623,0.0517857,0.811984,0.353116,0.526984,0,0.473016
Balanced priorities,govment_20,equal_21,hcabs_e5050,351.661,0.145133,172.497,7205.72,0.102421,0.0307937,0.866786,0.146953,0.893651,0,0.106349
Balanced priorities,govment_20,equal_21,hcabs_e5050,356.274,0.237447,167.976,7293.46,0.0873413,0.0386111,0.874048,0.181735,0.807937,0,0.192063
Balanced priorities,govment_20,equal_21,hcabs_e5050,280.137,0.124773,140.406,5743.14,0.135397,0.0549206,0.809683,0.225326,0.688095,0,0.311905
Balanced priorities,govment_20,equal_21,hcabs_e5050,352.621,0.0855791,171.763,7224.19,0.161071,0.0177778,0.821151,0.229264,0.705556,0,0.294444
Balanced priorities,govment_20,equal_21,hcabs_e5050,424.503,0.136513,214.699,8704.77,0.110159,0.00777778,0.882063,0.408493,0.528571,0,0.471429
Balanced priorities,govment_20,equal_21,hcabs_e5050,345.451,0.113675,174.082,7083.11,0.109365,0.0379762,0.852659,0.357072,0.535714,0,0.464286
Balanced priorities,govment_20,equal_21,hcabs_e5050,387.027,0.0728684,191.909,7932.44,0.161032,0.00464286,0.834325,0.30814,0.627778,0,0.372222
Balanced priorities,govment_20,equal_21,hcabs_e5050,348.645,0.139154,169.131,7142.04,0.117817,0.0311111,0.851071,0.269267,0.695238,0,0.304762
Balanced priorities,govment_20,equal_21,hcabs_e5050,391.705,0.0949816,200.32,8034.42,0.0894841,0.0223413,0.888175,0.39596,0.518254,0,0.481746
Balanced priorities,govment_20,equal_21,hcabs_e5050,325.892,0.132332,163.956,6681.79,0.0971429,0.0475,0.855357,0.310378,0.597619,0,0.402381
Balanced priorities,govment_20,equal_21,hcabs_e5050,389.95,0.111606,198.307,7997.32,0.144008,0.0102381,0.845754,0.408493,0.501587,0,0.498413
Balanced priorities,govment_20,equal_21,hcabs_e5050,314.087,0.233469,157.305,6439.04,0.137381,0.0412698,0.821349,0.308438,0.60873,0,0.39127
Balanced priorities,govment_20,equal_21,hcabs_e5050,241.223,0.334291,125.421,4949.89,0.156944,0.0885317,0.754524,0.40404,0.446825,0,0.553175
Balanced priorities,govment_20,equal_21,hcabs_e5050,445.61,0.13536,226.653,9138.86,0.0689286,0.0111508,0.919921,0.353116,0.57381,0,0.42619
Balanced priorities,govment_20,equal_21,hcabs_e5050,277.689,0.214373,142.974,5696.76,0.149841,0.0533333,0.796825,0.406471,0.47619,0,0.52381
Balanced priorities,govment_20,equal_21,hcabs_e5050,403.459,0.0988335,201.598,8270.78,0.0924206,0.0180952,0.889484,0.353116,0.576984,0,0.423016
Balanced priorities,govment_20,equal_21,hcabs_e5050,300.009,0.110288,150.397,6150.57,0.182937,0.0363492,0.780714,0.264957,0.633333,0,0.366667
Balanced priorities,govment_20,equal_21,hcabs_e5050,392.262,0.0838558,201.99,8047.23,0.087381,0.0223016,0.890317,0.270913,0.669048,0,0.330952
Balanced priorities,govment_20,equal_21,hcabs_e5050,332.212,0.136401,159.249,6803.5,0.108175,0.0417857,0.85004,0.185388,0.805556,0,0.194444
Balanced priorities,govment_20,equal_21,hcabs_e5050,409.829,0.125232,199.725,8396.3,0.0946825,0.0146825,0.890635,0.264957,0.709524,0,0.290476
Balanced priorities,govment_20,equal_21,hcabs_e5050,407.93,0.111503,212.446,8371.04,0.0875794,0.0178571,0.894563,0.40404,0.51746,0,0.48254
Balanced priorities,govment_20,equal_21,hcabs_e5050,402.16,0.137536,190.91,8234.11,0.127222,0.00892857,0.863849,0.223672,0.776984,0,0.223016
Balanced priorities,govment_20,equal_21,hcabs_e5050,350.244,0.141747,164.716,7169.6,0.123214,0.0331746,0.843611,0.185388,0.820635,0,0.179365
Balanced priorities,govment_20,equal_21,hcabs_e5050,293.394,0.192044,148.603,6016.48,0.140754,0.0539286,0.805317,0.351137,0.552381,0,0.447619
Balanced priorities,govment_20,equal_21,hcabs_e5050,389.924,0.132624,203.104,8001.58,0.0980952,0.0230952,0.87881,0.4,0.492063,0,0.507937
Balanced priorities,govment_20,equal_21,hcabs_e5050,245.228,0.212827,128.027,5032.59,0.185754,0.0646032,0.749643,0.306202,0.531746,0,0.468254
Balanced priorities,govment_20,equal_21,hcabs_e5050,400.819,0.11534,190.675,8207.05,0.0869841,0.0201984,0.892817,0.221601,0.784921,0,0.215079
Balanced priorities,govment_20,equal_21,hcabs_e5050,371.447,0.145643,183.995,7612.94,0.0947619,0.0386905,0.866548,0.306202,0.638095,0,0.361905
Balanced priorities,govment_20,equal_21,hcabs_e5050,460.163,0.0985621,226.754,9430.01,0.051746,0.00924603,0.939008,0.19287,0.842857,0,0.157143
Balanced priorities,govment_20,equal_21,hcabs_e5050,404.986,0.128076,202.679,8302.4,0.0909524,0.0162698,0.892778,0.273333,0.677778,0,0.322222
Balanced priorities,govment_20,equal_21,hcabs_e5050,316.093,0.164219,161.033,6482.9,0.121825,0.049127,0.829048,0.312016,0.564286,0,0.435714
Balanced priorities,govment_20,equal_21,hcabs_e5050,344.913,0.19304,168.867,7067.13,0.161865,0.0209524,0.817183,0.231559,0.757937,0,0.242063
Balanced priorities,govment_20,equal_21,hcabs_e5050,293.736,0.162195,161.173,6035.89,0.0965476,0.0646825,0.83877,0.448916,0.406349,0,0.593651
Balanced priorities,govment_20,equal_21,hcabs_e5050,330.507,0.208584,169.669,6779.8,0.0532143,0.0601587,0.886627,0.30814,0.597619,0,0.402381
Balanced priorities,govment_20,equal_21,hcabs_e5050,354.471,0.141247,174.906,7264.32,0.0988095,0.0397222,0.861468,0.312016,0.628571,0,0.371429
Balanced priorities,govment_20,equal_21,hcabs_e5050,367.274,0.0908419,180.331,7525.81,0.117738,0.0232143,0.859048,0.225536,0.737302,0,0.262698
Balanced priorities,govment_20,equal_21,hcabs_e5050,336.546,0.139653,173.7,6904.63,0.167976,0.0252778,0.806746,0.361744,0.555556,0,0.444444
Balanced priorities,govment_20,equal_21,hcabs_e5050,311.294,0.147031,161.115,6387,0.125437,0.0506746,0.823889,0.306202,0.598413,0,0.401587
Balanced priorities,govment_20,equal_21,hcabs_e5050,368.714,0.160919,181.015,7555.3,0.116111,0.0241667,0.859722,0.310078,0.633333,0,0.366667
Prioritize ave. wealth,govment_20,equal_21,hcabs_e8020,349.585,0.178679,116.854,7108.55,0.097619,0.0423413,0.86004,0.262745,0.415079,0,0.584921
Prioritize ave. wealth,govment_20,equal_21,hcabs_e8020,321.905,0.176571,85.5971,6523.69,0.151389,0.0405556,0.808056,0.194444,0.563492,0,0.436508
Prioritize ave. wealth,govment_20,equal_21,hcabs_e8020,420.319,0.114867,26.8601,8433.25,0.125635,0.00857143,0.865794,0.0171149,0.957143,0,0.0428571
Prioritize ave. wealth,govment_20,equal_21,hcabs_e8020,381.333,0.164594,98.337,7724.99,0.104127,0.042619,0.853254,0.221154,0.569048,0,0.430952
Prioritize ave. wealth,govment_20,equal_21,hcabs_e8020,363.54,0.138138,110.647,7381.45,0.120754,0.0308333,0.848413,0.362583,0.313492,0,0.686508
Prioritize ave. wealth,govment_20,equal_21,hcabs_e8020,411.837,0.12168,95.6548,8332.4,0.0454762,0.033373,0.921151,0.142857,0.762698,0,0.237302
Prioritize ave. wealth,govment_20,equal_21,hcabs_e8020,475.503,0.0722096,96.6453,9606.71,0.0861905,0,0.91381,0.101877,0.87381,0,0.12619
Prioritize ave. wealth,govment_20,equal_21,hcabs_e8020,374.527,0.0912931,90.4854,7581.02,0.0804762,0.0361111,0.883413,0.253835,0.478571,0,0.521429
Prioritize ave. wealth,govment_20,equal_21,hcabs_e8020,386.236,0.156536,104.036,7828.77,0.140317,0.016746,0.842937,0.267742,0.563492,0,0.436508
Prioritize ave. wealth,govment_20,equal_21,hcabs_e8020,420.855,0.0925616,122.433,8539.54,0.146508,0.00242063,0.851071,0.384615,0.161111,0,0.838889
Prioritize ave. wealth,govment_20,equal_21,hcabs_e8020,404.882,0.172659,84.1172,8181.76,0.0963492,0.0177381,0.885913,0.168909,0.728571,0,0.271429
Prioritize ave. wealth,govment_20,equal_21,hcabs_e8020,394.307,0.124028,99.5956,7985.74,0.112421,0.0256746,0.861905,0.251128,0.546825,0,0.453175
Prioritize ave. wealth,govment_20,equal_21,hcabs_e8020,451.743,0.0839196,123.334,9158.2,0.085,0.00686508,0.908135,0.223634,0.544444,0,0.455556
Prioritize ave. wealth,govment_20,equal_21,hcabs_e8020,352.579,0.159027,53.2767,7104.85,0.120595,0.0321825,0.847222,0.191667,0.540476,0,0.459524
Prioritize ave. wealth,govment_20,equal_21,hcabs_e8020,394.86,0.135641,107.24,8004.43,0.115357,0.0215873,0.863056,0.347084,0.29127,0,0.70873
Prioritize ave. wealth,govment_20,equal_21,hcabs_e8020,402.875,0.124582,119.822,8177.32,0.117738,0.0183333,0.863929,0.36809,0.127778,0,0.872222
Prioritize ave. wealth,govment_20,equal_21,hcabs_e8020,423.015,0.103917,116.951,8577.26,0.0921825,0.0152381,0.892579,0.326897,0.343651,0,0.656349
Prioritize ave. wealth,govment_20,equal_21,hcabs_e8020,444.549,0.137748,110.965,9001.94,0.0985317,0.00698413,0.894484,0.200569,0.655556,0,0.344444
Prioritize ave. wealth,govment_20,equal_21,hcabs_e8020,267.793,0.177484,66.3184,5422.18,0.130278,0.0681349,0.801587,0.217852,0.509524,0,0.490476
Prioritize ave. wealth,govment_20,equal_21,hcabs_e8020,427.101,0.122491,124.114,8666.14,0.0773413,0.019881,0.902778,0.203655,0.623016,0,0.376984
Prioritize ave. wealth,govment_20,equal_21,hcabs_e8020,335.775,0.088191,85.644,6801.14,0.181786,0.024246,0.793968,0.289796,0.346825,0,0.653175
Prioritize ave. wealth,govment_20,equal_21,hcabs_e8020,410.685,0.102845,98.9125,8312.61,0.104048,0.0168254,0.879127,0.183187,0.62619,0,0.37381
Prioritize ave. wealth,govment_20,equal_21,hcabs_e8020,249.311,0.164305,64.8426,5051.06,0.0976984,0.0980952,0.804206,0.281298,0.407143,0,0.592857
Prioritize ave. wealth,govment_20,equal_21,hcabs_e8020,460.498,0.107264,118.545,9328.51,0.0818651,0.00670635,0.911429,0.156962,0.703968,0,0.296032
Prioritize ave. wealth,govment_20,equal_21,hcabs_e8020,397.89,0.0746709,97.0431,8054.85,0.0839683,0.0255952,0.890437,0.252276,0.457143,0,0.542857
Prioritize ave. wealth,govment_20,equal_21,hcabs_e8020,414.511,0.0898719,104.912,8395.14,0.102103,0.0152381,0.882659,0.235376,0.556349,0,0.443651
Prioritize ave. wealth,govment_20,equal_21,hcabs_e8020,377.662,0.139061,106.766,7660,0.13754,0.0210317,0.841429,0.343195,0.302381,0,0.697619
Prioritize ave. wealth,govment_20,equal_21,hcabs_e8020,403.963,0.157446,108.927,8188.18,0.1575,0.00722222,0.835278,0.267626,0.47381,0,0.52619
Prioritize ave. wealth,govment_20,equal_21,hcabs_e8020,361.818,0.135384,106.247,7342.62,0.172063,0.0186508,0.809286,0.343342,0.190476,0,0.809524
Prioritize ave. wealth,govment_20,equal_21,hcabs_e8020,295.376,0.256532,7.27011,5914.78,0.168929,0.0534524,0.777619,0.089153,0.659524,0,0.340476
Prioritize ave. wealth,govment_20,equal_21,hcabs_e8020,441.527,0.160829,61.759,8892.3,0.0966667,0.0126984,0.890635,0.26,0.386508,0,0.613492
Prioritize ave. wealth,govment_20,equal_21,hcabs_e8020,381.687,0.108002,79.5414,7713.29,0.154286,0.00992063,0.835794,0.12028,0.83254,0,0.16746
Prioritize ave. wealth,govment_20,equal_21,hcabs_e8020,458.678,0.075876,129.453,9303.01,0.0968254,0.00357143,0.899603,0.465793,0.134921,0,0.865079
Prioritize ave. wealth,govment_20,equal_21,hcabs_e8020,359.123,0.121199,83.9121,7266.38,0.133095,0.0297619,0.837143,0.150215,0.746032,0,0.253968
Prioritize ave. wealth,govment_20,equal_21,hcabs_e8020,320.146,0.217559,48.5776,6451.49,0.103611,0.0597619,0.836627,0.202465,0.546825,0,0.453175
Prioritize ave. wealth,govment_20,equal_21,hcabs_e8020,446.325,0.0885581,143.077,9069.59,0.0894841,0.01,0.900516,0.424716,0.196825,0,0.803175
Prioritize ave. wealth,govment_20,equal_21,hcabs_e8020,367.868,0.132494,94.3482,7451.71,0.12496,0.0290476,0.845992,0.264543,0.453968,0,0.546032
Prioritize ave. wealth,govment_20,equal_21,hcabs_e8020,410.938,0.082023,113.242,8332.01,0.0855159,0.0205159,0.893968,0.340087,0.351587,0,0.648413
Prioritize ave. wealth,govment_20,equal_21,hcabs_e8020,361.211,0.124592,92.9515,7317.17,0.12,0.029246,0.850754,0.167315,0.66746,0,0.33254
Prioritize ave. wealth,govment_20,equal_21,hcabs_e8020,361.281,0.108746,98.0799,7323.7,0.117619,0.0334127,0.848968,0.325828,0.27381,0,0.72619
Prioritize ave. wealth,govment_20,equal_21,hcabs_e8020,458.689,0.0632577,127.517,9301.3,0.0697222,0.00960317,0.920675,0.310567,0.337302,0,0.662698
Prioritize ave. wealth,govment_20,equal_21,hcabs_e8020,406.38,0.12239,89.7267,8217.32,0.0759127,0.0220635,0.902024,0.166667,0.761905,0,0.238095
Prioritize ave. wealth,govment_20,equal_21,hcabs_e8020,250.553,0.140051,74.044,5085.1,0.12496,0.0799206,0.795119,0.358543,0.195238,0,0.804762
Prioritize ave. wealth,govment_20,equal_21,hcabs_e8020,456.965,0.0408831,103.957,9243.25,0.108611,0,0.891389,0.18262,0.65,0,0.35
Prioritize ave. wealth,govment_20,equal_21,hcabs_e8020,371.492,0.0860613,96.6191,7526.47,0.122262,0.0232143,0.854524,0.1682,0.65873,0,0.34127
Prioritize ave. wealth,govment_20,equal_21,hcabs_e8020,310.313,0.17115,87.4785,6293.74,0.139167,0.0479365,0.812897,0.212629,0.496032,0,0.503968
Prioritize ave. wealth,govment_20,equal_21,hcabs_e8020,371.371,0.128801,106.328,7533.75,0.114444,0.0288095,0.856746,0.211564,0.570635,0,0.429365
Prioritize ave. wealth,govment_20,equal_21,hcabs_e8020,340.291,0.117579,92.0438,6897.87,0.162738,0.0263889,0.810873,0.256831,0.453968,0,0.546032
Prioritize ave. wealth,govment_20,equal_21,hcabs_e8020,392.132,0.126711,26.4238,7869.06,0.102024,0.023373,0.874603,0.0415617,0.887302,0,0.112698
Prioritize ave. wealth,govment_20,equal_21,hcabs_e8020,246.9,0.192562,67.4112,5005.4,0.108333,0.0889286,0.802738,0.224066,0.469841,0,0.530159
Prioritize ave. wealth,govment_20,equal_21,hcabs_e8020,330.442,0.0951434,105.505,6714.35,0.12131,0.0435317,0.835159,0.547297,0.0555556,0,0.944444
Prioritize ave. wealth,govment_20,equal_21,hcabs_e8020,454.924,0.104511,25.7539,9124.23,0.117143,0,0.882857,0.0332922,0.906349,0,0.0936508
Prioritize ave. wealth,govment_20,equal_21,hcabs_e8020,461.887,0.0428533,122.09,9359.84,0.1,0,0.9,0.190337,0.72619,0,0.27381
Prioritize ave. wealth,govment_20,equal_21,hcabs_e8020,465.855,0.0610061,119.748,9436.84,0.0595238,0.00992063,0.930556,0.2843,0.493651,0,0.506349
Prioritize ave. wealth,govment_20,equal_21,hcabs_e8020,328.576,0.139535,90.4576,6661.98,0.0901984,0.0540873,0.855714,0.439103,0.138889,0,0.861111
Prioritize ave. wealth,govment_20,equal_21,hcabs_e8020,422.312,0.104406,123.479,8569.71,0.115913,0.00936508,0.874722,0.342428,0.281746,0,0.718254
Prioritize ave. wealth,govment_20,equal_21,hcabs_e8020,365.354,0.0939103,91.2579,7398.35,0.0921429,0.0373413,0.870516,0.275497,0.380159,0,0.619841
Prioritize ave. wealth,govment_20,equal_21,hcabs_e8020,318.244,0.178847,76.8392,6441.72,0.167341,0.0434524,0.789206,0.192475,0.631746,0,0.368254
Prioritize ave. wealth,govment_20,equal_21,hcabs_e8020,427.833,0.160608,93.7706,8650.43,0.0986905,0.0214683,0.879841,0.222222,0.62619,0,0.37381
Prioritize ave. wealth,govment_20,equal_21,hcabs_e8020,289.173,0.293336,54.0801,5837.53,0.11619,0.0852778,0.798532,0.192857,0.477778,0,0.522222
Prioritize ave. wealth,govment_20,equal_21,hcabs_e8020,415.334,0.0848511,89.6766,8396.36,0.0701587,0.0228571,0.906984,0.172073,0.734127,0,0.265873
Prioritize ave. wealth,govment_20,equal_21,hcabs_e8020,393.889,0.113137,115.76,7993.55,0.176944,0.0047619,0.818294,0.460961,0.0746032,0,0.925397
Prioritize ave. wealth,govment_20,equal_21,hcabs_e8020,476.663,0.0386709,125.323,9658.59,0.0910317,0,0.908968,0.442073,0.235714,0,0.764286
Prioritize ave. wealth,govment_20,equal_21,hcabs_e8020,390.967,0.0715045,97.9712,7917.3,0.103849,0.0232143,0.872937,0.220363,0.578571,0,0.421429
Prioritize ave. wealth,govment_20,equal_21,hcabs_e8020,369.187,0.134512,103.889,7487.63,0.122778,0.033373,0.843849,0.37741,0.224603,0,0.775397
Prioritize ave. wealth,govment_20,equal_21,hcabs_e8020,466.961,0.0968086,133.932,9473.16,0.0860714,0.00424603,0.909683,0.229323,0.536508,0,0.463492
Prioritize ave. wealth,govment_20,equal_21,hcabs_e8020,366.697,0.175839,90.0467,7423.99,0.0683333,0.0488492,0.882817,0.24162,0.5,0,0.5
Prioritize ave. wealth,govment_20,equal_21,hcabs_e8020,445.228,0.125345,108.81,9013.37,0.0784127,0.0119048,0.909683,0.163373,0.719841,0,0.280159
Prioritize ave. wealth,govment_20,equal_21,hcabs_e8020,361.983,0.268829,98.9165,7338.59,0.124524,0.0430556,0.832421,0.288026,0.434127,0,0.565873
Prioritize ave. wealth,govment_20,equal_21,hcabs_e8020,384.153,0.139318,96.6105,7779.66,0.0806349,0.036627,0.882738,0.242466,0.490476,0,0.509524
Prioritize ave. wealth,govment_20,equal_21,hcabs_e8020,382.012,0.170594,102.728,7742.96,0.111825,0.0276984,0.860476,0.264276,0.430159,0,0.569841
Prioritize ave. wealth,govment_20,equal_21,hcabs_e8020,307.404,0.187472,83.8315,6231.91,0.129087,0.0496429,0.82127,0.212707,0.52619,0,0.47381
Prioritize ave. wealth,govment_20,equal_21,hcabs_e8020,327.064,0.0867793,104.851,6646.14,0.140714,0.0366667,0.822619,0.254286,0.52619,0,0.47381
Prioritize ave. wealth,govment_20,equal_21,hcabs_e8020,448.058,0.0905298,155.683,9116.85,0.127778,0,0.872222,0.556231,0.0190476,0,0.980952
Prioritize ave. wealth,govment_20,equal_21,hcabs_e8020,462.135,0.10832,146.731,9389.42,0.105754,0.000952381,0.893294,0.490223,0.0380952,0,0.961905
Prioritize ave. wealth,govment_20,equal_21,hcabs_e8020,414.53,0.124994,102.955,8393.56,0.15746,0,0.84254,0.206022,0.695238,0,0.304762
Prioritize ave. wealth,govment_20,equal_21,hcabs_e8020,442.244,0.11195,117.087,8961.97,0.0999603,0.0081746,0.891865,0.154211,0.684127,0,0.315873
Prioritize ave. wealth,govment_20,equal_21,hcabs_e8020,379.369,0.183854,110.17,7697.56,0.113333,0.0333333,0.853333,0.320513,0.297619,0,0.702381
Prioritize ave. wealth,govment_20,equal_21,hcabs_e8020,231.367,0.183656,39.4715,4666.81,0.15369,0.0822222,0.764087,0.0899609,0.787302,0,0.212698
Prioritize ave. wealth,govment_20,equal_21,hcabs_e8020,299.117,0.124995,99.5596,6081.9,0.157103,0.0467857,0.796111,0.404795,0.153968,0,0.846032
Prioritize ave. wealth,govment_20,equal_21,hcabs_e8020,425.097,0.124492,111.064,8613,0.0862698,0.0171032,0.896627,0.275862,0.402381,0,0.597619
Prioritize ave. wealth,govment_20,equal_21,hcabs_e8020,356.625,0.0953183,87.1578,7219.66,0.152222,0.0184524,0.829325,0.192537,0.662698,0,0.337302
Prioritize ave. wealth,govment_20,equal_21,hcabs_e8020,318.556,0.184874,76.2397,6447.35,0.142579,0.0429365,0.814484,0.144597,0.766667,0,0.233333
Prioritize ave. wealth,govment_20,equal_21,hcabs_e8020,450.225,0.145583,104.523,9109.03,0.0660714,0.0236111,0.910317,0.28062,0.499206,0,0.500794
Prioritize ave. wealth,govment_20,equal_21,hcabs_e8020,381.293,0.074828,88.1649,7714.02,0.0883333,0.03,0.881667,0.166446,0.697619,0,0.302381
Prioritize ave. wealth,govment_20,equal_21,hcabs_e8020,394.049,0.109932,108.961,7989.93,0.131746,0.0138492,0.854405,0.245739,0.54127,0,0.45873
Prioritize ave. wealth,govment_20,equal_21,hcabs_e8020,330.767,0.151265,80.9498,6696.3,0.131984,0.0414286,0.826587,0.283916,0.37381,0,0.62619
Prioritize ave. wealth,govment_20,equal_21,hcabs_e8020,309.101,0.241316,75.584,6257.6,0.122341,0.0634127,0.814246,0.122682,0.795238,0,0.204762
Prioritize ave. wealth,govment_20,equal_21,hcabs_e8020,407.479,0.144119,79.5653,8229.14,0.0943651,0.0215476,0.884087,0.153324,0.72381,0,0.27619
Prioritize ave. wealth,govment_20,equal_21,hcabs_e8020,415.294,0.0840379,95.2373,8401.11,0.0996032,0.0144841,0.885913,0.158865,0.765079,0,0.234921
Prioritize ave. wealth,govment_20,equal_21,hcabs_e8020,430.314,0.0646494,113.304,8719.58,0.0730952,0.0172222,0.909683,0.2567,0.497619,0,0.502381
Prioritize ave. wealth,govment_20,equal_21,hcabs_e8020,401.708,0.135407,108.923,8143.07,0.143333,0.00948413,0.847183,0.226969,0.515079,0,0.484921
Prioritize ave. wealth,govment_20,equal_21,hcabs_e8020,318.825,0.246109,85.8226,6462.33,0.139683,0.0516667,0.808651,0.267477,0.368254,0,0.631746
Prioritize ave. wealth,govment_20,equal_21,hcabs_e8020,391.1,0.0864761,140.99,7962.99,0.198929,0,0.801071,0.554483,0,0,1
Prioritize ave. wealth,govment_20,equal_21,hcabs_e8020,415.372,0.120386,97.4642,8404.91,0.0922222,0.0185714,0.889206,0.136646,0.753968,0,0.246032
Prioritize ave. wealth,govment_20,equal_21,hcabs_e8020,346.208,0.118621,82.7319,7006.89,0.0976984,0.0447222,0.857579,0.267341,0.515873,0,0.484127
Prioritize ave. wealth,govment_20,equal_21,hcabs_e8020,373,0.103941,83.2842,7543.28,0.112421,0.0278968,0.859683,0.254215,0.41746,0,0.58254
Prioritize ave. wealth,govment_20,equal_21,hcabs_e8020,404.572,0.0801443,108.915,8200.35,0.0969444,0.0207143,0.882341,0.355742,0.274603,0,0.725397
Prioritize ave. wealth,govment_20,equal_21,hcabs_e8020,236.592,0.172742,71.8067,4803.66,0.141825,0.084127,0.774048,0.235131,0.457937,0,0.542063
Prioritize ave. wealth,govment_20,equal_21,hcabs_e8020,337.169,0.157716,105.023,6848.4,0.125794,0.0392063,0.835,0.350649,0.269841,0,0.730159
Prioritize gov. wealth,govment_20,equal_21,hcabs_egpow,196.053,0.175339,3094.89,7015.95,0.0660317,0.0139286,0.92004,0.949543,0.415873,0.00714286,0.576984
Prioritize gov. wealth,govment_20,equal_21,hcabs_egpow,190.394,0.268235,2974.06,6781.94,0.093373,0.0242857,0.882341,0.901177,0.407143,0.0126984,0.580159
Prioritize gov. wealth,govment_20,equal_21,hcabs_egpow,186.473,0.201616,2980.75,6710.22,0.0802778,0.0234127,0.89631,0.901538,0.409524,0.0126984,0.577778
Prioritize gov. wealth,govment_20,equal_21,hcabs_egpow,195.704,0.189112,3074.34,6988.42,0.0876984,0.00797619,0.904325,0.949543,0.416667,0.00793651,0.575397
Prioritize gov. wealth,govment_20,equal_21,hcabs_egpow,190.4,0.224333,2993.43,6801.42,0.0530556,0.0381746,0.90877,1,0.418254,0,0.581746
Prioritize gov. wealth,govment_20,equal_21,hcabs_egpow,181.359,0.282714,2887.2,6514.38,0.171905,0.00599206,0.822103,0.849319,0.4,0.0206349,0.579365
Prioritize gov. wealth,govment_20,equal_21,hcabs_egpow,193.041,0.112398,3043.38,6904.2,0.0640476,0.0222222,0.91373,1,0.420635,0,0.579365
Prioritize gov. wealth,govment_20,equal_21,hcabs_egpow,188.462,0.213171,2989.51,6758.75,0.122103,0.0176984,0.860198,0.949924,0.412698,0.00634921,0.580952
Prioritize gov. wealth,govment_20,equal_21,hcabs_egpow,198.339,0.184774,3129.62,7096.4,0.0867857,0.0114286,0.901786,0.951225,0.420635,0.00555556,0.57381
Prioritize gov. wealth,govment_20,equal_21,hcabs_egpow,191.395,0.221564,3008.48,6836.37,0.0609921,0.0297222,0.909286,1,0.419048,0,0.580952
Prioritize gov. wealth,govment_20,equal_21,hcabs_egpow,176.735,0.247354,2790.76,6325.47,0.174762,0.0253968,0.799841,0.949543,0.404762,0.00634921,0.588889
Prioritize gov. wealth,govment_20,equal_21,hcabs_egpow,198.37,0.157898,3112.45,7079.85,0.0860317,0.0135714,0.900397,0.949924,0.420635,0.0047619,0.574603
Prioritize gov. wealth,govment_20,equal_21,hcabs_egpow,191.158,0.203056,3033.23,6856.39,0.106508,0.0210317,0.87246,0.949924,0.415079,0.00793651,0.576984
Prioritize gov. wealth,govment_20,equal_21,hcabs_egpow,187.78,0.264782,2959.19,6714.8,0.0952778,0.0138889,0.890833,0.849455,0.403175,0.018254,0.578571
Prioritize gov. wealth,govment_20,equal_21,hcabs_egpow,194.414,0.222998,3041.44,6929.72,0.0952381,0.0111111,0.893651,0.901177,0.411111,0.0150794,0.57381
Prioritize gov. wealth,govment_20,equal_21,hcabs_egpow,191.193,0.254495,3009.33,6833.18,0.0802778,0.0163889,0.903333,0.900961,0.410317,0.0119048,0.577778
Prioritize gov. wealth,govment_20,equal_21,hcabs_egpow,184.553,0.234255,2903.94,6595.01,0.0664286,0.0330952,0.900476,0.951225,0.409524,0.00634921,0.584127
Prioritize gov. wealth,govment_20,equal_21,hcabs_egpow,191.094,0.226363,2991.06,6812.94,0.129127,0.0128571,0.858016,0.949543,0.413492,0.00714286,0.579365
Prioritize gov. wealth,govment_20,equal_21,hcabs_egpow,195.117,0.137083,3064.73,6967.06,0.059127,0.0179365,0.922937,1,0.421429,0,0.578571
Prioritize gov. wealth,govment_20,equal_21,hcabs_egpow,207.979,0.0793869,3272.31,7431.9,0.0279762,0.00702381,0.965,1,0.430952,0,0.569048
Prioritize gov. wealth,govment_20,equal_21,hcabs_egpow,195.701,0.123856,3061.86,6975.88,0.0438889,0.0238492,0.932262,1,0.420635,0,0.579365
Prioritize gov. wealth,govment_20,equal_21,hcabs_egpow,197.861,0.0926741,3104.83,7062.04,0.0425,0.0169048,0.940595,1,0.423016,0,0.576984
Prioritize gov. wealth,govment_20,equal_21,hcabs_egpow,189.401,0.223945,2969.53,6757.56,0.0636905,0.0255952,0.910714,0.949924,0.409524,0.00952381,0.580952
Prioritize gov. wealth,govment_20,equal_21,hcabs_egpow,182.739,0.248424,2881.06,6535.85,0.143452,0.0115476,0.845,0.899135,0.400794,0.0166667,0.58254
Prioritize gov. wealth,govment_20,equal_21,hcabs_egpow,204.683,0.0964716,3205.21,7298.87,0.0586508,0.00353175,0.937817,1,0.427778,0,0.572222
Prioritize gov. wealth,govment_20,equal_21,hcabs_egpow,200.946,0.160317,3157.65,7176.56,0.0628571,0.00345238,0.93369,0.95153,0.419841,0.00793651,0.572222
Prioritize gov. wealth,govment_20,equal_21,hcabs_egpow,198.118,0.130266,3109.92,7072.28,0.0653968,0.0112302,0.923373,0.949848,0.418254,0.00873016,0.573016
Prioritize gov. wealth,govment_20,equal_21,hcabs_egpow,191.589,0.257978,2998.79,6830.58,0.140079,0.000238095,0.859683,0.848776,0.405556,0.018254,0.57619
Prioritize gov. wealth,govment_20,equal_21,hcabs_egpow,192.804,0.118632,3048.07,6904.14,0.0538492,0.0201984,0.925952,1,0.420635,0,0.579365
Prioritize gov. wealth,govment_20,equal_21,hcabs_egpow,205.588,0.102386,3227.7,7339.47,0.0459524,0.0059127,0.948135,1,0.428571,0,0.571429
Prioritize gov. wealth,govment_20,equal_21,hcabs_egpow,191.387,0.178557,3017.77,6845.5,0.0429762,0.0346032,0.922421,1,0.419048,0,0.580952
Prioritize gov. wealth,govment_20,equal_21,hcabs_egpow,193.99,0.206473,3065.99,6945.78,0.128889,0.0081746,0.862937,0.949924,0.41746,0.00555556,0.576984
Prioritize gov. wealth,govment_20,equal_21,hcabs_egpow,197.821,0.182381,3111.05,7067.46,0.0675,0.014246,0.918254,0.949543,0.419841,0.0047619,0.575397
Prioritize gov. wealth,govment_20,equal_21,hcabs_egpow,201.577,0.132025,3167.46,7198.99,0.0786508,0.00718254,0.914167,1,0.42619,0,0.57381
Prioritize gov. wealth,govment_20,equal_21,hcabs_egpow,189.863,0.254109,2959.41,6756.66,0.117659,0.0267857,0.855556,0.901177,0.407937,0.0126984,0.579365
Prioritize gov. wealth,govment_20,equal_21,hcabs_egpow,189.956,0.252046,2997.64,6796.76,0.1,0.0108333,0.889167,0.899712,0.407143,0.0174603,0.575397
Prioritize gov. wealth,govment_20,equal_21,hcabs_egpow,202.543,0.0956287,3181.85,7232.71,0.0395238,0.0113492,0.949127,1,0.42619,0,0.57381
Prioritize gov. wealth,govment_20,equal_21,hcabs_egpow,193.525,0.19803,3029.32,6899.82,0.0626984,0.0298016,0.9075,0.95153,0.414286,0.00793651,0.577778
Prioritize gov. wealth,govment_20,equal_21,hcabs_egpow,195.843,0.115297,3079.87,6996.73,0.0644841,0.0147619,0.920754,1,0.422222,0,0.577778
Prioritize gov. wealth,govment_20,equal_21,hcabs_egpow,188.415,0.146976,2961.23,6729.53,0.077381,0.0330556,0.889563,1,0.416667,0,0.583333
Prioritize gov. wealth,govment_20,equal_21,hcabs_egpow,194.804,0.194443,3066.44,6962.52,0.0751587,0.0175397,0.907302,0.949924,0.415873,0.00793651,0.57619
Prioritize gov. wealth,govment_20,equal_21,hcabs_egpow,197.736,0.156614,3123.41,7078.14,0.0760317,0.00412698,0.919841,0.951606,0.419841,0.00634921,0.57381
Prioritize gov. wealth,govment_20,equal_21,hcabs_egpow,195.218,0.198786,3099.47,7003.84,0.103452,0.0100794,0.886468,0.949543,0.418254,0.00555556,0.57619
Prioritize gov. wealth,govment_20,equal_21,hcabs_egpow,195.934,0.159846,3076.04,6994.73,0.0640476,0.0175,0.918452,1,0.422222,0,0.577778
Prioritize gov. wealth,govment_20,equal_21,hcabs_egpow,202.578,0.153376,3182.86,7234.43,0.0290079,0.0170635,0.953929,1,0.426984,0,0.573016
Prioritize gov. wealth,govment_20,equal_21,hcabs_egpow,200.591,0.115215,3153.19,7165.01,0.0605159,0.0101984,0.929286,1,0.425397,0,0.574603
Prioritize gov. wealth,govment_20,equal_21,hcabs_egpow,183.639,0.275187,2869.69,6542.47,0.10131,0.0369048,0.861786,0.89964,0.399206,0.0198413,0.580952
Prioritize gov. wealth,govment_20,equal_21,hcabs_egpow,192.964,0.234504,3048.39,6907.67,0.0871032,0.0198413,0.893056,0.949543,0.416667,0.0047619,0.578571
Prioritize gov. wealth,govment_20,equal_21,hcabs_egpow,190.043,0.167298,2978.31,6779.17,0.0954365,0.0155159,0.889048,0.949543,0.411905,0.00873016,0.579365
Prioritize gov. wealth,govment_20,equal_21,hcabs_egpow,190.589,0.185558,3007.47,6819.26,0.0830159,0.0197222,0.897262,1,0.419048,0,0.580952
Prioritize gov. wealth,govment_20,equal_21,hcabs_egpow,179.251,0.33074,2813.46,6398.49,0.177222,0.0204762,0.802302,0.799104,0.392063,0.0269841,0.580952
Prioritize gov. wealth,govment_20,equal_21,hcabs_egpow,201.146,0.13922,3166.26,7189.19,0.0765476,0.00698413,0.916468,0.951606,0.421429,0.00555556,0.573016
Prioritize gov. wealth,govment_20,equal_21,hcabs_egpow,200.347,0.138905,3138.06,7145,0.0381349,0.0109127,0.950952,0.951225,0.419841,0.00714286,0.573016
Prioritize gov. wealth,govment_20,equal_21,hcabs_egpow,197.73,0.106065,3094.22,7048.81,0.0441667,0.0196825,0.936151,1,0.422222,0,0.577778
Prioritize gov. wealth,govment_20,equal_21,hcabs_egpow,200.123,0.15292,3137.54,7139.99,0.0778571,0.00369048,0.918452,0.951606,0.418254,0.00952381,0.572222
Prioritize gov. wealth,govment_20,equal_21,hcabs_egpow,178.292,0.282088,2815.86,6381.7,0.111151,0.0399603,0.848889,0.949543,0.403175,0.00793651,0.588889
Prioritize gov. wealth,govment_20,equal_21,hcabs_egpow,190.191,0.218391,3010.4,6814.22,0.12246,0.0177381,0.859802,0.949543,0.415079,0.00634921,0.578571
Prioritize gov. wealth,govment_20,equal_21,hcabs_egpow,195.733,0.255135,3058.29,6972.95,0.125635,0.000357143,0.874008,0.79904,0.403175,0.0261905,0.570635
Prioritize gov. wealth,govment_20,equal_21,hcabs_egpow,198.103,0.144559,3101.61,7063.67,0.0644444,0.0148413,0.920714,1,0.42381,0,0.57619
Prioritize gov. wealth,govment_20,equal_21,hcabs_egpow,202.159,0.139265,3196.89,7240.07,0.0806349,0.00587302,0.913492,0.949543,0.422222,0.00634921,0.571429
Prioritize gov. wealth,govment_20,equal_21,hcabs_egpow,208.222,0.0868218,3255.18,7419.61,0.0288492,0.0072619,0.963889,1,0.430159,0,0.569841
Prioritize gov. wealth,govment_20,equal_21,hcabs_egpow,191.631,0.159359,3022.59,6855.21,0.0638889,0.0231746,0.912937,1,0.419841,0,0.580159
Prioritize gov. wealth,govment_20,equal_21,hcabs_egpow,190.446,0.232601,3031.93,6840.85,0.130516,0.00496032,0.864524,0.901033,0.411111,0.0142857,0.574603
Prioritize gov. wealth,govment_20,equal_21,hcabs_egpow,185.869,0.21095,2924.02,6641.4,0.0780159,0.0310714,0.890913,1,0.415079,0,0.584921
Prioritize gov. wealth,govment_20,equal_21,hcabs_egpow,194.14,0.149965,3048.38,6931.18,0.0688889,0.014127,0.916984,0.949924,0.414286,0.00873016,0.576984
Prioritize gov. wealth,govment_20,equal_21,hcabs_egpow,183.848,0.276533,2904.91,6581.88,0.133214,0.0180952,0.84869,0.849387,0.400794,0.0238095,0.575397
Prioritize gov. wealth,govment_20,equal_21,hcabs_egpow,189.693,0.17703,2979.15,6773.01,0.0840476,0.0214683,0.894484,0.949543,0.412698,0.00793651,0.579365
Prioritize gov. wealth,govment_20,equal_21,hcabs_egpow,189.419,0.208863,2970.37,6758.74,0.0888095,0.0220635,0.889127,0.899856,0.406349,0.0142857,0.579365
Prioritize gov. wealth,govment_20,equal_21,hcabs_egpow,180.972,0.220378,2903.73,6523.16,0.104206,0.0247222,0.871071,0.949543,0.410317,0.00793651,0.581746
Prioritize gov. wealth,govment_20,equal_21,hcabs_egpow,191.949,0.143967,3033.74,6872.72,0.0509921,0.0272619,0.921746,1,0.419841,0,0.580159
Prioritize gov. wealth,govment_20,equal_21,hcabs_egpow,195.287,0.164486,3073.26,6979,0.0965476,0.00861111,0.894841,0.95153,0.415873,0.00634921,0.577778
Prioritize gov. wealth,govment_20,equal_21,hcabs_egpow,202.779,0.0752373,3192.99,7248.56,0.0465476,0.00924603,0.944206,1,0.426984,0,0.573016
Prioritize gov. wealth,govment_20,equal_21,hcabs_egpow,188.908,0.246078,2986.92,6765.08,0.1225,0.01,0.8675,0.901105,0.406349,0.0174603,0.57619
Prioritize gov. wealth,govment_20,equal_21,hcabs_egpow,194.471,0.13896,3054.48,6943.89,0.0676984,0.00884921,0.923452,0.949543,0.413492,0.0119048,0.574603
Prioritize gov. wealth,govment_20,equal_21,hcabs_egpow,195.37,0.167205,3074.99,6982.39,0.0651984,0.0192063,0.915595,0.949543,0.418254,0.00555556,0.57619
Prioritize gov. wealth,govment_20,equal_21,hcabs_egpow,191.44,0.254352,3022.51,6851.32,0.136389,0.0116667,0.851944,0.849251,0.406349,0.0214286,0.572222
Prioritize gov. wealth,govment_20,equal_21,hcabs_egpow,199.296,0.0677875,3136.23,7122.16,0.040754,0.0144444,0.944802,1,0.424603,0,0.575397
Prioritize gov. wealth,govment_20,equal_21,hcabs_egpow,187.659,0.180147,2966.82,6719.99,0.0846429,0.0253175,0.89004,0.949924,0.411905,0.00714286,0.580952
Prioritize gov. wealth,govment_20,equal_21,hcabs_egpow,186.766,0.210538,2943.41,6678.73,0.0467857,0.0426587,0.910556,1,0.415873,0,0.584127
Prioritize gov. wealth,govment_20,equal_21,hcabs_egpow,198.197,0.188692,3119.12,7083.07,0.0894841,0.00230159,0.908214,0.899135,0.41746,0.0111111,0.571429
Prioritize gov. wealth,govment_20,equal_21,hcabs_egpow,185.656,0.282226,2900.64,6613.75,0.0994048,0.0269444,0.873651,0.901466,0.403968,0.0142857,0.581746
Prioritize gov. wealth,govment_20,equal_21,hcabs_egpow,195.297,0.21541,3076.98,6982.92,0.134008,0.00373016,0.862262,0.901458,0.413492,0.0134921,0.573016
Prioritize gov. wealth,govment_20,equal_21,hcabs_egpow,200.193,0.132731,3132.57,7136.42,0.0368254,0.0246429,0.938532,1,0.42381,0,0.57619
Prioritize gov. wealth,govment_20,equal_21,hcabs_egpow,197.492,0.166182,3090.5,7040.34,0.0689683,0.0121032,0.918929,0.949924,0.41746,0.00793651,0.574603
Prioritize gov. wealth,govment_20,equal_21,hcabs_egpow,183.363,0.270336,2881.22,6548.48,0.149167,0.0135714,0.837262,0.899495,0.401587,0.0166667,0.581746
Prioritize gov. wealth,govment_20,equal_21,hcabs_egpow,199.752,0.127105,3132.91,7127.95,0.0653968,0.0104365,0.924167,1,0.424603,0,0.575397
Prioritize gov. wealth,govment_20,equal_21,hcabs_egpow,200.542,0.105849,3126.12,7136.97,0.0439286,0.013373,0.942698,0.949543,0.41746,0.00873016,0.57381
Prioritize gov. wealth,govment_20,equal_21,hcabs_egpow,205.592,0.0698571,3239.41,7351.25,0.0289683,0.0090873,0.961944,1,0.428571,0,0.571429
Prioritize gov. wealth,govment_20,equal_21,hcabs_egpow,200.111,0.114305,3134.56,7136.77,0.0609524,0.0105952,0.928452,1,0.424603,0,0.575397
Prioritize gov. wealth,govment_20,equal_21,hcabs_egpow,188.53,0.240351,2960.12,6730.72,0.0829762,0.0165079,0.900516,0.904468,0.406349,0.0142857,0.579365
Prioritize gov. wealth,govment_20,equal_21,hcabs_egpow,201.612,0.12778,3161.07,7193.31,0.0504365,0.0113492,0.938214,1,0.425397,0,0.574603
Prioritize gov. wealth,govment_20,equal_21,hcabs_egpow,198.116,0.166658,3093.39,7055.72,0.098373,0.0034127,0.898214,0.951606,0.41746,0.00634921,0.57619
Prioritize gov. wealth,govment_20,equal_21,hcabs_egpow,197.493,0.130725,3090.87,7040.74,0.0543254,0.0171825,0.928492,1,0.422222,0,0.577778
Prioritize gov. wealth,govment_20,equal_21,hcabs_egpow,196.156,0.156211,3106.62,7029.74,0.0721032,0.0121032,0.915794,0.949848,0.416667,0.0103175,0.573016
Prioritize gov. wealth,govment_20,equal_21,hcabs_egpow,184.967,0.158499,2907.43,6606.77,0.0689286,0.0305952,0.900476,1,0.414286,0,0.585714
Prioritize gov. wealth,govment_20,equal_21,hcabs_egpow,185.131,0.213522,2919.93,6622.56,0.0948016,0.0248016,0.880397,0.94962,0.409524,0.00714286,0.583333
Prioritize gov. wealth,govment_20,equal_21,hcabs_egpow,199.687,0.117947,3121.25,7114.98,0.0571825,0.014127,0.92869,1,0.42381,0,0.57619
Prioritize gov. wealth,govment_20,equal_21,hcabs_egpow,201.38,0.0872025,3169.62,7197.23,0.0680952,0.00515873,0.926746,1,0.42619,0,0.57381
Prioritize gov. wealth,govment_20,equal_21,hcabs_egpow,199.302,0.15964,3135.86,7121.9,0.0670238,0.0121825,0.920794,0.949924,0.420635,0.00555556,0.57381
Prioritize gov. wealth,govment_20,equal_21,hcabs_egpow,195.604,0.130934,3099.21,7011.28,0.0826984,0.00853175,0.90877,0.949848,0.415873,0.00952381,0.574603
