Govment,Players,InitPops,hcabs,taxpay,AvePop,GiniIndex,Keep,Take,Give,GovWealth
none,hcabs_20,step_20,hcabs_snone,taxpay_snone,252.766,0.390168,0.212167,0.07275,0.715083,NAN
none,hcabs_20,step_20,hcabs_snone,taxpay_snone,345.885,0.385046,0.1525,0.0581667,0.789333,NAN
none,hcabs_20,step_20,hcabs_snone,taxpay_snone,297.409,0.378411,0.194458,0.04125,0.764292,NAN
none,hcabs_20,step_20,hcabs_snone,taxpay_snone,365.905,0.364556,0.141792,0.053375,0.804833,NAN
none,hcabs_20,step_20,hcabs_snone,taxpay_snone,305.349,0.49537,0.185167,0.05825,0.756583,NAN
none,hcabs_20,step_20,hcabs_snone,taxpay_snone,385.126,0.316632,0.169833,0.0267917,0.803375,NAN
none,hcabs_20,step_20,hcabs_snone,taxpay_snone,391.065,0.399365,0.168917,0.0255833,0.8055,NAN
none,hcabs_20,step_20,hcabs_snone,taxpay_snone,380.365,0.372888,0.150125,0.022125,0.82775,NAN
none,hcabs_20,step_20,hcabs_snone,taxpay_snone,271.21,0.377681,0.192708,0.0468333,0.760458,NAN
none,hcabs_20,step_20,hcabs_snone,taxpay_snone,249.747,0.530195,0.146292,0.0878333,0.765875,NAN
none,hcabs_20,step_20,hcabs_snone,taxpay_snone,229.039,0.391638,0.202375,0.09375,0.703875,NAN
none,hcabs_20,step_20,hcabs_snone,taxpay_snone,261.635,0.521317,0.248667,0.0357083,0.715625,NAN
none,hcabs_20,step_20,hcabs_snone,taxpay_snone,333.256,0.395891,0.22975,0.016125,0.754125,NAN
none,hcabs_20,step_20,hcabs_snone,taxpay_snone,303.919,0.335071,0.137,0.0552083,0.807792,NAN
none,hcabs_20,step_20,hcabs_snone,taxpay_snone,393.418,0.346166,0.158375,0.040125,0.8015,NAN
none,hcabs_20,step_20,hcabs_snone,taxpay_snone,345.963,0.402165,0.181833,0.0357917,0.782375,NAN
none,hcabs_20,step_20,hcabs_snone,taxpay_snone,344.924,0.358713,0.166375,0.037125,0.7965,NAN
none,hcabs_20,step_20,hcabs_snone,taxpay_snone,330.84,0.363955,0.214,0.0239167,0.762083,NAN
none,hcabs_20,step_20,hcabs_snone,taxpay_snone,277.229,0.305625,0.17625,0.0469167,0.776833,NAN
none,hcabs_20,step_20,hcabs_snone,taxpay_snone,385.653,0.426072,0.140083,0.0501667,0.80975,NAN
none,hcabs_20,step_20,hcabs_snone,taxpay_snone,390.75,0.362415,0.107208,0.031,0.861792,NAN
none,hcabs_20,step_20,hcabs_snone,taxpay_snone,349.193,0.443106,0.13575,0.052125,0.812125,NAN
none,hcabs_20,step_20,hcabs_snone,taxpay_snone,402.106,0.429329,0.14,0.0247917,0.835208,NAN
none,hcabs_20,step_20,hcabs_snone,taxpay_snone,312.403,0.332815,0.148417,0.05825,0.793333,NAN
none,hcabs_20,step_20,hcabs_snone,taxpay_snone,212.915,0.439375,0.176833,0.0955,0.727667,NAN
none,hcabs_20,step_20,hcabs_snone,taxpay_snone,211.893,0.450634,0.153042,0.095625,0.751333,NAN
none,hcabs_20,step_20,hcabs_snone,taxpay_snone,417.132,0.373081,0.109542,0.0132917,0.877167,NAN
none,hcabs_20,step_20,hcabs_snone,taxpay_snone,180.108,0.50551,0.244458,0.076,0.679542,NAN
none,hcabs_20,step_20,hcabs_snone,taxpay_snone,354.355,0.389573,0.186667,0.0360833,0.77725,NAN
none,hcabs_20,step_20,hcabs_snone,taxpay_snone,295.889,0.348261,0.158792,0.061,0.780208,NAN
none,hcabs_20,step_20,hcabs_snone,taxpay_snone,402.668,0.330885,0.108167,0.0317917,0.860042,NAN
none,hcabs_20,step_20,hcabs_snone,taxpay_snone,311.368,0.331531,0.137292,0.0552917,0.807417,NAN
none,hcabs_20,step_20,hcabs_snone,taxpay_snone,198.874,0.484641,0.221833,0.0857917,0.692375,NAN
none,hcabs_20,step_20,hcabs_snone,taxpay_snone,399.16,0.314403,0.19475,0.00129167,0.803958,NAN
none,hcabs_20,step_20,hcabs_snone,taxpay_snone,365.038,0.361758,0.201708,0.0187083,0.779583,NAN
none,hcabs_20,step_20,hcabs_snone,taxpay_snone,301.047,0.430456,0.158375,0.0485,0.793125,NAN
none,hcabs_20,step_20,hcabs_snone,taxpay_snone,341.775,0.359732,0.15025,0.0450833,0.804667,NAN
none,hcabs_20,step_20,hcabs_snone,taxpay_snone,324.812,0.411959,0.207292,0.0470833,0.745625,NAN
none,hcabs_20,step_20,hcabs_snone,taxpay_snone,325.685,0.438866,0.133875,0.08275,0.783375,NAN
none,hcabs_20,step_20,hcabs_snone,taxpay_snone,360.604,0.312836,0.202542,0.0202083,0.77725,NAN
none,hcabs_20,step_20,hcabs_snone,taxpay_snone,358.627,0.298774,0.153292,0.0195833,0.827125,NAN
none,hcabs_20,step_20,hcabs_snone,taxpay_snone,353.598,0.348162,0.217167,0.013375,0.769458,NAN
none,hcabs_20,step_20,hcabs_snone,taxpay_snone,315.664,0.448103,0.232125,0.0462917,0.721583,NAN
none,hcabs_20,step_20,hcabs_snone,taxpay_snone,412.403,0.295898,0.135292,0.0210417,0.843667,NAN
none,hcabs_20,step_20,hcabs_snone,taxpay_snone,317.487,0.389679,0.169292,0.05725,0.773458,NAN
none,hcabs_20,step_20,hcabs_snone,taxpay_snone,328.887,0.351076,0.171583,0.0515417,0.776875,NAN
none,hcabs_20,step_20,hcabs_snone,taxpay_snone,239.878,0.493332,0.3015,0.0405,0.658,NAN
none,hcabs_20,step_20,hcabs_snone,taxpay_snone,358.077,0.353428,0.145542,0.053625,0.800833,NAN
none,hcabs_20,step_20,hcabs_snone,taxpay_snone,309.451,0.546267,0.197333,0.069125,0.733542,NAN
none,hcabs_20,step_20,hcabs_snone,taxpay_snone,300.065,0.362992,0.224458,0.0514167,0.724125,NAN
none,hcabs_20,step_20,hcabs_snone,taxpay_snone,334.854,0.321205,0.13425,0.0370833,0.828667,NAN
none,hcabs_20,step_20,hcabs_snone,taxpay_snone,254.424,0.452776,0.238333,0.0524167,0.70925,NAN
none,hcabs_20,step_20,hcabs_snone,taxpay_snone,296.921,0.424353,0.176375,0.0682917,0.755333,NAN
none,hcabs_20,step_20,hcabs_snone,taxpay_snone,405.282,0.35966,0.142125,0.0199583,0.837917,NAN
none,hcabs_20,step_20,hcabs_snone,taxpay_snone,368.892,0.28532,0.118958,0.0263333,0.854708,NAN
none,hcabs_20,step_20,hcabs_snone,taxpay_snone,384.92,0.412912,0.1395,0.0414583,0.819042,NAN
none,hcabs_20,step_20,hcabs_snone,taxpay_snone,227.231,0.314726,0.213,0.0747917,0.712208,NAN
none,hcabs_20,step_20,hcabs_snone,taxpay_snone,326.489,0.366528,0.195792,0.038625,0.765583,NAN
none,hcabs_20,step_20,hcabs_snone,taxpay_snone,368.98,0.40867,0.186625,0.0325833,0.780792,NAN
none,hcabs_20,step_20,hcabs_snone,taxpay_snone,354.24,0.373974,0.176875,0.022875,0.80025,NAN
none,hcabs_20,step_20,hcabs_snone,taxpay_snone,370.826,0.383908,0.168458,0.0350833,0.796458,NAN
none,hcabs_20,step_20,hcabs_snone,taxpay_snone,298.318,0.479716,0.187333,0.0613333,0.751333,NAN
none,hcabs_20,step_20,hcabs_snone,taxpay_snone,388.127,0.40304,0.182667,0.0242917,0.793042,NAN
none,hcabs_20,step_20,hcabs_snone,taxpay_snone,342.864,0.365884,0.181125,0.0312083,0.787667,NAN
none,hcabs_20,step_20,hcabs_snone,taxpay_snone,328.417,0.333733,0.179542,0.0489583,0.7715,NAN
none,hcabs_20,step_20,hcabs_snone,taxpay_snone,305.763,0.407515,0.201125,0.0497083,0.749167,NAN
none,hcabs_20,step_20,hcabs_snone,taxpay_snone,343.611,0.36989,0.156417,0.048375,0.795208,NAN
none,hcabs_20,step_20,hcabs_snone,taxpay_snone,401.077,0.317579,0.210333,0.011,0.778667,NAN
none,hcabs_20,step_20,hcabs_snone,taxpay_snone,361.681,0.313814,0.126792,0.0404583,0.83275,NAN
none,hcabs_20,step_20,hcabs_snone,taxpay_snone,366.809,0.361465,0.22875,0.0199583,0.751292,NAN
none,hcabs_20,step_20,hcabs_snone,taxpay_snone,364.01,0.340715,0.207958,0.0255,0.766542,NAN
none,hcabs_20,step_20,hcabs_snone,taxpay_snone,373.967,0.347018,0.209583,0.0322083,0.758208,NAN
none,hcabs_20,step_20,hcabs_snone,taxpay_snone,330.197,0.294721,0.133667,0.0410833,0.82525,NAN
none,hcabs_20,step_20,hcabs_snone,taxpay_snone,430.697,0.309778,0.0950833,0.0312917,0.873625,NAN
none,hcabs_20,step_20,hcabs_snone,taxpay_snone,277.386,0.351997,0.199125,0.055125,0.74575,NAN
none,hcabs_20,step_20,hcabs_snone,taxpay_snone,290.934,0.38544,0.144625,0.0555417,0.799833,NAN
none,hcabs_20,step_20,hcabs_snone,taxpay_snone,313.482,0.334453,0.138083,0.0457083,0.816208,NAN
none,hcabs_20,step_20,hcabs_snone,taxpay_snone,323.566,0.384258,0.190458,0.0434167,0.766125,NAN
none,hcabs_20,step_20,hcabs_snone,taxpay_snone,298.186,0.401807,0.202458,0.0665417,0.731,NAN
none,hcabs_20,step_20,hcabs_snone,taxpay_snone,375.397,0.360397,0.173,0.03175,0.79525,NAN
none,hcabs_20,step_20,hcabs_snone,taxpay_snone,333.618,0.322434,0.173958,0.035125,0.790917,NAN
none,hcabs_20,step_20,hcabs_snone,taxpay_snone,446.314,0.36817,0.13225,0.00275,0.865,NAN
none,hcabs_20,step_20,hcabs_snone,taxpay_snone,423.607,0.31464,0.180583,0.000458333,0.818958,NAN
none,hcabs_20,step_20,hcabs_snone,taxpay_snone,326.477,0.370542,0.173125,0.0460417,0.780833,NAN
none,hcabs_20,step_20,hcabs_snone,taxpay_snone,350.878,0.336995,0.148875,0.045375,0.80575,NAN
none,hcabs_20,step_20,hcabs_snone,taxpay_snone,335.876,0.37115,0.174417,0.0437917,0.781792,NAN
none,hcabs_20,step_20,hcabs_snone,taxpay_snone,355.814,0.334798,0.157042,0.022625,0.820333,NAN
none,hcabs_20,step_20,hcabs_snone,taxpay_snone,413.315,0.394585,0.155417,0.0254583,0.819125,NAN
none,hcabs_20,step_20,hcabs_snone,taxpay_snone,264.559,0.465172,0.211833,0.062125,0.726042,NAN
none,hcabs_20,step_20,hcabs_snone,taxpay_snone,309.227,0.304441,0.18375,0.0430833,0.773167,NAN
none,hcabs_20,step_20,hcabs_snone,taxpay_snone,411.837,0.350552,0.174292,0.0115,0.814208,NAN
none,hcabs_20,step_20,hcabs_snone,taxpay_snone,382.727,0.405985,0.151708,0.035875,0.812417,NAN
none,hcabs_20,step_20,hcabs_snone,taxpay_snone,284.467,0.341089,0.141792,0.05425,0.803958,NAN
none,hcabs_20,step_20,hcabs_snone,taxpay_snone,396.554,0.36167,0.168917,0.013875,0.817208,NAN
none,hcabs_20,step_20,hcabs_snone,taxpay_snone,308.969,0.335474,0.191458,0.050875,0.757667,NAN
none,hcabs_20,step_20,hcabs_snone,taxpay_snone,366.359,0.33821,0.18275,0.019125,0.798125,NAN
none,hcabs_20,step_20,hcabs_snone,taxpay_snone,280.489,0.386869,0.143208,0.0563333,0.800458,NAN
none,hcabs_20,step_20,hcabs_snone,taxpay_snone,318.863,0.338255,0.14675,0.0402083,0.813042,NAN
none,hcabs_20,step_20,hcabs_snone,taxpay_snone,256.587,0.520584,0.236708,0.0670833,0.696208,NAN
none,hcabs_20,step_20,hcabs_snone,taxpay_snone,253.687,0.407545,0.172583,0.0754167,0.752,NAN
gov_step-20-80,govment_20,step_21,hcabs_s2080,taxpay_s2080,84.6412,0.325094,0.17381,0.0500794,0.776111,871.169
gov_step-20-80,govment_20,step_21,hcabs_s2080,taxpay_s2080,81.6466,0.207931,0.244881,0.0264286,0.72869,1210.84
gov_step-20-80,govment_20,step_21,hcabs_s2080,taxpay_s2080,51.6339,0.273076,0.199365,0.0826984,0.717937,847.738
gov_step-20-80,govment_20,step_21,hcabs_s2080,taxpay_s2080,48.4326,0.345176,0.231548,0.0284127,0.74004,819.125
gov_step-20-80,govment_20,step_21,hcabs_s2080,taxpay_s2080,45.3292,0.282902,0.272579,0.00992063,0.7175,798.702
gov_step-20-80,govment_20,step_21,hcabs_s2080,taxpay_s2080,53.5504,0.308381,0.263611,0.0791667,0.657222,787.01
gov_step-20-80,govment_20,step_21,hcabs_s2080,taxpay_s2080,48.8231,0.279879,0.311389,0.0128571,0.675754,893.441
gov_step-20-80,govment_20,step_21,hcabs_s2080,taxpay_s2080,45.75,0.293552,0.224365,0.0395238,0.736111,791.578
gov_step-20-80,govment_20,step_21,hcabs_s2080,taxpay_s2080,83.5558,0.166911,0.194444,0.0642857,0.74127,1113
gov_step-20-80,govment_20,step_21,hcabs_s2080,taxpay_s2080,45.3465,0.294277,0.235198,0.0423016,0.7225,779.816
gov_step-20-80,govment_20,step_21,hcabs_s2080,taxpay_s2080,49.2595,0.305204,0.233254,0.0606349,0.706111,798.524
gov_step-20-80,govment_20,step_21,hcabs_s2080,taxpay_s2080,30.7721,0.526048,0.286825,0.0407937,0.672381,566.993
gov_step-20-80,govment_20,step_21,hcabs_s2080,taxpay_s2080,29.6414,0.433081,0.211111,0.0375,0.751389,635.487
gov_step-20-80,govment_20,step_21,hcabs_s2080,taxpay_s2080,84.2412,0.217426,0.179008,0.0200397,0.800952,1065.53
gov_step-20-80,govment_20,step_21,hcabs_s2080,taxpay_s2080,43.1339,0.247905,0.297817,0.00968254,0.6925,682.294
gov_step-20-80,govment_20,step_21,hcabs_s2080,taxpay_s2080,49.4776,0.43735,0.231825,0.0473413,0.720833,783.854
gov_step-20-80,govment_20,step_21,hcabs_s2080,taxpay_s2080,39.5969,0.2991,0.311468,0.055873,0.632659,664.1
gov_step-20-80,govment_20,step_21,hcabs_s2080,taxpay_s2080,63.8205,0.171101,0.205159,0.0443254,0.750516,888.828
gov_step-20-80,govment_20,step_21,hcabs_s2080,taxpay_s2080,51.9943,0.17549,0.228254,0.0890476,0.682698,708.204
gov_step-20-80,govment_20,step_21,hcabs_s2080,taxpay_s2080,33.7646,0.506034,0.254524,0.0723413,0.673135,682.444
gov_step-20-80,govment_20,step_21,hcabs_s2080,taxpay_s2080,45.1835,0.382813,0.270556,0.069246,0.660198,627.277
gov_step-20-80,govment_20,step_21,hcabs_s2080,taxpay_s2080,75.3085,0.206524,0.18123,0.0474603,0.77131,941.943
gov_step-20-80,govment_20,step_21,hcabs_s2080,taxpay_s2080,71.8293,0.227762,0.246905,0.0485714,0.704524,892.591
gov_step-20-80,govment_20,step_21,hcabs_s2080,taxpay_s2080,46.5949,0.298572,0.303373,0.0516667,0.64496,902.608
gov_step-20-80,govment_20,step_21,hcabs_s2080,taxpay_s2080,46.6477,0.309623,0.241746,0.0673016,0.690952,850.276
gov_step-20-80,govment_20,step_21,hcabs_s2080,taxpay_s2080,59.6493,0.247498,0.274802,0.0401984,0.685,760.061
gov_step-20-80,govment_20,step_21,hcabs_s2080,taxpay_s2080,41.8216,0.395504,0.239921,0.0495635,0.710516,657.905
gov_step-20-80,govment_20,step_21,hcabs_s2080,taxpay_s2080,61.2408,0.230907,0.237976,0.0688889,0.693135,718.135
gov_step-20-80,govment_20,step_21,hcabs_s2080,taxpay_s2080,52.1181,0.2557,0.158571,0.0449603,0.796468,718.093
gov_step-20-80,govment_20,step_21,hcabs_s2080,taxpay_s2080,74.9402,0.210443,0.14377,0.0706746,0.785556,1070.05
gov_step-20-80,govment_20,step_21,hcabs_s2080,taxpay_s2080,57.6069,0.390477,0.256944,0.0840873,0.658968,706.748
gov_step-20-80,govment_20,step_21,hcabs_s2080,taxpay_s2080,54.7201,0.258428,0.243294,0.0490873,0.707619,821.959
gov_step-20-80,govment_20,step_21,hcabs_s2080,taxpay_s2080,44.3483,0.275204,0.231032,0.0980952,0.670873,704.074
gov_step-20-80,govment_20,step_21,hcabs_s2080,taxpay_s2080,37.6855,0.166094,0.213889,0.0907937,0.695317,591.021
gov_step-20-80,govment_20,step_21,hcabs_s2080,taxpay_s2080,41.3656,0.346427,0.29504,0.029246,0.675714,628.652
gov_step-20-80,govment_20,step_21,hcabs_s2080,taxpay_s2080,62.6282,0.253777,0.265635,0.0157937,0.718571,863.47
gov_step-20-80,govment_20,step_21,hcabs_s2080,taxpay_s2080,47.9717,0.159649,0.209405,0.052619,0.737976,909.342
gov_step-20-80,govment_20,step_21,hcabs_s2080,taxpay_s2080,58.6495,0.207653,0.169722,0.0698016,0.760476,828.115
gov_step-20-80,govment_20,step_21,hcabs_s2080,taxpay_s2080,49.6922,0.299849,0.250357,0.0264683,0.723175,862.532
gov_step-20-80,govment_20,step_21,hcabs_s2080,taxpay_s2080,69.0829,0.119962,0.146627,0.0430952,0.810278,858.842
gov_step-20-80,govment_20,step_21,hcabs_s2080,taxpay_s2080,81.5537,0.234392,0.230833,0.0387698,0.730397,975.342
gov_step-20-80,govment_20,step_21,hcabs_s2080,taxpay_s2080,47.4804,0.315517,0.230952,0.0775794,0.691468,684.136
gov_step-20-80,govment_20,step_21,hcabs_s2080,taxpay_s2080,73.56,0.11893,0.244762,0.0474603,0.707778,967.815
gov_step-20-80,govment_20,step_21,hcabs_s2080,taxpay_s2080,59.1684,0.225307,0.25377,0.0525397,0.69369,772.624
gov_step-20-80,govment_20,step_21,hcabs_s2080,taxpay_s2080,42.7655,0.331856,0.258452,0.0556746,0.685873,628.623
gov_step-20-80,govment_20,step_21,hcabs_s2080,taxpay_s2080,60.1378,0.142334,0.160675,0.0299603,0.809365,880.701
gov_step-20-80,govment_20,step_21,hcabs_s2080,taxpay_s2080,60.3266,0.300021,0.274444,0.00821429,0.717341,876.767
gov_step-20-80,govment_20,step_21,hcabs_s2080,taxpay_s2080,46.077,0.279013,0.262817,0.0976587,0.639524,661.913
gov_step-20-80,govment_20,step_21,hcabs_s2080,taxpay_s2080,68.2715,0.189443,0.246429,0.0515476,0.702024,911.555
gov_step-20-80,govment_20,step_21,hcabs_s2080,taxpay_s2080,43.1905,0.321927,0.247937,0.0560317,0.696032,619.813
gov_step-20-80,govment_20,step_21,hcabs_s2080,taxpay_s2080,53.5926,0.25659,0.202817,0.0607937,0.736389,816.974
gov_step-20-80,govment_20,step_21,hcabs_s2080,taxpay_s2080,35.9945,0.314604,0.340357,0.0152778,0.644365,763.739
gov_step-20-80,govment_20,step_21,hcabs_s2080,taxpay_s2080,53.8405,0.192931,0.245119,0.0056746,0.749206,846.159
gov_step-20-80,govment_20,step_21,hcabs_s2080,taxpay_s2080,57.0703,0.156194,0.258571,0.0838095,0.657619,790.054
gov_step-20-80,govment_20,step_21,hcabs_s2080,taxpay_s2080,71.5511,0.196877,0.220278,0.0149206,0.764802,1045.1
gov_step-20-80,govment_20,step_21,hcabs_s2080,taxpay_s2080,40.6056,0.359089,0.307698,0.0472222,0.645079,679.209
gov_step-20-80,govment_20,step_21,hcabs_s2080,taxpay_s2080,43.6236,0.327122,0.341786,0.0330952,0.625119,608.693
gov_step-20-80,govment_20,step_21,hcabs_s2080,taxpay_s2080,51.5991,0.27096,0.205,0.0474206,0.747579,889.611
gov_step-20-80,govment_20,step_21,hcabs_s2080,taxpay_s2080,90.8117,0.257276,0.10369,0.072381,0.823929,953.721
gov_step-20-80,govment_20,step_21,hcabs_s2080,taxpay_s2080,45.6992,0.369754,0.212302,0.0501587,0.73754,750.518
gov_step-20-80,govment_20,step_21,hcabs_s2080,taxpay_s2080,46.1117,0.317554,0.25004,0.0537698,0.69619,752.465
gov_step-20-80,govment_20,step_21,hcabs_s2080,taxpay_s2080,71.8902,0.302215,0.203135,0.0783333,0.718532,781.493
gov_step-20-80,govment_20,step_21,hcabs_s2080,taxpay_s2080,72.2519,0.188254,0.173889,0.0900397,0.736071,958.721
gov_step-20-80,govment_20,step_21,hcabs_s2080,taxpay_s2080,63.6173,0.311681,0.27246,0.0374603,0.690079,921.31
gov_step-20-80,govment_20,step_21,hcabs_s2080,taxpay_s2080,50.9818,0.234345,0.219841,0.0585317,0.721627,808.553
gov_step-20-80,govment_20,step_21,hcabs_s2080,taxpay_s2080,55.1898,0.258797,0.255992,0.0560317,0.687976,762.976
gov_step-20-80,govment_20,step_21,hcabs_s2080,taxpay_s2080,75.8946,0.276516,0.198333,0.0189286,0.782738,1085.45
gov_step-20-80,govment_20,step_21,hcabs_s2080,taxpay_s2080,48.7198,0.261445,0.244563,0.0577381,0.697698,786.646
gov_step-20-80,govment_20,step_21,hcabs_s2080,taxpay_s2080,46.9103,0.272118,0.239246,0.0803968,0.680357,704.976
gov_step-20-80,govment_20,step_21,hcabs_s2080,taxpay_s2080,65.5635,0.218634,0.130278,0.0810714,0.788651,996.861
gov_step-20-80,govment_20,step_21,hcabs_s2080,taxpay_s2080,51.3635,0.234351,0.268889,0.0495238,0.681587,799.909
gov_step-20-80,govment_20,step_21,hcabs_s2080,taxpay_s2080,65.699,0.278285,0.239087,0.0598413,0.701071,859.845
gov_step-20-80,govment_20,step_21,hcabs_s2080,taxpay_s2080,88.8863,0.224444,0.168373,0.0639286,0.767698,1174.21
gov_step-20-80,govment_20,step_21,hcabs_s2080,taxpay_s2080,79.3618,0.183932,0.181111,0.0686508,0.750238,860.956
gov_step-20-80,govment_20,step_21,hcabs_s2080,taxpay_s2080,61.0244,0.295166,0.248294,0.103056,0.648651,838.401
gov_step-20-80,govment_20,step_21,hcabs_s2080,taxpay_s2080,79.8768,0.216413,0.160833,0.0401587,0.799008,1058.32
gov_step-20-80,govment_20,step_21,hcabs_s2080,taxpay_s2080,62.4007,0.259201,0.266786,0.0414683,0.691746,858.023
gov_step-20-80,govment_20,step_21,hcabs_s2080,taxpay_s2080,35.3766,0.276458,0.296429,0.0760714,0.6275,623.193
gov_step-20-80,govment_20,step_21,hcabs_s2080,taxpay_s2080,107.314,0.163472,0.148333,0.0257937,0.825873,1334.68
gov_step-20-80,govment_20,step_21,hcabs_s2080,taxpay_s2080,60.5618,0.333912,0.166032,0.0455159,0.788452,935.616
gov_step-20-80,govment_20,step_21,hcabs_s2080,taxpay_s2080,72.1939,0.169181,0.238452,0.0379365,0.723611,1017.98
gov_step-20-80,govment_20,step_21,hcabs_s2080,taxpay_s2080,61.0052,0.193942,0.17254,0.0673016,0.760159,829.943
gov_step-20-80,govment_20,step_21,hcabs_s2080,taxpay_s2080,63.5488,0.327891,0.205992,0.0231746,0.770833,790.336
gov_step-20-80,govment_20,step_21,hcabs_s2080,taxpay_s2080,102.96,0.284309,0.25869,0.015873,0.725437,1106.81
gov_step-20-80,govment_20,step_21,hcabs_s2080,taxpay_s2080,65.0203,0.116379,0.217421,0.0897222,0.692857,818.364
gov_step-20-80,govment_20,step_21,hcabs_s2080,taxpay_s2080,41.6027,0.362405,0.189762,0.101349,0.708889,815.117
gov_step-20-80,govment_20,step_21,hcabs_s2080,taxpay_s2080,66.7844,0.263881,0.280198,0.0337698,0.686032,934.069
gov_step-20-80,govment_20,step_21,hcabs_s2080,taxpay_s2080,75.916,0.234854,0.150992,0.0621429,0.786865,1044.99
gov_step-20-80,govment_20,step_21,hcabs_s2080,taxpay_s2080,43.0218,0.150881,0.241389,0.0737302,0.684881,628.556
gov_step-20-80,govment_20,step_21,hcabs_s2080,taxpay_s2080,41.5044,0.33309,0.276111,0.0262698,0.697619,687.242
gov_step-20-80,govment_20,step_21,hcabs_s2080,taxpay_s2080,37.8498,0.335223,0.244365,0.095754,0.659881,596.771
gov_step-20-80,govment_20,step_21,hcabs_s2080,taxpay_s2080,73.1966,0.140942,0.183889,0.0544048,0.761706,966.156
gov_step-20-80,govment_20,step_21,hcabs_s2080,taxpay_s2080,59.3678,0.274522,0.200516,0.025119,0.774365,852.708
gov_step-20-80,govment_20,step_21,hcabs_s2080,taxpay_s2080,37.8954,0.364819,0.250159,0.0788095,0.671032,620.526
gov_step-20-80,govment_20,step_21,hcabs_s2080,taxpay_s2080,51.2471,0.276236,0.272302,0.0394444,0.688254,878.511
gov_step-20-80,govment_20,step_21,hcabs_s2080,taxpay_s2080,40.427,0.324992,0.261389,0.0460714,0.69254,646.34
gov_step-20-80,govment_20,step_21,hcabs_s2080,taxpay_s2080,49.0175,0.381586,0.213492,0.0514286,0.735079,744.627
gov_step-20-80,govment_20,step_21,hcabs_s2080,taxpay_s2080,83.1544,0.13423,0.233849,0.0151984,0.750952,1019.21
gov_step-20-80,govment_20,step_21,hcabs_s2080,taxpay_s2080,41.6887,0.242938,0.266429,0.0521032,0.681468,769.194
gov_step-20-80,govment_20,step_21,hcabs_s2080,taxpay_s2080,44.7228,0.245519,0.298929,0.0575,0.643571,717.255
gov_step-50-50,govment_20,step_21,hcabs_s5050,taxpay_s5050,175.526,0.5393,0.255476,0.0968254,0.647698,149.118
gov_step-50-50,govment_20,step_21,hcabs_s5050,taxpay_s5050,330.52,0.333765,0.168095,0.0427778,0.789127,275.024
gov_step-50-50,govment_20,step_21,hcabs_s5050,taxpay_s5050,260.468,0.248247,0.201587,0.0516667,0.746746,251.672
gov_step-50-50,govment_20,step_21,hcabs_s5050,taxpay_s5050,240.657,0.324801,0.18623,0.0703571,0.743413,219.473
gov_step-50-50,govment_20,step_21,hcabs_s5050,taxpay_s5050,307.335,0.296766,0.198452,0.0286111,0.772937,276.007
gov_step-50-50,govment_20,step_21,hcabs_s5050,taxpay_s5050,399.922,0.210262,0.135119,0.00468254,0.860198,351.964
gov_step-50-50,govment_20,step_21,hcabs_s5050,taxpay_s5050,374.951,0.167043,0.204246,0.00234127,0.793413,376.993
gov_step-50-50,govment_20,step_21,hcabs_s5050,taxpay_s5050,226.19,0.344694,0.199206,0.0844841,0.71631,210.417
gov_step-50-50,govment_20,step_21,hcabs_s5050,taxpay_s5050,387.962,0.249562,0.146825,0.0113889,0.841786,343.468
gov_step-50-50,govment_20,step_21,hcabs_s5050,taxpay_s5050,406.856,0.293193,0.128452,3.96825e-05,0.871508,312.467
gov_step-50-50,govment_20,step_21,hcabs_s5050,taxpay_s5050,313.446,0.263351,0.201508,0.0309524,0.76754,287.8
gov_step-50-50,govment_20,step_21,hcabs_s5050,taxpay_s5050,355.519,0.219811,0.230079,0.00031746,0.769603,341.627
gov_step-50-50,govment_20,step_21,hcabs_s5050,taxpay_s5050,383.977,0.282783,0.145675,0.02,0.834325,354.236
gov_step-50-50,govment_20,step_21,hcabs_s5050,taxpay_s5050,349.689,0.239135,0.169246,0.0227381,0.808016,308.485
gov_step-50-50,govment_20,step_21,hcabs_s5050,taxpay_s5050,271.129,0.29957,0.18127,0.0581349,0.760595,283.549
gov_step-50-50,govment_20,step_21,hcabs_s5050,taxpay_s5050,283.378,0.243996,0.210357,0.0427381,0.746905,260.23
gov_step-50-50,govment_20,step_21,hcabs_s5050,taxpay_s5050,263.626,0.31818,0.178651,0.073254,0.748095,225.084
gov_step-50-50,govment_20,step_21,hcabs_s5050,taxpay_s5050,311.512,0.251314,0.168214,0.035119,0.796667,277.032
gov_step-50-50,govment_20,step_21,hcabs_s5050,taxpay_s5050,315.503,0.253299,0.28619,0.0250397,0.68877,314.855
gov_step-50-50,govment_20,step_21,hcabs_s5050,taxpay_s5050,310.475,0.266124,0.229325,0.0246429,0.746032,270.667
gov_step-50-50,govment_20,step_21,hcabs_s5050,taxpay_s5050,308.32,0.250988,0.155794,0.0471429,0.797063,312.026
gov_step-50-50,govment_20,step_21,hcabs_s5050,taxpay_s5050,248.828,0.308335,0.232897,0.0659524,0.701151,206.058
gov_step-50-50,govment_20,step_21,hcabs_s5050,taxpay_s5050,329.029,0.337858,0.219167,0.0184524,0.762381,256.602
gov_step-50-50,govment_20,step_21,hcabs_s5050,taxpay_s5050,283.602,0.286025,0.163413,0.0475397,0.789048,264.394
gov_step-50-50,govment_20,step_21,hcabs_s5050,taxpay_s5050,301.236,0.230279,0.178373,0.0434921,0.778135,281.648
gov_step-50-50,govment_20,step_21,hcabs_s5050,taxpay_s5050,279.315,0.208186,0.139881,0.0586508,0.801468,268.735
gov_step-50-50,govment_20,step_21,hcabs_s5050,taxpay_s5050,345.871,0.301492,0.159246,0.035754,0.805,290.419
gov_step-50-50,govment_20,step_21,hcabs_s5050,taxpay_s5050,328.784,0.287043,0.128016,0.0503175,0.821667,301.46
gov_step-50-50,govment_20,step_21,hcabs_s5050,taxpay_s5050,282.078,0.278321,0.22869,0.0403968,0.730913,237.179
gov_step-50-50,govment_20,step_21,hcabs_s5050,taxpay_s5050,299.422,0.265128,0.130079,0.0860714,0.783849,255.2
gov_step-50-50,govment_20,step_21,hcabs_s5050,taxpay_s5050,246.996,0.200893,0.173056,0.067619,0.759325,243.224
gov_step-50-50,govment_20,step_21,hcabs_s5050,taxpay_s5050,268.188,0.253955,0.235397,0.0422619,0.722341,256.247
gov_step-50-50,govment_20,step_21,hcabs_s5050,taxpay_s5050,246.041,0.197573,0.25,0.0386508,0.711349,205.388
gov_step-50-50,govment_20,step_21,hcabs_s5050,taxpay_s5050,251.772,0.427086,0.208532,0.0645635,0.726905,189.894
gov_step-50-50,govment_20,step_21,hcabs_s5050,taxpay_s5050,305.036,0.28943,0.179643,0.0237302,0.796627,276.351
gov_step-50-50,govment_20,step_21,hcabs_s5050,taxpay_s5050,299.563,0.268395,0.266706,0.026746,0.706548,298.517
gov_step-50-50,govment_20,step_21,hcabs_s5050,taxpay_s5050,275.727,0.253948,0.169286,0.0434127,0.787302,232.204
gov_step-50-50,govment_20,step_21,hcabs_s5050,taxpay_s5050,393.972,0.210547,0.164127,0.00781746,0.828056,351.409
gov_step-50-50,govment_20,step_21,hcabs_s5050,taxpay_s5050,321.825,0.265318,0.201071,0.0275,0.771429,275.823
gov_step-50-50,govment_20,step_21,hcabs_s5050,taxpay_s5050,291.746,0.278233,0.211468,0.0311905,0.757341,270.707
gov_step-50-50,govment_20,step_21,hcabs_s5050,taxpay_s5050,358.782,0.258488,0.212262,0.0123413,0.775397,369.768
gov_step-50-50,govment_20,step_21,hcabs_s5050,taxpay_s5050,348.843,0.250253,0.20877,0.00900794,0.782222,294.561
gov_step-50-50,govment_20,step_21,hcabs_s5050,taxpay_s5050,314.314,0.24501,0.227262,0.0195238,0.753214,270.563
gov_step-50-50,govment_20,step_21,hcabs_s5050,taxpay_s5050,330.566,0.31102,0.213333,0.00702381,0.779643,274.222
gov_step-50-50,govment_20,step_21,hcabs_s5050,taxpay_s5050,382.578,0.267725,0.206468,0.016746,0.776786,383.345
gov_step-50-50,govment_20,step_21,hcabs_s5050,taxpay_s5050,382.882,0.195692,0.185754,0,0.814246,353.752
gov_step-50-50,govment_20,step_21,hcabs_s5050,taxpay_s5050,269.168,0.339259,0.232421,0.0543651,0.713214,226.266
gov_step-50-50,govment_20,step_21,hcabs_s5050,taxpay_s5050,287.493,0.198381,0.194246,0.0359524,0.769802,286.28
gov_step-50-50,govment_20,step_21,hcabs_s5050,taxpay_s5050,295.192,0.351583,0.199563,0.0497619,0.750675,284.159
gov_step-50-50,govment_20,step_21,hcabs_s5050,taxpay_s5050,359.632,0.248836,0.166825,0.015,0.818175,296.305
gov_step-50-50,govment_20,step_21,hcabs_s5050,taxpay_s5050,316.653,0.232104,0.195556,0.0176984,0.786746,304.607
gov_step-50-50,govment_20,step_21,hcabs_s5050,taxpay_s5050,353.899,0.238693,0.179365,0.0155159,0.805119,347.783
gov_step-50-50,govment_20,step_21,hcabs_s5050,taxpay_s5050,197.511,0.303379,0.24746,0.0704365,0.682103,177.814
gov_step-50-50,govment_20,step_21,hcabs_s5050,taxpay_s5050,330.489,0.263345,0.159087,0.0373413,0.803571,327.809
gov_step-50-50,govment_20,step_21,hcabs_s5050,taxpay_s5050,374.873,0.306924,0.210238,0.0090873,0.780675,297.294
gov_step-50-50,govment_20,step_21,hcabs_s5050,taxpay_s5050,252.645,0.265494,0.244444,0.0614286,0.694127,258.197
gov_step-50-50,govment_20,step_21,hcabs_s5050,taxpay_s5050,259.477,0.320167,0.241865,0.0489683,0.709167,203.415
gov_step-50-50,govment_20,step_21,hcabs_s5050,taxpay_s5050,318.869,0.236463,0.214881,0.0276587,0.75746,312.339
gov_step-50-50,govment_20,step_21,hcabs_s5050,taxpay_s5050,292.16,0.2742,0.244841,0.0311111,0.724048,242.251
gov_step-50-50,govment_20,step_21,hcabs_s5050,taxpay_s5050,380.591,0.183829,0.152421,0.010119,0.83746,381.182
gov_step-50-50,govment_20,step_21,hcabs_s5050,taxpay_s5050,243.697,0.232742,0.215159,0.0523413,0.7325,191.469
gov_step-50-50,govment_20,step_21,hcabs_s5050,taxpay_s5050,375.897,0.21907,0.168413,0.00468254,0.826905,375.504
gov_step-50-50,govment_20,step_21,hcabs_s5050,taxpay_s5050,383.027,0.268721,0.179167,0.00884921,0.811984,328.515
gov_step-50-50,govment_20,step_21,hcabs_s5050,taxpay_s5050,297.309,0.379887,0.164762,0.0794048,0.755833,250.691
gov_step-50-50,govment_20,step_21,hcabs_s5050,taxpay_s5050,265.181,0.238655,0.217579,0.0443651,0.738056,234.178
gov_step-50-50,govment_20,step_21,hcabs_s5050,taxpay_s5050,274.4,0.193423,0.249881,0.0359524,0.714167,262.907
gov_step-50-50,govment_20,step_21,hcabs_s5050,taxpay_s5050,357.71,0.327825,0.200159,0.0306349,0.769206,323.518
gov_step-50-50,govment_20,step_21,hcabs_s5050,taxpay_s5050,300.766,0.208508,0.206508,0.0350397,0.758452,259.645
gov_step-50-50,govment_20,step_21,hcabs_s5050,taxpay_s5050,369.117,0.320491,0.214881,0.000277778,0.784841,293.569
gov_step-50-50,govment_20,step_21,hcabs_s5050,taxpay_s5050,384.04,0.256941,0.167103,0.00380952,0.829087,387.829
gov_step-50-50,govment_20,step_21,hcabs_s5050,taxpay_s5050,298.344,0.268943,0.24619,0.0363095,0.7175,252.608
gov_step-50-50,govment_20,step_21,hcabs_s5050,taxpay_s5050,369.138,0.315849,0.135119,0.0225397,0.842341,303.188
gov_step-50-50,govment_20,step_21,hcabs_s5050,taxpay_s5050,268.47,0.270948,0.196032,0.0593254,0.744643,260.84
gov_step-50-50,govment_20,step_21,hcabs_s5050,taxpay_s5050,204.647,0.338207,0.215159,0.097381,0.68746,162.592
gov_step-50-50,govment_20,step_21,hcabs_s5050,taxpay_s5050,318.338,0.263202,0.185516,0.0393254,0.775159,282.389
gov_step-50-50,govment_20,step_21,hcabs_s5050,taxpay_s5050,355.726,0.254825,0.207857,0.00277778,0.789365,311.311
gov_step-50-50,govment_20,step_21,hcabs_s5050,taxpay_s5050,215.402,0.299539,0.167262,0.10504,0.727698,188.794
gov_step-50-50,govment_20,step_21,hcabs_s5050,taxpay_s5050,330.095,0.273837,0.174683,0.0290476,0.79627,340.678
gov_step-50-50,govment_20,step_21,hcabs_s5050,taxpay_s5050,302.914,0.38782,0.203056,0.0398016,0.757143,202.95
gov_step-50-50,govment_20,step_21,hcabs_s5050,taxpay_s5050,313.438,0.255904,0.236349,0.00718254,0.756468,277.656
gov_step-50-50,govment_20,step_21,hcabs_s5050,taxpay_s5050,190.721,0.25001,0.222778,0.0906349,0.686587,175.2
gov_step-50-50,govment_20,step_21,hcabs_s5050,taxpay_s5050,256.993,0.319803,0.208373,0.0550397,0.736587,208.864
gov_step-50-50,govment_20,step_21,hcabs_s5050,taxpay_s5050,374.084,0.217531,0.170833,0,0.829167,359.192
gov_step-50-50,govment_20,step_21,hcabs_s5050,taxpay_s5050,302.858,0.376483,0.240873,0.0244841,0.734643,239.069
gov_step-50-50,govment_20,step_21,hcabs_s5050,taxpay_s5050,237.615,0.415774,0.292619,0.0471032,0.660278,200.344
gov_step-50-50,govment_20,step_21,hcabs_s5050,taxpay_s5050,361.259,0.262714,0.189603,0.00579365,0.804603,295.807
gov_step-50-50,govment_20,step_21,hcabs_s5050,taxpay_s5050,352.333,0.196012,0.162302,0.0132937,0.824405,334.618
gov_step-50-50,govment_20,step_21,hcabs_s5050,taxpay_s5050,313.284,0.214196,0.195635,0.0340873,0.770278,278.922
gov_step-50-50,govment_20,step_21,hcabs_s5050,taxpay_s5050,307.636,0.252056,0.191032,0.0448016,0.764167,277.461
gov_step-50-50,govment_20,step_21,hcabs_s5050,taxpay_s5050,221.659,0.182823,0.179643,0.0786111,0.741746,210.83
gov_step-50-50,govment_20,step_21,hcabs_s5050,taxpay_s5050,311.163,0.344425,0.240476,0.0146032,0.744921,228.958
gov_step-50-50,govment_20,step_21,hcabs_s5050,taxpay_s5050,282.597,0.463081,0.219563,0.0540079,0.726429,247.79
gov_step-50-50,govment_20,step_21,hcabs_s5050,taxpay_s5050,323.885,0.191213,0.190159,0.0388889,0.770952,295.736
gov_step-50-50,govment_20,step_21,hcabs_s5050,taxpay_s5050,357.307,0.153142,0.128968,0.0230952,0.847937,371.589
gov_step-50-50,govment_20,step_21,hcabs_s5050,taxpay_s5050,297.571,0.29702,0.154008,0.045,0.800992,257.246
gov_step-50-50,govment_20,step_21,hcabs_s5050,taxpay_s5050,245.596,0.310808,0.274484,0.0549206,0.670595,263.847
gov_step-50-50,govment_20,step_21,hcabs_s5050,taxpay_s5050,336.265,0.23636,0.148254,0.0429365,0.80881,315.292
gov_step-50-50,govment_20,step_21,hcabs_s5050,taxpay_s5050,247.28,0.436967,0.198016,0.0747222,0.727262,197.214
gov_step-50-50,govment_20,step_21,hcabs_s5050,taxpay_s5050,396.062,0.193855,0.161667,0.00535714,0.832976,388.806
gov_step-50-50,govment_20,step_21,hcabs_s5050,taxpay_s5050,304.81,0.234055,0.13246,0.0626984,0.804841,266.63
gov_step-80-20,govment_20,step_21,hcabs_s8020,taxpay_s8020,279.229,0.271155,0.202698,0.036627,0.760675,338.71
gov_step-80-20,govment_20,step_21,hcabs_s8020,taxpay_s8020,252.509,0.308586,0.20127,0.0573413,0.741389,317.096
gov_step-80-20,govment_20,step_21,hcabs_s8020,taxpay_s8020,291.085,0.415927,0.18,0.0504762,0.769524,316.693
gov_step-80-20,govment_20,step_21,hcabs_s8020,taxpay_s8020,421.726,0.35117,0.107063,0.00900794,0.883929,495.092
gov_step-80-20,govment_20,step_21,hcabs_s8020,taxpay_s8020,318.591,0.257397,0.17377,0.030754,0.795476,368.745
gov_step-80-20,govment_20,step_21,hcabs_s8020,taxpay_s8020,332.721,0.317035,0.133016,0.0365476,0.830437,395.978
gov_step-80-20,govment_20,step_21,hcabs_s8020,taxpay_s8020,358.589,0.297306,0.0708333,0.0536508,0.875516,449.286
gov_step-80-20,govment_20,step_21,hcabs_s8020,taxpay_s8020,269.859,0.289131,0.121508,0.0640476,0.814444,326.876
gov_step-80-20,govment_20,step_21,hcabs_s8020,taxpay_s8020,333.981,0.361688,0.139603,0.0405556,0.819841,393.312
gov_step-80-20,govment_20,step_21,hcabs_s8020,taxpay_s8020,363.087,0.301004,0.132857,0.0251984,0.841944,461.61
gov_step-80-20,govment_20,step_21,hcabs_s8020,taxpay_s8020,350.909,0.291177,0.159643,0.0147222,0.825635,448.225
gov_step-80-20,govment_20,step_21,hcabs_s8020,taxpay_s8020,376.238,0.304056,0.141429,0.0352381,0.823333,473.435
gov_step-80-20,govment_20,step_21,hcabs_s8020,taxpay_s8020,376.037,0.351157,0.148095,0.0156349,0.83627,439.759
gov_step-80-20,govment_20,step_21,hcabs_s8020,taxpay_s8020,342.038,0.331127,0.174841,0.026627,0.798532,409.781
gov_step-80-20,govment_20,step_21,hcabs_s8020,taxpay_s8020,363.964,0.281277,0.219008,0,0.780992,421.372
gov_step-80-20,govment_20,step_21,hcabs_s8020,taxpay_s8020,284.243,0.316306,0.115,0.0661111,0.818889,371.757
gov_step-80-20,govment_20,step_21,hcabs_s8020,taxpay_s8020,353.078,0.308653,0.158532,0.0304762,0.810992,417.743
gov_step-80-20,govment_20,step_21,hcabs_s8020,taxpay_s8020,301.402,0.316008,0.123651,0.0461508,0.830198,369.478
gov_step-80-20,govment_20,step_21,hcabs_s8020,taxpay_s8020,323.74,0.306024,0.105437,0.0491667,0.845397,393.062
gov_step-80-20,govment_20,step_21,hcabs_s8020,taxpay_s8020,349.514,0.334558,0.150952,0.0332143,0.815833,439.817
gov_step-80-20,govment_20,step_21,hcabs_s8020,taxpay_s8020,373.897,0.265887,0.154087,0.0155556,0.830357,469.506
gov_step-80-20,govment_20,step_21,hcabs_s8020,taxpay_s8020,321.542,0.329959,0.149325,0.0397222,0.810952,376.656
gov_step-80-20,govment_20,step_21,hcabs_s8020,taxpay_s8020,375.5,0.412179,0.164722,0.0285317,0.806746,435.176
gov_step-80-20,govment_20,step_21,hcabs_s8020,taxpay_s8020,326.404,0.332712,0.214484,0.0165873,0.768929,411.464
gov_step-80-20,govment_20,step_21,hcabs_s8020,taxpay_s8020,370.911,0.313119,0.181349,0.0145635,0.804087,453.095
gov_step-80-20,govment_20,step_21,hcabs_s8020,taxpay_s8020,274.609,0.298763,0.199444,0.0610714,0.739484,329.692
gov_step-80-20,govment_20,step_21,hcabs_s8020,taxpay_s8020,390.143,0.303753,0.104008,0.011746,0.884246,476.304
gov_step-80-20,govment_20,step_21,hcabs_s8020,taxpay_s8020,368.185,0.280904,0.15623,0.0137698,0.83,456.458
gov_step-80-20,govment_20,step_21,hcabs_s8020,taxpay_s8020,314.847,0.307336,0.0844841,0.0548413,0.860675,391.271
gov_step-80-20,govment_20,step_21,hcabs_s8020,taxpay_s8020,267.945,0.407942,0.149841,0.0640079,0.786151,331.633
gov_step-80-20,govment_20,step_21,hcabs_s8020,taxpay_s8020,244.943,0.358178,0.234921,0.0616667,0.703413,288.393
gov_step-80-20,govment_20,step_21,hcabs_s8020,taxpay_s8020,321.591,0.316954,0.183532,0.0225794,0.793889,384.946
gov_step-80-20,govment_20,step_21,hcabs_s8020,taxpay_s8020,269.63,0.323009,0.151389,0.0540079,0.794603,305.523
gov_step-80-20,govment_20,step_21,hcabs_s8020,taxpay_s8020,317.181,0.407897,0.12996,0.0694444,0.800595,356.663
gov_step-80-20,govment_20,step_21,hcabs_s8020,taxpay_s8020,292.068,0.352663,0.134167,0.0642857,0.801548,355.894
gov_step-80-20,govment_20,step_21,hcabs_s8020,taxpay_s8020,319.598,0.287131,0.160437,0.0330952,0.806468,372.186
gov_step-80-20,govment_20,step_21,hcabs_s8020,taxpay_s8020,264.388,0.353188,0.173532,0.0500397,0.776429,327.284
gov_step-80-20,govment_20,step_21,hcabs_s8020,taxpay_s8020,339.229,0.350156,0.132817,0.0355556,0.831627,414.97
gov_step-80-20,govment_20,step_21,hcabs_s8020,taxpay_s8020,164.985,0.432484,0.27873,0.102302,0.618968,209.401
gov_step-80-20,govment_20,step_21,hcabs_s8020,taxpay_s8020,383.839,0.318492,0.112063,0.0101984,0.877738,477.119
gov_step-80-20,govment_20,step_21,hcabs_s8020,taxpay_s8020,427.54,0.301878,0.0875,0.0146429,0.897857,524.758
gov_step-80-20,govment_20,step_21,hcabs_s8020,taxpay_s8020,219.866,0.505203,0.225079,0.0763492,0.698571,274.456
gov_step-80-20,govment_20,step_21,hcabs_s8020,taxpay_s8020,257.125,0.389457,0.138571,0.073254,0.788175,301.675
gov_step-80-20,govment_20,step_21,hcabs_s8020,taxpay_s8020,284.767,0.357442,0.143135,0.042619,0.814246,337.558
gov_step-80-20,govment_20,step_21,hcabs_s8020,taxpay_s8020,381.199,0.278436,0.162381,0.0144444,0.823175,474.907
gov_step-80-20,govment_20,step_21,hcabs_s8020,taxpay_s8020,380.1,0.351982,0.140357,0.0396429,0.82,460.464
gov_step-80-20,govment_20,step_21,hcabs_s8020,taxpay_s8020,345.476,0.32481,0.13619,0.0330556,0.830754,409.879
gov_step-80-20,govment_20,step_21,hcabs_s8020,taxpay_s8020,361.675,0.349494,0.128929,0.0338889,0.837183,439.1
gov_step-80-20,govment_20,step_21,hcabs_s8020,taxpay_s8020,397.926,0.277825,0.122063,0.00686508,0.871071,478.217
gov_step-80-20,govment_20,step_21,hcabs_s8020,taxpay_s8020,361.622,0.260383,0.15877,0.0150794,0.826151,439.258
gov_step-80-20,govment_20,step_21,hcabs_s8020,taxpay_s8020,227.463,0.300315,0.146587,0.097381,0.756032,286.119
gov_step-80-20,govment_20,step_21,hcabs_s8020,taxpay_s8020,359.18,0.296176,0.150516,0.0150794,0.834405,406.222
gov_step-80-20,govment_20,step_21,hcabs_s8020,taxpay_s8020,357.037,0.398889,0.127183,0.0615873,0.81123,425.898
gov_step-80-20,govment_20,step_21,hcabs_s8020,taxpay_s8020,255.345,0.298996,0.180317,0.0551984,0.764484,322.971
gov_step-80-20,govment_20,step_21,hcabs_s8020,taxpay_s8020,330.833,0.30792,0.1475,0.0315873,0.820913,410.241
gov_step-80-20,govment_20,step_21,hcabs_s8020,taxpay_s8020,309.678,0.372261,0.194603,0.0414683,0.763929,381.682
gov_step-80-20,govment_20,step_21,hcabs_s8020,taxpay_s8020,347.955,0.329065,0.155357,0.0275397,0.817103,439.492
gov_step-80-20,govment_20,step_21,hcabs_s8020,taxpay_s8020,277.337,0.378649,0.222897,0.0482143,0.728889,314.265
gov_step-80-20,govment_20,step_21,hcabs_s8020,taxpay_s8020,303.251,0.300782,0.17746,0.037619,0.784921,347.649
gov_step-80-20,govment_20,step_21,hcabs_s8020,taxpay_s8020,274.788,0.297199,0.168849,0.0479762,0.783175,332.108
gov_step-80-20,govment_20,step_21,hcabs_s8020,taxpay_s8020,239.606,0.286661,0.213849,0.0438889,0.742262,285.983
gov_step-80-20,govment_20,step_21,hcabs_s8020,taxpay_s8020,271.223,0.448289,0.17623,0.0522619,0.771508,338.396
gov_step-80-20,govment_20,step_21,hcabs_s8020,taxpay_s8020,425.532,0.30162,0.0810317,0.0143651,0.904603,484.286
gov_step-80-20,govment_20,step_21,hcabs_s8020,taxpay_s8020,341.58,0.267659,0.118135,0.0294841,0.852381,440.067
gov_step-80-20,govment_20,step_21,hcabs_s8020,taxpay_s8020,315.352,0.343364,0.166984,0.0371032,0.795913,389.923
gov_step-80-20,govment_20,step_21,hcabs_s8020,taxpay_s8020,386.435,0.323914,0.095,0.021746,0.883254,484.16
gov_step-80-20,govment_20,step_21,hcabs_s8020,taxpay_s8020,411.89,0.280462,0.116944,0.00698413,0.876071,510.928
gov_step-80-20,govment_20,step_21,hcabs_s8020,taxpay_s8020,306.6,0.265501,0.14381,0.0392857,0.816905,357.347
gov_step-80-20,govment_20,step_21,hcabs_s8020,taxpay_s8020,324.694,0.37294,0.180556,0.0453175,0.774127,393.064
gov_step-80-20,govment_20,step_21,hcabs_s8020,taxpay_s8020,389.975,0.300564,0.105357,0.0146429,0.88,460.814
gov_step-80-20,govment_20,step_21,hcabs_s8020,taxpay_s8020,266.744,0.384593,0.0961508,0.0834127,0.820437,339.466
gov_step-80-20,govment_20,step_21,hcabs_s8020,taxpay_s8020,341.276,0.342645,0.18369,0.0234524,0.792857,437.687
gov_step-80-20,govment_20,step_21,hcabs_s8020,taxpay_s8020,296.825,0.35085,0.138611,0.0520238,0.809365,375.241
gov_step-80-20,govment_20,step_21,hcabs_s8020,taxpay_s8020,361.063,0.392342,0.128333,0.0284921,0.843175,388.344
gov_step-80-20,govment_20,step_21,hcabs_s8020,taxpay_s8020,276.872,0.2957,0.174167,0.0463889,0.779444,338.903
gov_step-80-20,govment_20,step_21,hcabs_s8020,taxpay_s8020,284.451,0.388106,0.209127,0.0537302,0.737143,342.341
gov_step-80-20,govment_20,step_21,hcabs_s8020,taxpay_s8020,329.231,0.377656,0.119484,0.0448016,0.835714,398.417
gov_step-80-20,govment_20,step_21,hcabs_s8020,taxpay_s8020,361.512,0.360753,0.149246,0.0150397,0.835714,442.091
gov_step-80-20,govment_20,step_21,hcabs_s8020,taxpay_s8020,324.16,0.255818,0.126944,0.038373,0.834683,397.49
gov_step-80-20,govment_20,step_21,hcabs_s8020,taxpay_s8020,302.072,0.345354,0.131825,0.0420238,0.826151,347.512
gov_step-80-20,govment_20,step_21,hcabs_s8020,taxpay_s8020,330.749,0.2819,0.169167,0.0213095,0.809524,386.169
gov_step-80-20,govment_20,step_21,hcabs_s8020,taxpay_s8020,344.447,0.325403,0.11123,0.0306746,0.858095,417.036
gov_step-80-20,govment_20,step_21,hcabs_s8020,taxpay_s8020,348.697,0.232785,0.108333,0.0403571,0.85131,442.978
gov_step-80-20,govment_20,step_21,hcabs_s8020,taxpay_s8020,340.279,0.358235,0.136587,0.0332143,0.830198,414.806
gov_step-80-20,govment_20,step_21,hcabs_s8020,taxpay_s8020,326.349,0.29954,0.145595,0.0426984,0.811706,400.666
gov_step-80-20,govment_20,step_21,hcabs_s8020,taxpay_s8020,359.879,0.2894,0.118294,0.02,0.861706,423.315
gov_step-80-20,govment_20,step_21,hcabs_s8020,taxpay_s8020,401.612,0.272065,0.0922619,0.0118651,0.895873,494.489
gov_step-80-20,govment_20,step_21,hcabs_s8020,taxpay_s8020,354.335,0.316787,0.171944,0.0112698,0.816786,404.735
gov_step-80-20,govment_20,step_21,hcabs_s8020,taxpay_s8020,371.021,0.339503,0.165833,0.0188889,0.815278,463.475
gov_step-80-20,govment_20,step_21,hcabs_s8020,taxpay_s8020,399.387,0.28443,0.089127,0.00940476,0.901468,468.731
gov_step-80-20,govment_20,step_21,hcabs_s8020,taxpay_s8020,272.121,0.36995,0.196389,0.0394444,0.764167,329.818
gov_step-80-20,govment_20,step_21,hcabs_s8020,taxpay_s8020,381.823,0.262255,0.128056,0.0149206,0.857024,459.983
gov_step-80-20,govment_20,step_21,hcabs_s8020,taxpay_s8020,362.325,0.32846,0.117024,0.022619,0.860357,448.643
gov_step-80-20,govment_20,step_21,hcabs_s8020,taxpay_s8020,329.218,0.308836,0.153056,0.0252778,0.821667,403.305
gov_step-80-20,govment_20,step_21,hcabs_s8020,taxpay_s8020,298.48,0.343742,0.107143,0.0528571,0.84,348.29
gov_step-80-20,govment_20,step_21,hcabs_s8020,taxpay_s8020,302.935,0.448093,0.176984,0.0627778,0.760238,378.839
gov_step-80-20,govment_20,step_21,hcabs_s8020,taxpay_s8020,314.231,0.334999,0.158611,0.036627,0.804762,388.393
gov_step-80-20,govment_20,step_21,hcabs_s8020,taxpay_s8020,356.102,0.309499,0.112579,0.0314683,0.855952,417.435
gov_step-80-20,govment_20,step_21,hcabs_s8020,taxpay_s8020,260.621,0.367037,0.152222,0.0655952,0.782183,325.004
gov_step-80-20,govment_20,step_21,hcabs_s8020,taxpay_s8020,395.59,0.347002,0.0998413,0.0257143,0.874444,453.891
gov_step-GovPower,govment_20,step_21,hcabs_sgpow,taxpay_sgpow,182.372,0.290214,0.160635,0.000833333,0.838532,2845.86
gov_step-GovPower,govment_20,step_21,hcabs_sgpow,taxpay_sgpow,159.876,0.386953,0.170873,0.00952381,0.819603,2591.94
gov_step-GovPower,govment_20,step_21,hcabs_sgpow,taxpay_sgpow,183.969,0.328145,0.0884127,0.0337302,0.877857,2865.87
gov_step-GovPower,govment_20,step_21,hcabs_sgpow,taxpay_sgpow,175.304,0.302316,0.106944,0.0274603,0.865595,2770.37
gov_step-GovPower,govment_20,step_21,hcabs_sgpow,taxpay_sgpow,182.483,0.482424,0.210992,0.00630952,0.782698,2825.96
gov_step-GovPower,govment_20,step_21,hcabs_sgpow,taxpay_sgpow,170.002,0.2606,0.185317,0.00238095,0.812302,2833.57
gov_step-GovPower,govment_20,step_21,hcabs_sgpow,taxpay_sgpow,174.077,0.452087,0.100754,0.0351984,0.864048,2897.49
gov_step-GovPower,govment_20,step_21,hcabs_sgpow,taxpay_sgpow,182.576,0.262726,0.13754,0.0160317,0.846429,2846.73
gov_step-GovPower,govment_20,step_21,hcabs_sgpow,taxpay_sgpow,187.959,0.342675,0.0653968,0.0181349,0.916468,2932.13
gov_step-GovPower,govment_20,step_21,hcabs_sgpow,taxpay_sgpow,189.537,0.256034,0.128492,0.0047619,0.866746,2960.38
gov_step-GovPower,govment_20,step_21,hcabs_sgpow,taxpay_sgpow,177.899,0.408803,0.144603,0.0194048,0.835992,2797.94
gov_step-GovPower,govment_20,step_21,hcabs_sgpow,taxpay_sgpow,182.166,0.330544,0.192302,0.00615079,0.801548,2845.65
gov_step-GovPower,govment_20,step_21,hcabs_sgpow,taxpay_sgpow,176.002,0.33245,0.117579,0.0200397,0.862381,2829.74
gov_step-GovPower,govment_20,step_21,hcabs_sgpow,taxpay_sgpow,191.987,0.286052,0.137619,0.00234127,0.86004,2986.81
gov_step-GovPower,govment_20,step_21,hcabs_sgpow,taxpay_sgpow,163.748,0.440367,0.10004,0.019246,0.880714,2691.52
gov_step-GovPower,govment_20,step_21,hcabs_sgpow,taxpay_sgpow,166.292,0.460471,0.126071,0.0172222,0.856706,2631.05
gov_step-GovPower,govment_20,step_21,hcabs_sgpow,taxpay_sgpow,182.01,0.263501,0.134881,0.00238095,0.862738,2868.73
gov_step-GovPower,govment_20,step_21,hcabs_sgpow,taxpay_sgpow,187.958,0.382333,0.106032,0.0290079,0.86496,2956.14
gov_step-GovPower,govment_20,step_21,hcabs_sgpow,taxpay_sgpow,171.359,0.367959,0.161984,0.00988095,0.828135,2618.42
gov_step-GovPower,govment_20,step_21,hcabs_sgpow,taxpay_sgpow,175.794,0.388206,0.124722,0.0190476,0.85623,2747.66
gov_step-GovPower,govment_20,step_21,hcabs_sgpow,taxpay_sgpow,156.338,0.375248,0.152976,0.0167063,0.830317,2608.16
gov_step-GovPower,govment_20,step_21,hcabs_sgpow,taxpay_sgpow,181.376,0.348954,0.0959921,0.00968254,0.894325,3012.28
gov_step-GovPower,govment_20,step_21,hcabs_sgpow,taxpay_sgpow,179.655,0.356657,0.115913,0.00706349,0.877024,2819.09
gov_step-GovPower,govment_20,step_21,hcabs_sgpow,taxpay_sgpow,168.816,0.438279,0.143413,0.0256349,0.830952,2627.21
gov_step-GovPower,govment_20,step_21,hcabs_sgpow,taxpay_sgpow,176.227,0.335891,0.19754,0.0173016,0.785159,2760.65
gov_step-GovPower,govment_20,step_21,hcabs_sgpow,taxpay_sgpow,178.38,0.298367,0.146429,0.0155159,0.838056,2885.36
gov_step-GovPower,govment_20,step_21,hcabs_sgpow,taxpay_sgpow,182.38,0.359063,0.165952,0.0107143,0.823333,2836.19
gov_step-GovPower,govment_20,step_21,hcabs_sgpow,taxpay_sgpow,186.985,0.418018,0.0906349,0.036746,0.872619,2798.57
gov_step-GovPower,govment_20,step_21,hcabs_sgpow,taxpay_sgpow,161.751,0.473525,0.182897,0.0140873,0.803016,2524.83
gov_step-GovPower,govment_20,step_21,hcabs_sgpow,taxpay_sgpow,170.956,0.326059,0.160595,0.0253571,0.814048,2667.93
gov_step-GovPower,govment_20,step_21,hcabs_sgpow,taxpay_sgpow,180.726,0.283594,0.138095,0.00535714,0.856548,2837.4
gov_step-GovPower,govment_20,step_21,hcabs_sgpow,taxpay_sgpow,188.317,0.406131,0.14254,0.0155159,0.841944,2928.79
gov_step-GovPower,govment_20,step_21,hcabs_sgpow,taxpay_sgpow,179.82,0.404315,0.148413,0.014127,0.83746,2790.72
gov_step-GovPower,govment_20,step_21,hcabs_sgpow,taxpay_sgpow,189.166,0.334572,0.10869,0.0176587,0.873651,2915.16
gov_step-GovPower,govment_20,step_21,hcabs_sgpow,taxpay_sgpow,170.935,0.318542,0.139127,0.0150794,0.845794,2718.16
gov_step-GovPower,govment_20,step_21,hcabs_sgpow,taxpay_sgpow,187.525,0.449444,0.146746,0.0222619,0.830992,2923.27
gov_step-GovPower,govment_20,step_21,hcabs_sgpow,taxpay_sgpow,165.538,0.320589,0.0950397,0.0280952,0.876865,2985.47
gov_step-GovPower,govment_20,step_21,hcabs_sgpow,taxpay_sgpow,179.825,0.379981,0.134563,0.0163889,0.849048,2829.06
gov_step-GovPower,govment_20,step_21,hcabs_sgpow,taxpay_sgpow,180.559,0.314091,0.142063,0.00281746,0.855119,2879.39
gov_step-GovPower,govment_20,step_21,hcabs_sgpow,taxpay_sgpow,168.733,0.342388,0.185595,0.0195238,0.794881,2643.73
gov_step-GovPower,govment_20,step_21,hcabs_sgpow,taxpay_sgpow,172.83,0.312916,0.142381,0.0110317,0.846587,2685.53
gov_step-GovPower,govment_20,step_21,hcabs_sgpow,taxpay_sgpow,182.421,0.316275,0.0999206,0.0120238,0.888056,2939.88
gov_step-GovPower,govment_20,step_21,hcabs_sgpow,taxpay_sgpow,179.96,0.34603,0.156429,0.014127,0.829444,2892.65
gov_step-GovPower,govment_20,step_21,hcabs_sgpow,taxpay_sgpow,185.236,0.427895,0.100714,0.0072619,0.892024,2843.56
gov_step-GovPower,govment_20,step_21,hcabs_sgpow,taxpay_sgpow,196.256,0.262409,0.105397,0.0022619,0.892341,3064.64
gov_step-GovPower,govment_20,step_21,hcabs_sgpow,taxpay_sgpow,173.634,0.433862,0.0993254,0.0358333,0.864841,2867.11
gov_step-GovPower,govment_20,step_21,hcabs_sgpow,taxpay_sgpow,185.195,0.267439,0.070119,0.0192063,0.910675,2900.76
gov_step-GovPower,govment_20,step_21,hcabs_sgpow,taxpay_sgpow,167.355,0.471078,0.189087,0.0261905,0.784722,2654.01
gov_step-GovPower,govment_20,step_21,hcabs_sgpow,taxpay_sgpow,177.453,0.408417,0.135595,0.0274206,0.836984,2758.54
gov_step-GovPower,govment_20,step_21,hcabs_sgpow,taxpay_sgpow,185.349,0.385441,0.0770238,0.0369048,0.886071,2855.51
gov_step-GovPower,govment_20,step_21,hcabs_sgpow,taxpay_sgpow,168.258,0.307827,0.126032,0.029246,0.844722,2618.7
gov_step-GovPower,govment_20,step_21,hcabs_sgpow,taxpay_sgpow,184.036,0.366615,0.132897,0.0142857,0.852817,2906.7
gov_step-GovPower,govment_20,step_21,hcabs_sgpow,taxpay_sgpow,187.66,0.330773,0.169127,0.00178571,0.829087,3025.72
gov_step-GovPower,govment_20,step_21,hcabs_sgpow,taxpay_sgpow,177.201,0.379782,0.101389,0.0145238,0.884087,2895.61
gov_step-GovPower,govment_20,step_21,hcabs_sgpow,taxpay_sgpow,172.83,0.40561,0.126905,0.0343254,0.83877,2728.97
gov_step-GovPower,govment_20,step_21,hcabs_sgpow,taxpay_sgpow,186.429,0.298739,0.138373,0.00448413,0.857143,2940.06
gov_step-GovPower,govment_20,step_21,hcabs_sgpow,taxpay_sgpow,171.106,0.40691,0.108333,0.0355556,0.856111,2678.4
gov_step-GovPower,govment_20,step_21,hcabs_sgpow,taxpay_sgpow,197.011,0.277876,0.0986905,0.00210317,0.899206,3097.86
gov_step-GovPower,govment_20,step_21,hcabs_sgpow,taxpay_sgpow,195.398,0.377314,0.0821429,0.017619,0.900238,3025.74
gov_step-GovPower,govment_20,step_21,hcabs_sgpow,taxpay_sgpow,169.859,0.385889,0.102143,0.0391667,0.85869,2635.07
gov_step-GovPower,govment_20,step_21,hcabs_sgpow,taxpay_sgpow,180.213,0.395232,0.0979762,0.0209921,0.881032,2801.14
gov_step-GovPower,govment_20,step_21,hcabs_sgpow,taxpay_sgpow,182.748,0.370125,0.155635,0.00698413,0.837381,2840.73
gov_step-GovPower,govment_20,step_21,hcabs_sgpow,taxpay_sgpow,174.147,0.401866,0.105119,0.0197222,0.875159,2732.48
gov_step-GovPower,govment_20,step_21,hcabs_sgpow,taxpay_sgpow,159.972,0.434031,0.211548,0.0106746,0.777778,2499.13
gov_step-GovPower,govment_20,step_21,hcabs_sgpow,taxpay_sgpow,183.664,0.263393,0.151111,0.0015873,0.847302,2891.3
gov_step-GovPower,govment_20,step_21,hcabs_sgpow,taxpay_sgpow,154.271,0.369619,0.262063,7.93651e-05,0.737857,2420.68
gov_step-GovPower,govment_20,step_21,hcabs_sgpow,taxpay_sgpow,169.692,0.363545,0.170833,0.0130159,0.816151,2664.78
gov_step-GovPower,govment_20,step_21,hcabs_sgpow,taxpay_sgpow,174.587,0.326811,0.179405,0.00456349,0.816032,2737.64
gov_step-GovPower,govment_20,step_21,hcabs_sgpow,taxpay_sgpow,182.504,0.29027,0.0952778,0.0101984,0.894524,2937.5
gov_step-GovPower,govment_20,step_21,hcabs_sgpow,taxpay_sgpow,167.249,0.46992,0.163333,0.0182937,0.818373,2712.46
gov_step-GovPower,govment_20,step_21,hcabs_sgpow,taxpay_sgpow,162.277,0.320676,0.168492,0.00980159,0.821706,2609.37
gov_step-GovPower,govment_20,step_21,hcabs_sgpow,taxpay_sgpow,158.831,0.420219,0.123651,0.0269048,0.849444,2482.71
gov_step-GovPower,govment_20,step_21,hcabs_sgpow,taxpay_sgpow,186.868,0.371067,0.0965476,0.017381,0.886071,3025.05
gov_step-GovPower,govment_20,step_21,hcabs_sgpow,taxpay_sgpow,185.07,0.433075,0.20746,0.0100397,0.7825,2923.08
gov_step-GovPower,govment_20,step_21,hcabs_sgpow,taxpay_sgpow,199.635,0.278425,0.106032,0.00452381,0.889444,3102.94
gov_step-GovPower,govment_20,step_21,hcabs_sgpow,taxpay_sgpow,180.344,0.362136,0.120357,0.0219444,0.857698,2834.94
gov_step-GovPower,govment_20,step_21,hcabs_sgpow,taxpay_sgpow,171.798,0.297004,0.18,0.00928571,0.810714,2707.5
gov_step-GovPower,govment_20,step_21,hcabs_sgpow,taxpay_sgpow,181.708,0.362145,0.184008,0.0156746,0.800317,2847.26
gov_step-GovPower,govment_20,step_21,hcabs_sgpow,taxpay_sgpow,179.595,0.337825,0.0967857,0.0101984,0.893016,2897.75
gov_step-GovPower,govment_20,step_21,hcabs_sgpow,taxpay_sgpow,182.614,0.268698,0.0926984,0.000873016,0.906429,3290.22
gov_step-GovPower,govment_20,step_21,hcabs_sgpow,taxpay_sgpow,188.532,0.363998,0.163889,0.000992063,0.835119,2880.69
gov_step-GovPower,govment_20,step_21,hcabs_sgpow,taxpay_sgpow,183.936,0.283354,0.0870238,0.00761905,0.905357,2881.38
gov_step-GovPower,govment_20,step_21,hcabs_sgpow,taxpay_sgpow,158.07,0.485723,0.18246,0.0301984,0.787341,2486.11
gov_step-GovPower,govment_20,step_21,hcabs_sgpow,taxpay_sgpow,203.503,0.2475,0.0832143,0.00238095,0.914405,3116.22
gov_step-GovPower,govment_20,step_21,hcabs_sgpow,taxpay_sgpow,183.589,0.337967,0.0964286,0.030754,0.872817,2886.86
gov_step-GovPower,govment_20,step_21,hcabs_sgpow,taxpay_sgpow,186.405,0.289769,0.186468,0.00142857,0.812103,2925.75
gov_step-GovPower,govment_20,step_21,hcabs_sgpow,taxpay_sgpow,205.03,0.351715,0.0890079,0.0119048,0.899087,3181.82
gov_step-GovPower,govment_20,step_21,hcabs_sgpow,taxpay_sgpow,180.527,0.315911,0.0996825,0.00952381,0.890794,2823.98
gov_step-GovPower,govment_20,step_21,hcabs_sgpow,taxpay_sgpow,171.019,0.389289,0.0937302,0.0321429,0.874127,2757.94
gov_step-GovPower,govment_20,step_21,hcabs_sgpow,taxpay_sgpow,203.738,0.330023,0.0648413,0.00686508,0.928294,3168.37
gov_step-GovPower,govment_20,step_21,hcabs_sgpow,taxpay_sgpow,186.191,0.286038,0.13873,0.00825397,0.853016,2852.14
gov_step-GovPower,govment_20,step_21,hcabs_sgpow,taxpay_sgpow,170.903,0.428194,0.215714,0.00103175,0.783254,2620.15
gov_step-GovPower,govment_20,step_21,hcabs_sgpow,taxpay_sgpow,185.709,0.437981,0.107817,0.0203571,0.871825,2885.55
gov_step-GovPower,govment_20,step_21,hcabs_sgpow,taxpay_sgpow,194.04,0.383717,0.0671429,0.0325,0.900357,3029.29
gov_step-GovPower,govment_20,step_21,hcabs_sgpow,taxpay_sgpow,202.831,0.348082,0.0659127,0.00686508,0.927222,3192.54
gov_step-GovPower,govment_20,step_21,hcabs_sgpow,taxpay_sgpow,171.195,0.469835,0.0714286,0.0385317,0.89004,2676.83
gov_step-GovPower,govment_20,step_21,hcabs_sgpow,taxpay_sgpow,162.698,0.389115,0.16254,0.0237302,0.81373,2638.03
gov_step-GovPower,govment_20,step_21,hcabs_sgpow,taxpay_sgpow,197.528,0.340245,0.143373,0.00194444,0.854683,3078.44
gov_step-GovPower,govment_20,step_21,hcabs_sgpow,taxpay_sgpow,163.962,0.457217,0.0820635,0.0261905,0.891746,2671.54
gov_step-GovPower,govment_20,step_21,hcabs_sgpow,taxpay_sgpow,184.344,0.342529,0.105079,0.00444444,0.890476,2863.31
