Govment,Players,InitPops,hcabs,taxpay,AvePop,GiniIndex,Keep,Take,Give,GovWealth
none,hcabs_20,equal_20,hcabs_enone,taxpay_enone,298.594,0.24202,0.120708,0.0587083,0.820583,NAN
none,hcabs_20,equal_20,hcabs_enone,taxpay_enone,429.952,0.14235,0.101958,0.01325,0.884792,NAN
none,hcabs_20,equal_20,hcabs_enone,taxpay_enone,410.23,0.106129,0.0944583,0.0239583,0.881583,NAN
none,hcabs_20,equal_20,hcabs_enone,taxpay_enone,423.732,0.122241,0.126625,0.00995833,0.863417,NAN
none,hcabs_20,equal_20,hcabs_enone,taxpay_enone,337.597,0.0960764,0.180875,0.0245,0.794625,NAN
none,hcabs_20,equal_20,hcabs_enone,taxpay_enone,437.32,0.0717858,0.0532083,0.0221667,0.924625,NAN
none,hcabs_20,equal_20,hcabs_enone,taxpay_enone,382.923,0.247258,0.113833,0.0375833,0.848583,NAN
none,hcabs_20,equal_20,hcabs_enone,taxpay_enone,393.913,0.192763,0.124333,0.029,0.846667,NAN
none,hcabs_20,equal_20,hcabs_enone,taxpay_enone,402.322,0.138513,0.102667,0.0220833,0.87525,NAN
none,hcabs_20,equal_20,hcabs_enone,taxpay_enone,441.641,0.117168,0.0479583,0.0257917,0.92625,NAN
none,hcabs_20,equal_20,hcabs_enone,taxpay_enone,317.72,0.186573,0.152167,0.0597917,0.788042,NAN
none,hcabs_20,equal_20,hcabs_enone,taxpay_enone,351.887,0.0754356,0.110208,0.0372917,0.8525,NAN
none,hcabs_20,equal_20,hcabs_enone,taxpay_enone,400.424,0.1462,0.10025,0.0245,0.87525,NAN
none,hcabs_20,equal_20,hcabs_enone,taxpay_enone,414.977,0.0736423,0.0724167,0.0257083,0.901875,NAN
none,hcabs_20,equal_20,hcabs_enone,taxpay_enone,422.477,0.143086,0.1155,0.0149583,0.869542,NAN
none,hcabs_20,equal_20,hcabs_enone,taxpay_enone,398.648,0.123097,0.140625,0.0142917,0.845083,NAN
none,hcabs_20,equal_20,hcabs_enone,taxpay_enone,357.485,0.112672,0.158417,0.0225417,0.819042,NAN
none,hcabs_20,equal_20,hcabs_enone,taxpay_enone,401.058,0.128633,0.108167,0.02225,0.869583,NAN
none,hcabs_20,equal_20,hcabs_enone,taxpay_enone,331.699,0.220499,0.10525,0.0601667,0.834583,NAN
none,hcabs_20,equal_20,hcabs_enone,taxpay_enone,329.82,0.174624,0.154292,0.042875,0.802833,NAN
none,hcabs_20,equal_20,hcabs_enone,taxpay_enone,345.961,0.101839,0.128417,0.0350417,0.836542,NAN
none,hcabs_20,equal_20,hcabs_enone,taxpay_enone,425.705,0.153323,0.0916667,0.0240417,0.884292,NAN
none,hcabs_20,equal_20,hcabs_enone,taxpay_enone,447.013,0.0718081,0.116417,0.00404167,0.879542,NAN
none,hcabs_20,equal_20,hcabs_enone,taxpay_enone,412.882,0.123378,0.0726667,0.02625,0.901083,NAN
none,hcabs_20,equal_20,hcabs_enone,taxpay_enone,416.645,0.1747,0.08775,0.0209583,0.891292,NAN
none,hcabs_20,equal_20,hcabs_enone,taxpay_enone,429.41,0.132997,0.100583,0.01275,0.886667,NAN
none,hcabs_20,equal_20,hcabs_enone,taxpay_enone,414.996,0.120693,0.113542,0.0167083,0.86975,NAN
none,hcabs_20,equal_20,hcabs_enone,taxpay_enone,385.382,0.148442,0.123833,0.0225417,0.853625,NAN
none,hcabs_20,equal_20,hcabs_enone,taxpay_enone,405.435,0.153207,0.0922917,0.0251667,0.882542,NAN
none,hcabs_20,equal_20,hcabs_enone,taxpay_enone,339.836,0.112856,0.058375,0.05875,0.882875,NAN
none,hcabs_20,equal_20,hcabs_enone,taxpay_enone,436.441,0.147816,0.08075,0.0204167,0.898833,NAN
none,hcabs_20,equal_20,hcabs_enone,taxpay_enone,450.792,0.0876046,0.0861667,0.0109167,0.902917,NAN
none,hcabs_20,equal_20,hcabs_enone,taxpay_enone,386.178,0.16666,0.0944583,0.030875,0.874667,NAN
none,hcabs_20,equal_20,hcabs_enone,taxpay_enone,333.827,0.153597,0.169625,0.0362917,0.794083,NAN
none,hcabs_20,equal_20,hcabs_enone,taxpay_enone,455.823,0.126585,0.0830417,0.0106667,0.906292,NAN
none,hcabs_20,equal_20,hcabs_enone,taxpay_enone,440.284,0.101544,0.09375,0.0125833,0.893667,NAN
none,hcabs_20,equal_20,hcabs_enone,taxpay_enone,354.865,0.163595,0.0891667,0.0475417,0.863292,NAN
none,hcabs_20,equal_20,hcabs_enone,taxpay_enone,458.874,0.0622619,0.12,0,0.88,NAN
none,hcabs_20,equal_20,hcabs_enone,taxpay_enone,379.653,0.0805473,0.10775,0.027625,0.864625,NAN
none,hcabs_20,equal_20,hcabs_enone,taxpay_enone,509.153,0.0250131,0.0614583,0,0.938542,NAN
none,hcabs_20,equal_20,hcabs_enone,taxpay_enone,506.712,0.0312021,0.06625,0,0.93375,NAN
none,hcabs_20,equal_20,hcabs_enone,taxpay_enone,451.984,0.07838,0.05025,0.0199167,0.929833,NAN
none,hcabs_20,equal_20,hcabs_enone,taxpay_enone,402.043,0.155805,0.118542,0.0197917,0.861667,NAN
none,hcabs_20,equal_20,hcabs_enone,taxpay_enone,368.987,0.175937,0.166292,0.0195,0.814208,NAN
none,hcabs_20,equal_20,hcabs_enone,taxpay_enone,327.154,0.14691,0.138083,0.043375,0.818542,NAN
none,hcabs_20,equal_20,hcabs_enone,taxpay_enone,451.461,0.0685972,0.080125,0.0113333,0.908542,NAN
none,hcabs_20,equal_20,hcabs_enone,taxpay_enone,433.732,0.0940692,0.06325,0.0207083,0.916042,NAN
none,hcabs_20,equal_20,hcabs_enone,taxpay_enone,445.852,0.0940601,0.0827917,0.0125417,0.904667,NAN
none,hcabs_20,equal_20,hcabs_enone,taxpay_enone,381.446,0.199143,0.110208,0.0304583,0.859333,NAN
none,hcabs_20,equal_20,hcabs_enone,taxpay_enone,448.429,0.0749966,0.103833,0.00679167,0.889375,NAN
none,hcabs_20,equal_20,hcabs_enone,taxpay_enone,338.433,0.140916,0.138333,0.0392083,0.822458,NAN
none,hcabs_20,equal_20,hcabs_enone,taxpay_enone,433.368,0.151434,0.0869167,0.0184583,0.894625,NAN
none,hcabs_20,equal_20,hcabs_enone,taxpay_enone,445.045,0.114907,0.0865417,0.0133333,0.900125,NAN
none,hcabs_20,equal_20,hcabs_enone,taxpay_enone,291.171,0.186891,0.116,0.0737917,0.810208,NAN
none,hcabs_20,equal_20,hcabs_enone,taxpay_enone,396.017,0.102161,0.1735,0.00554167,0.820958,NAN
none,hcabs_20,equal_20,hcabs_enone,taxpay_enone,405.033,0.192377,0.0777917,0.0329583,0.88925,NAN
none,hcabs_20,equal_20,hcabs_enone,taxpay_enone,398.598,0.122041,0.151125,0.0107083,0.838167,NAN
none,hcabs_20,equal_20,hcabs_enone,taxpay_enone,464.811,0.0961097,0.06175,0.0140833,0.924167,NAN
none,hcabs_20,equal_20,hcabs_enone,taxpay_enone,373.996,0.108594,0.128125,0.0244167,0.847458,NAN
none,hcabs_20,equal_20,hcabs_enone,taxpay_enone,453.635,0.082791,0.0902917,0.00891667,0.900792,NAN
none,hcabs_20,equal_20,hcabs_enone,taxpay_enone,341.705,0.11432,0.177,0.02525,0.79775,NAN
none,hcabs_20,equal_20,hcabs_enone,taxpay_enone,411.774,0.137326,0.1,0.0227917,0.877208,NAN
none,hcabs_20,equal_20,hcabs_enone,taxpay_enone,375.363,0.21554,0.0824583,0.041125,0.876417,NAN
none,hcabs_20,equal_20,hcabs_enone,taxpay_enone,362.125,0.0945489,0.113167,0.0348333,0.852,NAN
none,hcabs_20,equal_20,hcabs_enone,taxpay_enone,311.194,0.179231,0.145875,0.0580833,0.796042,NAN
none,hcabs_20,equal_20,hcabs_enone,taxpay_enone,401.762,0.146884,0.122917,0.0173333,0.85975,NAN
none,hcabs_20,equal_20,hcabs_enone,taxpay_enone,358.167,0.207469,0.0803333,0.057375,0.862292,NAN
none,hcabs_20,equal_20,hcabs_enone,taxpay_enone,363.066,0.163609,0.163375,0.02225,0.814375,NAN
none,hcabs_20,equal_20,hcabs_enone,taxpay_enone,390.162,0.103407,0.110125,0.0234583,0.866417,NAN
none,hcabs_20,equal_20,hcabs_enone,taxpay_enone,370.026,0.171068,0.116958,0.0374167,0.845625,NAN
none,hcabs_20,equal_20,hcabs_enone,taxpay_enone,428.132,0.0780021,0.0947917,0.014625,0.890583,NAN
none,hcabs_20,equal_20,hcabs_enone,taxpay_enone,265.024,0.222862,0.13525,0.0697917,0.794958,NAN
none,hcabs_20,equal_20,hcabs_enone,taxpay_enone,445.877,0.18087,0.0985417,0.013875,0.887583,NAN
none,hcabs_20,equal_20,hcabs_enone,taxpay_enone,438.5,0.138971,0.11775,0.008,0.87425,NAN
none,hcabs_20,equal_20,hcabs_enone,taxpay_enone,278.921,0.161865,0.139583,0.0649583,0.795458,NAN
none,hcabs_20,equal_20,hcabs_enone,taxpay_enone,401.222,0.121367,0.0859167,0.0296667,0.884417,NAN
none,hcabs_20,equal_20,hcabs_enone,taxpay_enone,450.854,0.0909958,0.123208,0.00179167,0.875,NAN
none,hcabs_20,equal_20,hcabs_enone,taxpay_enone,419.511,0.100376,0.0975417,0.0196667,0.882792,NAN
none,hcabs_20,equal_20,hcabs_enone,taxpay_enone,465.314,0.0907626,0.117542,0,0.882458,NAN
none,hcabs_20,equal_20,hcabs_enone,taxpay_enone,345.966,0.134672,0.161708,0.0258333,0.812458,NAN
none,hcabs_20,equal_20,hcabs_enone,taxpay_enone,343.427,0.181435,0.1405,0.043625,0.815875,NAN
none,hcabs_20,equal_20,hcabs_enone,taxpay_enone,325.799,0.109134,0.147167,0.0405417,0.812292,NAN
none,hcabs_20,equal_20,hcabs_enone,taxpay_enone,441.542,0.121662,0.0854583,0.0160417,0.8985,NAN
none,hcabs_20,equal_20,hcabs_enone,taxpay_enone,409.004,0.175088,0.0625,0.0330417,0.904458,NAN
none,hcabs_20,equal_20,hcabs_enone,taxpay_enone,374.135,0.147855,0.159125,0.017625,0.82325,NAN
none,hcabs_20,equal_20,hcabs_enone,taxpay_enone,387.667,0.103975,0.116,0.0235,0.8605,NAN
none,hcabs_20,equal_20,hcabs_enone,taxpay_enone,314.326,0.12863,0.074125,0.0672083,0.858667,NAN
none,hcabs_20,equal_20,hcabs_enone,taxpay_enone,437.473,0.102003,0.067,0.0210417,0.911958,NAN
none,hcabs_20,equal_20,hcabs_enone,taxpay_enone,466.509,0.153782,0.0833333,0.00783333,0.908833,NAN
none,hcabs_20,equal_20,hcabs_enone,taxpay_enone,312.688,0.326702,0.1215,0.06225,0.81625,NAN
none,hcabs_20,equal_20,hcabs_enone,taxpay_enone,426.011,0.11704,0.0570833,0.03125,0.911667,NAN
none,hcabs_20,equal_20,hcabs_enone,taxpay_enone,417.966,0.0833513,0.135875,0.00695833,0.857167,NAN
none,hcabs_20,equal_20,hcabs_enone,taxpay_enone,344.419,0.202799,0.165375,0.028875,0.80575,NAN
none,hcabs_20,equal_20,hcabs_enone,taxpay_enone,381.804,0.154283,0.0979167,0.0320417,0.870042,NAN
none,hcabs_20,equal_20,hcabs_enone,taxpay_enone,351.359,0.138199,0.0686667,0.0520417,0.879292,NAN
none,hcabs_20,equal_20,hcabs_enone,taxpay_enone,315.421,0.204185,0.078625,0.0640417,0.857333,NAN
none,hcabs_20,equal_20,hcabs_enone,taxpay_enone,430.19,0.138818,0.0789583,0.0179583,0.903083,NAN
none,hcabs_20,equal_20,hcabs_enone,taxpay_enone,403.587,0.107053,0.150042,0.0106667,0.839292,NAN
none,hcabs_20,equal_20,hcabs_enone,taxpay_enone,482.006,0.0788674,0.0907083,0.00104167,0.90825,NAN
none,hcabs_20,equal_20,hcabs_enone,taxpay_enone,381.762,0.114713,0.106333,0.0297083,0.863958,NAN
gov_equal-20-80,govment_20,equal_21,hcabs_e2080,taxpay_e2080,384.982,0.0883226,0.114563,0.0207937,0.864643,227.542
gov_equal-20-80,govment_20,equal_21,hcabs_e2080,taxpay_e2080,245.217,0.149094,0.161389,0.0612302,0.777381,185.429
gov_equal-20-80,govment_20,equal_21,hcabs_e2080,taxpay_e2080,408.974,0.086054,0.0985317,0.0148016,0.886667,253.295
gov_equal-20-80,govment_20,equal_21,hcabs_e2080,taxpay_e2080,253.586,0.127325,0.184405,0.060119,0.755476,186.955
gov_equal-20-80,govment_20,equal_21,hcabs_e2080,taxpay_e2080,343.066,0.0514752,0.110437,0.0366667,0.852897,207.734
gov_equal-20-80,govment_20,equal_21,hcabs_e2080,taxpay_e2080,406.572,0.0791175,0.111349,0.0132143,0.875437,217.018
gov_equal-20-80,govment_20,equal_21,hcabs_e2080,taxpay_e2080,373.317,0.094423,0.107897,0.0249206,0.867183,207.022
gov_equal-20-80,govment_20,equal_21,hcabs_e2080,taxpay_e2080,372.182,0.08713,0.124167,0.0236111,0.852222,216.833
gov_equal-20-80,govment_20,equal_21,hcabs_e2080,taxpay_e2080,371.565,0.103329,0.0756349,0.0381349,0.88623,233.948
gov_equal-20-80,govment_20,equal_21,hcabs_e2080,taxpay_e2080,228.391,0.14728,0.172222,0.0804762,0.747302,155.88
gov_equal-20-80,govment_20,equal_21,hcabs_e2080,taxpay_e2080,268.577,0.221042,0.127222,0.0586111,0.814167,145.951
gov_equal-20-80,govment_20,equal_21,hcabs_e2080,taxpay_e2080,301.259,0.137643,0.155357,0.0405159,0.804127,133.658
gov_equal-20-80,govment_20,equal_21,hcabs_e2080,taxpay_e2080,411.397,0.0760909,0.134286,0.00496032,0.860754,232.651
gov_equal-20-80,govment_20,equal_21,hcabs_e2080,taxpay_e2080,316.178,0.10877,0.140714,0.0392857,0.82,167.11
gov_equal-20-80,govment_20,equal_21,hcabs_e2080,taxpay_e2080,382.588,0.107966,0.0917857,0.0317063,0.876508,203.21
gov_equal-20-80,govment_20,equal_21,hcabs_e2080,taxpay_e2080,449.851,0.0356287,0.104841,0,0.895159,233.215
gov_equal-20-80,govment_20,equal_21,hcabs_e2080,taxpay_e2080,377.008,0.0841584,0.123294,0.0190079,0.857698,198.68
gov_equal-20-80,govment_20,equal_21,hcabs_e2080,taxpay_e2080,383.664,0.174146,0.100357,0.0255952,0.874048,174.314
gov_equal-20-80,govment_20,equal_21,hcabs_e2080,taxpay_e2080,384.821,0.0948819,0.104683,0.0225794,0.872738,196.912
gov_equal-20-80,govment_20,equal_21,hcabs_e2080,taxpay_e2080,277.163,0.139635,0.145437,0.0591667,0.795397,204.802
gov_equal-20-80,govment_20,equal_21,hcabs_e2080,taxpay_e2080,267.906,0.16919,0.118889,0.0775397,0.803571,145.953
gov_equal-20-80,govment_20,equal_21,hcabs_e2080,taxpay_e2080,389.092,0.0816643,0.0745635,0.0270238,0.898413,234.516
gov_equal-20-80,govment_20,equal_21,hcabs_e2080,taxpay_e2080,297.142,0.157436,0.1025,0.055119,0.842381,271.336
gov_equal-20-80,govment_20,equal_21,hcabs_e2080,taxpay_e2080,350.773,0.120518,0.130516,0.0295238,0.83996,177.228
gov_equal-20-80,govment_20,equal_21,hcabs_e2080,taxpay_e2080,287.856,0.222631,0.147063,0.049246,0.80369,185.155
gov_equal-20-80,govment_20,equal_21,hcabs_e2080,taxpay_e2080,343.817,0.130647,0.107024,0.0375397,0.855437,51.2977
gov_equal-20-80,govment_20,equal_21,hcabs_e2080,taxpay_e2080,289.553,0.188371,0.0990476,0.0676984,0.833254,169.055
gov_equal-20-80,govment_20,equal_21,hcabs_e2080,taxpay_e2080,394.582,0.103179,0.136389,0.0110714,0.85254,209.807
gov_equal-20-80,govment_20,equal_21,hcabs_e2080,taxpay_e2080,454.657,0.0277317,0.1,0,0.9,240.703
gov_equal-20-80,govment_20,equal_21,hcabs_e2080,taxpay_e2080,343.92,0.212641,0.121825,0.0418254,0.836349,163.672
gov_equal-20-80,govment_20,equal_21,hcabs_e2080,taxpay_e2080,308.759,0.0878361,0.144206,0.0457143,0.810079,179.311
gov_equal-20-80,govment_20,equal_21,hcabs_e2080,taxpay_e2080,408.721,0.127271,0.100198,0.0172619,0.88254,223.976
gov_equal-20-80,govment_20,equal_21,hcabs_e2080,taxpay_e2080,364.706,0.0582497,0.14131,0.0218254,0.836865,214.768
gov_equal-20-80,govment_20,equal_21,hcabs_e2080,taxpay_e2080,324.181,0.131848,0.106429,0.0466667,0.846905,222.643
gov_equal-20-80,govment_20,equal_21,hcabs_e2080,taxpay_e2080,187.248,0.205625,0.184444,0.0997222,0.715833,191.81
gov_equal-20-80,govment_20,equal_21,hcabs_e2080,taxpay_e2080,402.64,0.0762432,0.138413,0.00960317,0.851984,275.26
gov_equal-20-80,govment_20,equal_21,hcabs_e2080,taxpay_e2080,420.08,0.0485248,0.0627778,0.0196032,0.917619,213.688
gov_equal-20-80,govment_20,equal_21,hcabs_e2080,taxpay_e2080,305.94,0.218394,0.0970635,0.0559524,0.846984,232.606
gov_equal-20-80,govment_20,equal_21,hcabs_e2080,taxpay_e2080,350.672,0.127081,0.0977381,0.037381,0.864881,164.801
gov_equal-20-80,govment_20,equal_21,hcabs_e2080,taxpay_e2080,325.033,0.133699,0.114087,0.0422619,0.843651,176.607
gov_equal-20-80,govment_20,equal_21,hcabs_e2080,taxpay_e2080,353.187,0.127187,0.100159,0.0360317,0.86381,177.279
gov_equal-20-80,govment_20,equal_21,hcabs_e2080,taxpay_e2080,323.641,0.229326,0.0713889,0.0570635,0.871548,231.461
gov_equal-20-80,govment_20,equal_21,hcabs_e2080,taxpay_e2080,311.988,0.170283,0.134762,0.0438889,0.821349,73.4567
gov_equal-20-80,govment_20,equal_21,hcabs_e2080,taxpay_e2080,237.423,0.120457,0.170754,0.0714286,0.757817,141.055
gov_equal-20-80,govment_20,equal_21,hcabs_e2080,taxpay_e2080,386.088,0.0960437,0.138333,0.013254,0.848413,208.367
gov_equal-20-80,govment_20,equal_21,hcabs_e2080,taxpay_e2080,282.215,0.0648427,0.158929,0.0503175,0.790754,163.851
gov_equal-20-80,govment_20,equal_21,hcabs_e2080,taxpay_e2080,345.456,0.131596,0.144683,0.0270635,0.828254,168.724
gov_equal-20-80,govment_20,equal_21,hcabs_e2080,taxpay_e2080,428.475,0.0439324,0.0739683,0.0161508,0.909881,251.168
gov_equal-20-80,govment_20,equal_21,hcabs_e2080,taxpay_e2080,421.484,0.05,0.142857,0,0.857143,237.81
gov_equal-20-80,govment_20,equal_21,hcabs_e2080,taxpay_e2080,407.179,0.100996,0.0894841,0.0165079,0.894008,201.188
gov_equal-20-80,govment_20,equal_21,hcabs_e2080,taxpay_e2080,282.518,0.269193,0.139762,0.0590079,0.80123,183.76
gov_equal-20-80,govment_20,equal_21,hcabs_e2080,taxpay_e2080,282.285,0.113817,0.150159,0.0553175,0.794524,221.355
gov_equal-20-80,govment_20,equal_21,hcabs_e2080,taxpay_e2080,381.913,0.0973959,0.138294,0.0134921,0.848214,220.075
gov_equal-20-80,govment_20,equal_21,hcabs_e2080,taxpay_e2080,308.053,0.0952339,0.117262,0.0490873,0.833651,190.434
gov_equal-20-80,govment_20,equal_21,hcabs_e2080,taxpay_e2080,445.207,0.0767738,0.0834524,0.00980159,0.906746,247.887
gov_equal-20-80,govment_20,equal_21,hcabs_e2080,taxpay_e2080,308.704,0.088825,0.116468,0.0489286,0.834603,172.131
gov_equal-20-80,govment_20,equal_21,hcabs_e2080,taxpay_e2080,267.886,0.196602,0.116151,0.0768651,0.806984,208.451
gov_equal-20-80,govment_20,equal_21,hcabs_e2080,taxpay_e2080,260.957,0.142685,0.15127,0.0636111,0.785119,167.51
gov_equal-20-80,govment_20,equal_21,hcabs_e2080,taxpay_e2080,353.66,0.20509,0.086627,0.0376984,0.875675,236.917
gov_equal-20-80,govment_20,equal_21,hcabs_e2080,taxpay_e2080,277.079,0.107862,0.185675,0.0451587,0.769167,134.108
gov_equal-20-80,govment_20,equal_21,hcabs_e2080,taxpay_e2080,283.844,0.13839,0.159048,0.0529365,0.788016,74.0801
gov_equal-20-80,govment_20,equal_21,hcabs_e2080,taxpay_e2080,409.668,0.0675766,0.120675,0.0108333,0.868492,245.683
gov_equal-20-80,govment_20,equal_21,hcabs_e2080,taxpay_e2080,295.785,0.117164,0.134127,0.0478175,0.818056,226.153
gov_equal-20-80,govment_20,equal_21,hcabs_e2080,taxpay_e2080,395.663,0.0588888,0.0881746,0.0235317,0.888294,222.266
gov_equal-20-80,govment_20,equal_21,hcabs_e2080,taxpay_e2080,193.652,0.162349,0.134246,0.115278,0.750476,116.506
gov_equal-20-80,govment_20,equal_21,hcabs_e2080,taxpay_e2080,424.475,0.126389,0.104167,0.0173016,0.878532,238.674
gov_equal-20-80,govment_20,equal_21,hcabs_e2080,taxpay_e2080,334.848,0.11626,0.132659,0.0344444,0.832897,178.595
gov_equal-20-80,govment_20,equal_21,hcabs_e2080,taxpay_e2080,464.594,0.0562695,0.0940476,0,0.905952,263.868
gov_equal-20-80,govment_20,equal_21,hcabs_e2080,taxpay_e2080,323.397,0.112086,0.124286,0.0418651,0.833849,104.25
gov_equal-20-80,govment_20,equal_21,hcabs_e2080,taxpay_e2080,393.28,0.0771245,0.119722,0.015119,0.865159,207.546
gov_equal-20-80,govment_20,equal_21,hcabs_e2080,taxpay_e2080,362.474,0.162566,0.101865,0.035754,0.862381,193.864
gov_equal-20-80,govment_20,equal_21,hcabs_e2080,taxpay_e2080,403.613,0.0975288,0.131587,0.0100794,0.858333,212.481
gov_equal-20-80,govment_20,equal_21,hcabs_e2080,taxpay_e2080,290.139,0.154604,0.110278,0.0555556,0.834167,192.157
gov_equal-20-80,govment_20,equal_21,hcabs_e2080,taxpay_e2080,374.404,0.0773583,0.119008,0.0223016,0.85869,210.516
gov_equal-20-80,govment_20,equal_21,hcabs_e2080,taxpay_e2080,358.368,0.0888317,0.11377,0.0274206,0.85881,275.951
gov_equal-20-80,govment_20,equal_21,hcabs_e2080,taxpay_e2080,351.607,0.0966494,0.156984,0.0193254,0.82369,192.158
gov_equal-20-80,govment_20,equal_21,hcabs_e2080,taxpay_e2080,434.906,0.148809,0.0946429,0.0109127,0.894444,248.83
gov_equal-20-80,govment_20,equal_21,hcabs_e2080,taxpay_e2080,377.546,0.168393,0.0740079,0.0410714,0.884921,212.881
gov_equal-20-80,govment_20,equal_21,hcabs_e2080,taxpay_e2080,400.553,0.143041,0.0970635,0.0242857,0.878651,202.579
gov_equal-20-80,govment_20,equal_21,hcabs_e2080,taxpay_e2080,266.728,0.196808,0.176468,0.0556746,0.767857,111.931
gov_equal-20-80,govment_20,equal_21,hcabs_e2080,taxpay_e2080,273.48,0.191056,0.140437,0.0601984,0.799365,57.7804
gov_equal-20-80,govment_20,equal_21,hcabs_e2080,taxpay_e2080,426.73,0.111506,0.125516,0.00234127,0.872143,219.403
gov_equal-20-80,govment_20,equal_21,hcabs_e2080,taxpay_e2080,369.911,0.0898997,0.0935714,0.0326984,0.87373,203.884
gov_equal-20-80,govment_20,equal_21,hcabs_e2080,taxpay_e2080,382.534,0.0493662,0.116111,0.0193651,0.864524,194.738
gov_equal-20-80,govment_20,equal_21,hcabs_e2080,taxpay_e2080,377.979,0.0752121,0.124444,0.0210317,0.854524,227.332
gov_equal-20-80,govment_20,equal_21,hcabs_e2080,taxpay_e2080,316.754,0.137185,0.112262,0.0522619,0.835476,156.547
gov_equal-20-80,govment_20,equal_21,hcabs_e2080,taxpay_e2080,360.209,0.130942,0.132619,0.027381,0.84,209.206
gov_equal-20-80,govment_20,equal_21,hcabs_e2080,taxpay_e2080,349.964,0.167756,0.129881,0.0370238,0.833095,203.533
gov_equal-20-80,govment_20,equal_21,hcabs_e2080,taxpay_e2080,350.104,0.124758,0.0855556,0.0445635,0.869881,185.024
gov_equal-20-80,govment_20,equal_21,hcabs_e2080,taxpay_e2080,373.381,0.131459,0.112063,0.0245635,0.863373,216.903
gov_equal-20-80,govment_20,equal_21,hcabs_e2080,taxpay_e2080,426.192,0.0765643,0.113492,0.00595238,0.880556,250.145
gov_equal-20-80,govment_20,equal_21,hcabs_e2080,taxpay_e2080,373.889,0.120234,0.118135,0.025,0.856865,231.833
gov_equal-20-80,govment_20,equal_21,hcabs_e2080,taxpay_e2080,352.002,0.0961955,0.10131,0.0353175,0.863373,210.272
gov_equal-20-80,govment_20,equal_21,hcabs_e2080,taxpay_e2080,313.907,0.0829085,0.153016,0.0382143,0.80877,169.881
gov_equal-20-80,govment_20,equal_21,hcabs_e2080,taxpay_e2080,301.229,0.140256,0.0931746,0.0638095,0.843016,191.407
gov_equal-20-80,govment_20,equal_21,hcabs_e2080,taxpay_e2080,272.585,0.230189,0.107817,0.0709921,0.82119,94.2899
gov_equal-20-80,govment_20,equal_21,hcabs_e2080,taxpay_e2080,350.193,0.0956649,0.123214,0.0304365,0.846349,200.888
gov_equal-20-80,govment_20,equal_21,hcabs_e2080,taxpay_e2080,308.818,0.139004,0.10004,0.0613095,0.838651,189.308
gov_equal-20-80,govment_20,equal_21,hcabs_e2080,taxpay_e2080,358.051,0.169141,0.105198,0.0419048,0.852897,222.035
gov_equal-20-80,govment_20,equal_21,hcabs_e2080,taxpay_e2080,245.962,0.188469,0.115992,0.0850397,0.798968,45.1693
gov_equal-50-50,govment_20,equal_21,hcabs_e5050,taxpay_e5050,408.672,0.0590611,0.0946429,0.00444444,0.900913,627.135
gov_equal-50-50,govment_20,equal_21,hcabs_e5050,taxpay_e5050,274.803,0.164443,0.102619,0.0698413,0.82754,414.649
gov_equal-50-50,govment_20,equal_21,hcabs_e5050,taxpay_e5050,389.881,0.0693158,0.108095,0.00865079,0.883254,592.114
gov_equal-50-50,govment_20,equal_21,hcabs_e5050,taxpay_e5050,328.523,0.141741,0.0906349,0.0386111,0.870754,448.146
gov_equal-50-50,govment_20,equal_21,hcabs_e5050,taxpay_e5050,219.253,0.207076,0.167143,0.0825794,0.750278,301.404
gov_equal-50-50,govment_20,equal_21,hcabs_e5050,taxpay_e5050,369.419,0.112229,0.073373,0.025119,0.901508,533.467
gov_equal-50-50,govment_20,equal_21,hcabs_e5050,taxpay_e5050,363.115,0.133775,0.0736508,0.0245238,0.901825,515.543
gov_equal-50-50,govment_20,equal_21,hcabs_e5050,taxpay_e5050,319.375,0.103643,0.1275,0.0299603,0.84254,452.329
gov_equal-50-50,govment_20,equal_21,hcabs_e5050,taxpay_e5050,328.233,0.0831513,0.140952,0.0237698,0.835278,456.814
gov_equal-50-50,govment_20,equal_21,hcabs_e5050,taxpay_e5050,335.281,0.106752,0.172262,0.00940476,0.818333,512.814
gov_equal-50-50,govment_20,equal_21,hcabs_e5050,taxpay_e5050,260.236,0.105205,0.155873,0.0579762,0.786151,400.307
gov_equal-50-50,govment_20,equal_21,hcabs_e5050,taxpay_e5050,363.106,0.0958513,0.149365,0.00583333,0.844802,457.814
gov_equal-50-50,govment_20,equal_21,hcabs_e5050,taxpay_e5050,307.213,0.0849874,0.102103,0.047619,0.850278,453.256
gov_equal-50-50,govment_20,equal_21,hcabs_e5050,taxpay_e5050,346.348,0.0942272,0.119325,0.0166667,0.864008,474.078
gov_equal-50-50,govment_20,equal_21,hcabs_e5050,taxpay_e5050,342.071,0.135313,0.12004,0.029246,0.850714,498.584
gov_equal-50-50,govment_20,equal_21,hcabs_e5050,taxpay_e5050,434.049,0.0251008,0.0785714,0,0.921429,636.996
gov_equal-50-50,govment_20,equal_21,hcabs_e5050,taxpay_e5050,360.745,0.047258,0.179167,0,0.820833,532.42
gov_equal-50-50,govment_20,equal_21,hcabs_e5050,taxpay_e5050,377.56,0.0574891,0.122381,0.00468254,0.872937,553.744
gov_equal-50-50,govment_20,equal_21,hcabs_e5050,taxpay_e5050,432.601,0.044962,0.0736905,0.00123016,0.925079,591.121
gov_equal-50-50,govment_20,equal_21,hcabs_e5050,taxpay_e5050,316.618,0.0875334,0.0590873,0.0486111,0.892302,447.104
gov_equal-50-50,govment_20,equal_21,hcabs_e5050,taxpay_e5050,381.588,0.0904547,0.103373,0.0123413,0.884286,552.636
gov_equal-50-50,govment_20,equal_21,hcabs_e5050,taxpay_e5050,434.273,0.0399429,0.0750397,0,0.92496,614.869
gov_equal-50-50,govment_20,equal_21,hcabs_e5050,taxpay_e5050,281.369,0.142658,0.174524,0.0260714,0.799405,376.78
gov_equal-50-50,govment_20,equal_21,hcabs_e5050,taxpay_e5050,313,0.117083,0.134286,0.0290873,0.836627,438.495
gov_equal-50-50,govment_20,equal_21,hcabs_e5050,taxpay_e5050,292.677,0.112019,0.103056,0.0515079,0.845437,441.786
gov_equal-50-50,govment_20,equal_21,hcabs_e5050,taxpay_e5050,361.02,0.104631,0.0851984,0.0268651,0.887937,482.101
gov_equal-50-50,govment_20,equal_21,hcabs_e5050,taxpay_e5050,273.203,0.13773,0.119246,0.0555556,0.825198,383.016
gov_equal-50-50,govment_20,equal_21,hcabs_e5050,taxpay_e5050,318.897,0.0912343,0.12504,0.0313492,0.843611,456.326
gov_equal-50-50,govment_20,equal_21,hcabs_e5050,taxpay_e5050,443.975,0.0196505,0.0642857,0,0.935714,699.446
gov_equal-50-50,govment_20,equal_21,hcabs_e5050,taxpay_e5050,267.898,0.171474,0.192381,0.0411905,0.766429,387.112
gov_equal-50-50,govment_20,equal_21,hcabs_e5050,taxpay_e5050,334.038,0.105809,0.133968,0.0198413,0.84619,454.345
gov_equal-50-50,govment_20,equal_21,hcabs_e5050,taxpay_e5050,352.311,0.0390548,0.115476,0.0185317,0.865992,502.943
gov_equal-50-50,govment_20,equal_21,hcabs_e5050,taxpay_e5050,351.7,0.104971,0.0956746,0.0334127,0.870913,503.304
gov_equal-50-50,govment_20,equal_21,hcabs_e5050,taxpay_e5050,288.275,0.107154,0.175873,0.037381,0.786746,393.141
gov_equal-50-50,govment_20,equal_21,hcabs_e5050,taxpay_e5050,253.444,0.124371,0.114325,0.0705556,0.815119,349.976
gov_equal-50-50,govment_20,equal_21,hcabs_e5050,taxpay_e5050,419.16,0.0252983,0.0892857,0,0.910714,580.011
gov_equal-50-50,govment_20,equal_21,hcabs_e5050,taxpay_e5050,255.455,0.0842784,0.195516,0.0430952,0.761389,361.727
gov_equal-50-50,govment_20,equal_21,hcabs_e5050,taxpay_e5050,188.821,0.247286,0.181825,0.0863492,0.731825,330.722
gov_equal-50-50,govment_20,equal_21,hcabs_e5050,taxpay_e5050,399.883,0.0930519,0.0906746,0.00595238,0.903373,522.012
gov_equal-50-50,govment_20,equal_21,hcabs_e5050,taxpay_e5050,298.245,0.11786,0.111032,0.0502381,0.83873,427.369
gov_equal-50-50,govment_20,equal_21,hcabs_e5050,taxpay_e5050,292.246,0.0548835,0.115714,0.0474206,0.836865,403.848
gov_equal-50-50,govment_20,equal_21,hcabs_e5050,taxpay_e5050,415.215,0.0749045,0.0849603,0.00281746,0.912222,558.114
gov_equal-50-50,govment_20,equal_21,hcabs_e5050,taxpay_e5050,359.763,0.137702,0.124563,0.0145635,0.860873,466.152
gov_equal-50-50,govment_20,equal_21,hcabs_e5050,taxpay_e5050,343.55,0.0847456,0.160079,0.0122222,0.827698,495.849
gov_equal-50-50,govment_20,equal_21,hcabs_e5050,taxpay_e5050,309.993,0.14342,0.139246,0.0325397,0.828214,468.821
gov_equal-50-50,govment_20,equal_21,hcabs_e5050,taxpay_e5050,377.521,0.0980141,0.0777778,0.0176587,0.904563,542.032
gov_equal-50-50,govment_20,equal_21,hcabs_e5050,taxpay_e5050,352.451,0.108007,0.0698016,0.0292063,0.900992,461.753
gov_equal-50-50,govment_20,equal_21,hcabs_e5050,taxpay_e5050,410.132,0.0552001,0.118016,0,0.881984,585.508
gov_equal-50-50,govment_20,equal_21,hcabs_e5050,taxpay_e5050,344.445,0.145668,0.0952778,0.0322619,0.87246,443.516
gov_equal-50-50,govment_20,equal_21,hcabs_e5050,taxpay_e5050,281.276,0.180003,0.119444,0.0606349,0.819921,389.246
gov_equal-50-50,govment_20,equal_21,hcabs_e5050,taxpay_e5050,333.55,0.0877391,0.134802,0.026746,0.838452,484.352
gov_equal-50-50,govment_20,equal_21,hcabs_e5050,taxpay_e5050,369.652,0.0760182,0.101825,0.015119,0.883056,516.6
gov_equal-50-50,govment_20,equal_21,hcabs_e5050,taxpay_e5050,390.677,0.0786161,0.141508,0,0.858492,557.987
gov_equal-50-50,govment_20,equal_21,hcabs_e5050,taxpay_e5050,281.956,0.143971,0.0903968,0.0662302,0.843373,471.994
gov_equal-50-50,govment_20,equal_21,hcabs_e5050,taxpay_e5050,409.794,0.1126,0.0723016,0.00769841,0.92,612.213
gov_equal-50-50,govment_20,equal_21,hcabs_e5050,taxpay_e5050,292.061,0.102275,0.0994444,0.0535317,0.847024,421.589
gov_equal-50-50,govment_20,equal_21,hcabs_e5050,taxpay_e5050,318.292,0.0863579,0.118333,0.0361111,0.845556,444.41
gov_equal-50-50,govment_20,equal_21,hcabs_e5050,taxpay_e5050,256.727,0.240497,0.109802,0.0698413,0.820357,367.46
gov_equal-50-50,govment_20,equal_21,hcabs_e5050,taxpay_e5050,317.811,0.110192,0.121984,0.0309127,0.847103,439.867
gov_equal-50-50,govment_20,equal_21,hcabs_e5050,taxpay_e5050,343.643,0.0856837,0.142143,0.0159127,0.841944,501.393
gov_equal-50-50,govment_20,equal_21,hcabs_e5050,taxpay_e5050,400.693,0.0764942,0.123095,0,0.876905,585.385
gov_equal-50-50,govment_20,equal_21,hcabs_e5050,taxpay_e5050,353.875,0.0923321,0.121825,0.0194841,0.85869,523.423
gov_equal-50-50,govment_20,equal_21,hcabs_e5050,taxpay_e5050,346.414,0.0818089,0.144444,0.015,0.840556,501.65
gov_equal-50-50,govment_20,equal_21,hcabs_e5050,taxpay_e5050,336.506,0.113057,0.0978175,0.0280159,0.874167,466.695
gov_equal-50-50,govment_20,equal_21,hcabs_e5050,taxpay_e5050,332.373,0.0438216,0.106825,0.0285317,0.864643,500.32
gov_equal-50-50,govment_20,equal_21,hcabs_e5050,taxpay_e5050,282.389,0.123791,0.17377,0.0404762,0.785754,436.866
gov_equal-50-50,govment_20,equal_21,hcabs_e5050,taxpay_e5050,317.236,0.17933,0.0899603,0.0438492,0.86619,426.622
gov_equal-50-50,govment_20,equal_21,hcabs_e5050,taxpay_e5050,311.146,0.150563,0.114802,0.0363889,0.84881,471.096
gov_equal-50-50,govment_20,equal_21,hcabs_e5050,taxpay_e5050,287.973,0.0660681,0.179206,0.0315079,0.789286,404.836
gov_equal-50-50,govment_20,equal_21,hcabs_e5050,taxpay_e5050,342.809,0.076302,0.0903571,0.0288492,0.880794,532.668
gov_equal-50-50,govment_20,equal_21,hcabs_e5050,taxpay_e5050,257.442,0.139255,0.12504,0.0698413,0.805119,358.432
gov_equal-50-50,govment_20,equal_21,hcabs_e5050,taxpay_e5050,232.126,0.100789,0.107262,0.08,0.812738,335.947
gov_equal-50-50,govment_20,equal_21,hcabs_e5050,taxpay_e5050,311.787,0.194725,0.099881,0.0563492,0.84377,445.322
gov_equal-50-50,govment_20,equal_21,hcabs_e5050,taxpay_e5050,282.319,0.118535,0.140595,0.0447619,0.814643,420.242
gov_equal-50-50,govment_20,equal_21,hcabs_e5050,taxpay_e5050,360.049,0.106593,0.107421,0.0210714,0.871508,556.271
gov_equal-50-50,govment_20,equal_21,hcabs_e5050,taxpay_e5050,342.699,0.0329109,0.185992,0.00789683,0.806111,497.177
gov_equal-50-50,govment_20,equal_21,hcabs_e5050,taxpay_e5050,273.754,0.161544,0.126905,0.0500794,0.823016,392.861
gov_equal-50-50,govment_20,equal_21,hcabs_e5050,taxpay_e5050,382.765,0.108127,0.0938889,0.0162302,0.889881,549.391
gov_equal-50-50,govment_20,equal_21,hcabs_e5050,taxpay_e5050,353.867,0.0939876,0.115516,0.0179365,0.866548,483.039
gov_equal-50-50,govment_20,equal_21,hcabs_e5050,taxpay_e5050,307.263,0.10266,0.135556,0.0347222,0.829722,390.929
gov_equal-50-50,govment_20,equal_21,hcabs_e5050,taxpay_e5050,371.759,0.0937889,0.117976,0.0115079,0.870516,560.268
gov_equal-50-50,govment_20,equal_21,hcabs_e5050,taxpay_e5050,304.577,0.119908,0.142897,0.0351587,0.821944,401.666
gov_equal-50-50,govment_20,equal_21,hcabs_e5050,taxpay_e5050,333.42,0.0972156,0.135198,0.0269048,0.837897,502.57
gov_equal-50-50,govment_20,equal_21,hcabs_e5050,taxpay_e5050,262.64,0.13367,0.0923016,0.075,0.832698,415.099
gov_equal-50-50,govment_20,equal_21,hcabs_e5050,taxpay_e5050,307.81,0.0929117,0.115952,0.04,0.844048,419.781
gov_equal-50-50,govment_20,equal_21,hcabs_e5050,taxpay_e5050,412.176,0.0796347,0.104048,0.000436508,0.895516,589.942
gov_equal-50-50,govment_20,equal_21,hcabs_e5050,taxpay_e5050,327.884,0.112918,0.114524,0.0392063,0.84627,510.257
gov_equal-50-50,govment_20,equal_21,hcabs_e5050,taxpay_e5050,233.228,0.112559,0.135635,0.0738095,0.790556,347.317
gov_equal-50-50,govment_20,equal_21,hcabs_e5050,taxpay_e5050,328.793,0.176622,0.100833,0.0382937,0.860873,501.855
gov_equal-50-50,govment_20,equal_21,hcabs_e5050,taxpay_e5050,332.787,0.13924,0.092619,0.0359524,0.871429,444.551
gov_equal-50-50,govment_20,equal_21,hcabs_e5050,taxpay_e5050,287.097,0.206664,0.103413,0.0608333,0.835754,428.453
gov_equal-50-50,govment_20,equal_21,hcabs_e5050,taxpay_e5050,299.471,0.132596,0.1425,0.0338095,0.82369,487.001
gov_equal-50-50,govment_20,equal_21,hcabs_e5050,taxpay_e5050,393.647,0.068379,0.0939286,0.00936508,0.896706,600.57
gov_equal-50-50,govment_20,equal_21,hcabs_e5050,taxpay_e5050,357.416,0.182763,0.0865079,0.034246,0.879246,500.624
gov_equal-50-50,govment_20,equal_21,hcabs_e5050,taxpay_e5050,378.092,0.0842936,0.0936111,0.0140873,0.892302,525.062
gov_equal-50-50,govment_20,equal_21,hcabs_e5050,taxpay_e5050,313.253,0.161067,0.156151,0.0256349,0.818214,442.036
gov_equal-50-50,govment_20,equal_21,hcabs_e5050,taxpay_e5050,303.04,0.115288,0.111508,0.0452778,0.843214,454.752
gov_equal-50-50,govment_20,equal_21,hcabs_e5050,taxpay_e5050,310.08,0.131094,0.122143,0.0450397,0.832817,460.95
gov_equal-50-50,govment_20,equal_21,hcabs_e5050,taxpay_e5050,216.468,0.16109,0.167143,0.0669841,0.765873,301.401
gov_equal-50-50,govment_20,equal_21,hcabs_e5050,taxpay_e5050,262.656,0.112312,0.151071,0.0536905,0.795238,394.139
gov_equal-80-20,govment_20,equal_21,hcabs_e8020,taxpay_e8020,435.997,0.0498152,0.114841,0.00460317,0.880556,226.455
gov_equal-80-20,govment_20,equal_21,hcabs_e8020,taxpay_e8020,411.318,0.0946503,0.0902778,0.0210317,0.88869,124.825
gov_equal-80-20,govment_20,equal_21,hcabs_e8020,taxpay_e8020,403.909,0.100792,0.0935714,0.0237698,0.882659,32.7802
gov_equal-80-20,govment_20,equal_21,hcabs_e8020,taxpay_e8020,486.054,0.0535024,0.0845635,0,0.915437,102.936
gov_equal-80-20,govment_20,equal_21,hcabs_e8020,taxpay_e8020,452.002,0.0971724,0.0839286,0.00952381,0.906548,67.3425
gov_equal-80-20,govment_20,equal_21,hcabs_e8020,taxpay_e8020,334.092,0.139274,0.0950397,0.0532937,0.851667,72.9424
gov_equal-80-20,govment_20,equal_21,hcabs_e8020,taxpay_e8020,440.99,0.122518,0.0763492,0.0159524,0.907698,109.555
gov_equal-80-20,govment_20,equal_21,hcabs_e8020,taxpay_e8020,359.051,0.163179,0.073373,0.0464683,0.880159,71.6405
gov_equal-80-20,govment_20,equal_21,hcabs_e8020,taxpay_e8020,311.561,0.162285,0.0913095,0.0702778,0.838413,62.8249
gov_equal-80-20,govment_20,equal_21,hcabs_e8020,taxpay_e8020,325.768,0.189673,0.105873,0.0589683,0.835159,64.354
gov_equal-80-20,govment_20,equal_21,hcabs_e8020,taxpay_e8020,417.729,0.0805661,0.133373,0.00742063,0.859206,103.037
gov_equal-80-20,govment_20,equal_21,hcabs_e8020,taxpay_e8020,367.973,0.2058,0.122778,0.0365476,0.840675,74.0435
gov_equal-80-20,govment_20,equal_21,hcabs_e8020,taxpay_e8020,442.086,0.0725715,0.118056,0.00361111,0.878333,95.6371
gov_equal-80-20,govment_20,equal_21,hcabs_e8020,taxpay_e8020,365.947,0.135,0.121587,0.0318254,0.846587,25.1273
gov_equal-80-20,govment_20,equal_21,hcabs_e8020,taxpay_e8020,393.249,0.116776,0.0823413,0.0271032,0.890556,199.96
gov_equal-80-20,govment_20,equal_21,hcabs_e8020,taxpay_e8020,342.476,0.111492,0.110516,0.0394048,0.850079,175.573
gov_equal-80-20,govment_20,equal_21,hcabs_e8020,taxpay_e8020,390.824,0.183661,0.0856349,0.0328175,0.881548,64.0011
gov_equal-80-20,govment_20,equal_21,hcabs_e8020,taxpay_e8020,446.83,0.0747804,0.0961111,0.00940476,0.894484,27.1957
gov_equal-80-20,govment_20,equal_21,hcabs_e8020,taxpay_e8020,324.016,0.114529,0.0955556,0.053373,0.851071,68.5612
gov_equal-80-20,govment_20,equal_21,hcabs_e8020,taxpay_e8020,351.866,0.118225,0.144802,0.0289683,0.82623,96.0504
gov_equal-80-20,govment_20,equal_21,hcabs_e8020,taxpay_e8020,353.044,0.124008,0.0968651,0.0437698,0.859365,40.7524
gov_equal-80-20,govment_20,equal_21,hcabs_e8020,taxpay_e8020,382.39,0.147357,0.0830556,0.0434524,0.873492,12.5593
gov_equal-80-20,govment_20,equal_21,hcabs_e8020,taxpay_e8020,287.989,0.19431,0.133611,0.0686111,0.797778,96.9519
gov_equal-80-20,govment_20,equal_21,hcabs_e8020,taxpay_e8020,427.948,0.0994076,0.0795238,0.0179365,0.90254,121.604
gov_equal-80-20,govment_20,equal_21,hcabs_e8020,taxpay_e8020,346.197,0.201266,0.104246,0.0435317,0.852222,39.3937
gov_equal-80-20,govment_20,equal_21,hcabs_e8020,taxpay_e8020,279.878,0.145536,0.104206,0.0741667,0.821627,88.8814
gov_equal-80-20,govment_20,equal_21,hcabs_e8020,taxpay_e8020,355.531,0.0808408,0.0872619,0.0428968,0.869841,60.2244
gov_equal-80-20,govment_20,equal_21,hcabs_e8020,taxpay_e8020,386.708,0.105996,0.115079,0.0270635,0.857857,46.9629
gov_equal-80-20,govment_20,equal_21,hcabs_e8020,taxpay_e8020,426.118,0.0886468,0.130357,0.00611111,0.863532,82.5327
gov_equal-80-20,govment_20,equal_21,hcabs_e8020,taxpay_e8020,342.714,0.118258,0.188214,0.0231746,0.788611,52.1951
gov_equal-80-20,govment_20,equal_21,hcabs_e8020,taxpay_e8020,429.344,0.118109,0.0855159,0.0185714,0.895913,24.0404
gov_equal-80-20,govment_20,equal_21,hcabs_e8020,taxpay_e8020,438.64,0.202395,0.157778,0.00186508,0.840357,7.18951
gov_equal-80-20,govment_20,equal_21,hcabs_e8020,taxpay_e8020,348.624,0.125167,0.102143,0.0402381,0.857619,109.946
gov_equal-80-20,govment_20,equal_21,hcabs_e8020,taxpay_e8020,309.764,0.228639,0.100913,0.0706746,0.828413,50.2823
gov_equal-80-20,govment_20,equal_21,hcabs_e8020,taxpay_e8020,369.527,0.131768,0.129683,0.0271032,0.843214,51.2206
gov_equal-80-20,govment_20,equal_21,hcabs_e8020,taxpay_e8020,336.251,0.161272,0.137421,0.0453175,0.817262,40.8102
gov_equal-80-20,govment_20,equal_21,hcabs_e8020,taxpay_e8020,405.587,0.0874893,0.118016,0.0177778,0.864206,38.2971
gov_equal-80-20,govment_20,equal_21,hcabs_e8020,taxpay_e8020,399.262,0.0998945,0.0709921,0.0304762,0.898532,111.68
gov_equal-80-20,govment_20,equal_21,hcabs_e8020,taxpay_e8020,418.207,0.0707831,0.164325,0,0.835675,123.879
gov_equal-80-20,govment_20,equal_21,hcabs_e8020,taxpay_e8020,311.718,0.155732,0.111706,0.0607937,0.8275,84.7916
gov_equal-80-20,govment_20,equal_21,hcabs_e8020,taxpay_e8020,401.461,0.0923838,0.096627,0.0203571,0.883016,156.347
gov_equal-80-20,govment_20,equal_21,hcabs_e8020,taxpay_e8020,395.853,0.131728,0.166548,0.0075,0.825952,62.1715
gov_equal-80-20,govment_20,equal_21,hcabs_e8020,taxpay_e8020,450.65,0.0954398,0.0622222,0.0162302,0.921548,107.35
gov_equal-80-20,govment_20,equal_21,hcabs_e8020,taxpay_e8020,332.383,0.0961279,0.149365,0.0322222,0.818413,122.347
gov_equal-80-20,govment_20,equal_21,hcabs_e8020,taxpay_e8020,453.964,0.0921895,0.0644444,0.0149206,0.920635,103.948
gov_equal-80-20,govment_20,equal_21,hcabs_e8020,taxpay_e8020,410.748,0.115877,0.102937,0.0211905,0.875873,40.3771
gov_equal-80-20,govment_20,equal_21,hcabs_e8020,taxpay_e8020,406.164,0.088786,0.119841,0.0165079,0.863651,32.4518
gov_equal-80-20,govment_20,equal_21,hcabs_e8020,taxpay_e8020,345.69,0.143211,0.075119,0.0511111,0.87377,141.057
gov_equal-80-20,govment_20,equal_21,hcabs_e8020,taxpay_e8020,334.248,0.184936,0.0981746,0.051627,0.850198,53.2464
gov_equal-80-20,govment_20,equal_21,hcabs_e8020,taxpay_e8020,419.154,0.0779927,0.0738889,0.0217857,0.904325,97.0555
gov_equal-80-20,govment_20,equal_21,hcabs_e8020,taxpay_e8020,421.842,0.0636396,0.10627,0.0130556,0.880675,120.809
gov_equal-80-20,govment_20,equal_21,hcabs_e8020,taxpay_e8020,465.694,0.0765079,0.0774603,0.00956349,0.912976,43.0734
gov_equal-80-20,govment_20,equal_21,hcabs_e8020,taxpay_e8020,425.504,0.0873268,0.100238,0.0136508,0.886111,96.9304
gov_equal-80-20,govment_20,equal_21,hcabs_e8020,taxpay_e8020,449.718,0.0847435,0.055754,0.0167063,0.92754,74.3116
gov_equal-80-20,govment_20,equal_21,hcabs_e8020,taxpay_e8020,353.833,0.125812,0.0948413,0.0486111,0.856548,69.8911
gov_equal-80-20,govment_20,equal_21,hcabs_e8020,taxpay_e8020,429.659,0.101987,0.0961508,0.0146429,0.889206,67.1748
gov_equal-80-20,govment_20,equal_21,hcabs_e8020,taxpay_e8020,390.21,0.0789918,0.168333,0.00714286,0.824524,72.809
gov_equal-80-20,govment_20,equal_21,hcabs_e8020,taxpay_e8020,445.617,0.133153,0.0995635,0.0075,0.892937,71.8603
gov_equal-80-20,govment_20,equal_21,hcabs_e8020,taxpay_e8020,369.236,0.10212,0.147857,0.019246,0.832897,70.4765
gov_equal-80-20,govment_20,equal_21,hcabs_e8020,taxpay_e8020,367.434,0.1749,0.0965873,0.042619,0.860794,33.6491
gov_equal-80-20,govment_20,equal_21,hcabs_e8020,taxpay_e8020,378.343,0.111057,0.112103,0.0263889,0.861508,92.5808
gov_equal-80-20,govment_20,equal_21,hcabs_e8020,taxpay_e8020,351.411,0.122684,0.106429,0.0425,0.851071,57.9237
gov_equal-80-20,govment_20,equal_21,hcabs_e8020,taxpay_e8020,455.6,0.0790284,0.0870635,0.00718254,0.905754,197.513
gov_equal-80-20,govment_20,equal_21,hcabs_e8020,taxpay_e8020,403.406,0.128353,0.124167,0.0159524,0.859881,10.7083
gov_equal-80-20,govment_20,equal_21,hcabs_e8020,taxpay_e8020,373.428,0.0887973,0.119365,0.0268651,0.85377,137.319
gov_equal-80-20,govment_20,equal_21,hcabs_e8020,taxpay_e8020,430.741,0.0775086,0.0683333,0.0209127,0.910754,103.583
gov_equal-80-20,govment_20,equal_21,hcabs_e8020,taxpay_e8020,341.388,0.21161,0.112381,0.049881,0.837738,1.13243e-14
gov_equal-80-20,govment_20,equal_21,hcabs_e8020,taxpay_e8020,311.677,0.121603,0.110198,0.0577381,0.832063,46.7482
gov_equal-80-20,govment_20,equal_21,hcabs_e8020,taxpay_e8020,363.584,0.167125,0.0603175,0.0486508,0.891032,39.5191
gov_equal-80-20,govment_20,equal_21,hcabs_e8020,taxpay_e8020,395.585,0.152152,0.154563,0.0161905,0.829246,100.284
gov_equal-80-20,govment_20,equal_21,hcabs_e8020,taxpay_e8020,437.516,0.0776745,0.0744841,0.0175,0.908016,77.3607
gov_equal-80-20,govment_20,equal_21,hcabs_e8020,taxpay_e8020,333.65,0.182972,0.103333,0.0567857,0.839881,76.3465
gov_equal-80-20,govment_20,equal_21,hcabs_e8020,taxpay_e8020,438.634,0.0888311,0.105238,0.00849206,0.88627,100.493
gov_equal-80-20,govment_20,equal_21,hcabs_e8020,taxpay_e8020,421.454,0.0910163,0.0763095,0.0213889,0.902302,147.335
gov_equal-80-20,govment_20,equal_21,hcabs_e8020,taxpay_e8020,456.839,0.0702214,0.083254,0.00845238,0.908294,110.656
gov_equal-80-20,govment_20,equal_21,hcabs_e8020,taxpay_e8020,271.863,0.207294,0.13877,0.0731746,0.788056,75.2203
gov_equal-80-20,govment_20,equal_21,hcabs_e8020,taxpay_e8020,324.558,0.233425,0.133571,0.0445635,0.821865,74.3609
gov_equal-80-20,govment_20,equal_21,hcabs_e8020,taxpay_e8020,279.985,0.180836,0.176429,0.0591667,0.764405,99.9305
gov_equal-80-20,govment_20,equal_21,hcabs_e8020,taxpay_e8020,361.51,0.262433,0.0605952,0.0608333,0.878571,116.285
gov_equal-80-20,govment_20,equal_21,hcabs_e8020,taxpay_e8020,385.662,0.167572,0.0780952,0.0359524,0.885952,55.6981
gov_equal-80-20,govment_20,equal_21,hcabs_e8020,taxpay_e8020,435.759,0.107238,0.0711905,0.0187302,0.910079,57.3186
gov_equal-80-20,govment_20,equal_21,hcabs_e8020,taxpay_e8020,435.404,0.125089,0.0918651,0.0152778,0.892857,83.8781
gov_equal-80-20,govment_20,equal_21,hcabs_e8020,taxpay_e8020,421.927,0.0828368,0.115357,0.0120238,0.872619,86.779
gov_equal-80-20,govment_20,equal_21,hcabs_e8020,taxpay_e8020,433.47,0.108276,0.100794,0.0131746,0.886032,89.2493
gov_equal-80-20,govment_20,equal_21,hcabs_e8020,taxpay_e8020,422.251,0.155307,0.114286,0.0132937,0.872421,32.4709
gov_equal-80-20,govment_20,equal_21,hcabs_e8020,taxpay_e8020,442.147,0.129949,0.0943254,0.0221032,0.883571,25.164
gov_equal-80-20,govment_20,equal_21,hcabs_e8020,taxpay_e8020,293.14,0.195472,0.120516,0.0763492,0.803135,65.1349
gov_equal-80-20,govment_20,equal_21,hcabs_e8020,taxpay_e8020,445.548,0.101896,0.0760714,0.0141667,0.909762,135.255
gov_equal-80-20,govment_20,equal_21,hcabs_e8020,taxpay_e8020,328.571,0.136557,0.0979365,0.0520635,0.85,85.9918
gov_equal-80-20,govment_20,equal_21,hcabs_e8020,taxpay_e8020,438.083,0.12726,0.106349,0.0101587,0.883492,112.979
gov_equal-80-20,govment_20,equal_21,hcabs_e8020,taxpay_e8020,446.447,0.113075,0.115198,0.00396825,0.880833,105.772
gov_equal-80-20,govment_20,equal_21,hcabs_e8020,taxpay_e8020,364.38,0.0961869,0.102381,0.0405556,0.857063,74.3098
gov_equal-80-20,govment_20,equal_21,hcabs_e8020,taxpay_e8020,281.314,0.258194,0.108135,0.0871429,0.804722,2.66454e-15
gov_equal-80-20,govment_20,equal_21,hcabs_e8020,taxpay_e8020,359.757,0.157733,0.126389,0.0315079,0.842103,74.691
gov_equal-80-20,govment_20,equal_21,hcabs_e8020,taxpay_e8020,338.406,0.0952744,0.147262,0.0329365,0.819802,86.469
gov_equal-80-20,govment_20,equal_21,hcabs_e8020,taxpay_e8020,400.616,0.0790771,0.116468,0.0174206,0.866111,93.7066
gov_equal-80-20,govment_20,equal_21,hcabs_e8020,taxpay_e8020,393.372,0.113265,0.12869,0.019881,0.851429,103.447
gov_equal-80-20,govment_20,equal_21,hcabs_e8020,taxpay_e8020,319.125,0.169922,0.116032,0.0465873,0.837381,57.9717
gov_equal-80-20,govment_20,equal_21,hcabs_e8020,taxpay_e8020,339.273,0.133319,0.126071,0.0395238,0.834405,82.3727
gov_equal-80-20,govment_20,equal_21,hcabs_e8020,taxpay_e8020,414.229,0.130973,0.0588095,0.0270238,0.914167,173.555
gov_equal-GovPower,govment_20,equal_21,hcabs_egpow,taxpay_egpow,162.914,0.193967,0.106508,0.0325,0.860992,2662.18
gov_equal-GovPower,govment_20,equal_21,hcabs_egpow,taxpay_egpow,165.935,0.248387,0.0917857,0.0396429,0.868571,2674.95
gov_equal-GovPower,govment_20,equal_21,hcabs_egpow,taxpay_egpow,166.317,0.234711,0.0924603,0.0300397,0.8775,2811.21
gov_equal-GovPower,govment_20,equal_21,hcabs_egpow,taxpay_egpow,170.069,0.333938,0.0954762,0.014246,0.890278,2690.82
gov_equal-GovPower,govment_20,equal_21,hcabs_egpow,taxpay_egpow,161.336,0.233753,0.0468254,0.0462698,0.906905,2712.87
gov_equal-GovPower,govment_20,equal_21,hcabs_egpow,taxpay_egpow,179.096,0.182476,0.0620635,0.0221429,0.915794,2837.48
gov_equal-GovPower,govment_20,equal_21,hcabs_egpow,taxpay_egpow,159.692,0.257733,0.126627,0.0269048,0.846468,2613.78
gov_equal-GovPower,govment_20,equal_21,hcabs_egpow,taxpay_egpow,160.707,0.294077,0.116548,0.0209127,0.86254,2633.45
gov_equal-GovPower,govment_20,equal_21,hcabs_egpow,taxpay_egpow,181.075,0.191012,0.0844048,0.00781746,0.907778,2941.12
gov_equal-GovPower,govment_20,equal_21,hcabs_egpow,taxpay_egpow,174.453,0.225239,0.0911111,0.0178175,0.891071,2815.97
gov_equal-GovPower,govment_20,equal_21,hcabs_egpow,taxpay_egpow,158.619,0.223687,0.0822619,0.0384524,0.879286,2627.51
gov_equal-GovPower,govment_20,equal_21,hcabs_egpow,taxpay_egpow,166.273,0.19055,0.132659,0.0155556,0.851786,2702.41
gov_equal-GovPower,govment_20,equal_21,hcabs_egpow,taxpay_egpow,162.106,0.219431,0.0745635,0.0347222,0.890714,2751.27
gov_equal-GovPower,govment_20,equal_21,hcabs_egpow,taxpay_egpow,152.909,0.221589,0.111389,0.0385714,0.85004,2657.38
gov_equal-GovPower,govment_20,equal_21,hcabs_egpow,taxpay_egpow,165.277,0.278339,0.0488095,0.0494444,0.901746,2792.54
gov_equal-GovPower,govment_20,equal_21,hcabs_egpow,taxpay_egpow,181.052,0.162537,0.0745238,0.0177778,0.907698,2918.12
gov_equal-GovPower,govment_20,equal_21,hcabs_egpow,taxpay_egpow,164.557,0.205386,0.0894841,0.036746,0.87377,2624.75
gov_equal-GovPower,govment_20,equal_21,hcabs_egpow,taxpay_egpow,156.869,0.323199,0.0996429,0.0349603,0.865397,2538.04
gov_equal-GovPower,govment_20,equal_21,hcabs_egpow,taxpay_egpow,155.197,0.196953,0.085119,0.0374206,0.87746,2609.77
gov_equal-GovPower,govment_20,equal_21,hcabs_egpow,taxpay_egpow,181.846,0.178504,0.0695238,0.0160317,0.914444,2945.11
gov_equal-GovPower,govment_20,equal_21,hcabs_egpow,taxpay_egpow,146.67,0.245612,0.14746,0.0357937,0.816746,2452.17
gov_equal-GovPower,govment_20,equal_21,hcabs_egpow,taxpay_egpow,174.374,0.169949,0.0921429,0.0253968,0.88246,2828.25
gov_equal-GovPower,govment_20,equal_21,hcabs_egpow,taxpay_egpow,146.15,0.244387,0.118929,0.0524603,0.828611,2409.94
gov_equal-GovPower,govment_20,equal_21,hcabs_egpow,taxpay_egpow,160.947,0.230368,0.107937,0.0252778,0.866786,2687.19
gov_equal-GovPower,govment_20,equal_21,hcabs_egpow,taxpay_egpow,171.984,0.25039,0.0619048,0.010873,0.927222,2899.33
gov_equal-GovPower,govment_20,equal_21,hcabs_egpow,taxpay_egpow,169.009,0.227009,0.0980556,0.0252381,0.876706,2743.43
gov_equal-GovPower,govment_20,equal_21,hcabs_egpow,taxpay_egpow,162.703,0.268722,0.12623,0.0242063,0.849563,2800.2
gov_equal-GovPower,govment_20,equal_21,hcabs_egpow,taxpay_egpow,173.497,0.212552,0.0776587,0.0256746,0.896667,2786.69
gov_equal-GovPower,govment_20,equal_21,hcabs_egpow,taxpay_egpow,169.543,0.227538,0.114722,0.0224206,0.862857,2694.96
gov_equal-GovPower,govment_20,equal_21,hcabs_egpow,taxpay_egpow,166.907,0.0748464,0.0915476,0.036627,0.871825,2728.47
gov_equal-GovPower,govment_20,equal_21,hcabs_egpow,taxpay_egpow,148.029,0.339542,0.198175,0.029127,0.772698,2389.46
gov_equal-GovPower,govment_20,equal_21,hcabs_egpow,taxpay_egpow,175.384,0.16916,0.084246,0.0284524,0.887302,2829.29
gov_equal-GovPower,govment_20,equal_21,hcabs_egpow,taxpay_egpow,179.723,0.18947,0.112183,0.0183333,0.869484,2844.92
gov_equal-GovPower,govment_20,equal_21,hcabs_egpow,taxpay_egpow,159.074,0.333158,0.0921825,0.0470635,0.860754,2556.39
gov_equal-GovPower,govment_20,equal_21,hcabs_egpow,taxpay_egpow,172.341,0.239134,0.0849206,0.017619,0.89746,2877.05
gov_equal-GovPower,govment_20,equal_21,hcabs_egpow,taxpay_egpow,156.743,0.229305,0.108929,0.05,0.841071,2571.72
gov_equal-GovPower,govment_20,equal_21,hcabs_egpow,taxpay_egpow,163.74,0.173492,0.106032,0.0384921,0.855476,2696.81
gov_equal-GovPower,govment_20,equal_21,hcabs_egpow,taxpay_egpow,163.105,0.245051,0.0790079,0.0384921,0.8825,2627.45
gov_equal-GovPower,govment_20,equal_21,hcabs_egpow,taxpay_egpow,191.788,0.0781536,0.03,0.00730159,0.962698,3173.77
gov_equal-GovPower,govment_20,equal_21,hcabs_egpow,taxpay_egpow,170.283,0.211885,0.0887698,0.0181349,0.893095,2882.41
gov_equal-GovPower,govment_20,equal_21,hcabs_egpow,taxpay_egpow,156.676,0.401993,0.133889,0.00234127,0.86377,2692.97
gov_equal-GovPower,govment_20,equal_21,hcabs_egpow,taxpay_egpow,168.717,0.2413,0.126548,0.00821429,0.865238,2714.03
gov_equal-GovPower,govment_20,equal_21,hcabs_egpow,taxpay_egpow,171.931,0.145355,0.083373,0.0253175,0.89131,2773.85
gov_equal-GovPower,govment_20,equal_21,hcabs_egpow,taxpay_egpow,161.07,0.178159,0.153571,0.0263889,0.82004,2733.07
gov_equal-GovPower,govment_20,equal_21,hcabs_egpow,taxpay_egpow,164.677,0.251002,0.178294,0.0127381,0.808968,2658.01
gov_equal-GovPower,govment_20,equal_21,hcabs_egpow,taxpay_egpow,161.854,0.24113,0.119286,0.0205952,0.860119,2628.2
gov_equal-GovPower,govment_20,equal_21,hcabs_egpow,taxpay_egpow,156.752,0.185999,0.109048,0.0467857,0.844167,2532.23
gov_equal-GovPower,govment_20,equal_21,hcabs_egpow,taxpay_egpow,161.403,0.247859,0.122063,0.0326587,0.845278,2641.13
gov_equal-GovPower,govment_20,equal_21,hcabs_egpow,taxpay_egpow,151.768,0.268383,0.102381,0.0488492,0.84877,2447.94
gov_equal-GovPower,govment_20,equal_21,hcabs_egpow,taxpay_egpow,179.08,0.178929,0.0613095,0.0267063,0.911984,2901.08
gov_equal-GovPower,govment_20,equal_21,hcabs_egpow,taxpay_egpow,176.378,0.166148,0.0552778,0.0314286,0.913294,2851.54
gov_equal-GovPower,govment_20,equal_21,hcabs_egpow,taxpay_egpow,164.431,0.273418,0.0888492,0.0220238,0.889127,2794.84
gov_equal-GovPower,govment_20,equal_21,hcabs_egpow,taxpay_egpow,176.225,0.184958,0.135873,0.00857143,0.855556,2848.88
gov_equal-GovPower,govment_20,equal_21,hcabs_egpow,taxpay_egpow,156.632,0.253583,0.112063,0.0227381,0.865198,2619.46
gov_equal-GovPower,govment_20,equal_21,hcabs_egpow,taxpay_egpow,162.966,0.157853,0.0635714,0.0359127,0.900516,2872.26
gov_equal-GovPower,govment_20,equal_21,hcabs_egpow,taxpay_egpow,149.509,0.177939,0.09,0.045754,0.864246,2611.92
gov_equal-GovPower,govment_20,equal_21,hcabs_egpow,taxpay_egpow,168.845,0.14661,0.118929,0.0181746,0.862897,2829.08
gov_equal-GovPower,govment_20,equal_21,hcabs_egpow,taxpay_egpow,181.155,0.181339,0.0896032,0.00769841,0.902698,2941.93
gov_equal-GovPower,govment_20,equal_21,hcabs_egpow,taxpay_egpow,144.064,0.282167,0.106032,0.0422619,0.851706,2387.95
gov_equal-GovPower,govment_20,equal_21,hcabs_egpow,taxpay_egpow,155.053,0.226563,0.128452,0.0338095,0.837738,2618.67
gov_equal-GovPower,govment_20,equal_21,hcabs_egpow,taxpay_egpow,176.44,0.258098,0.0827381,0.00801587,0.909246,2810.23
gov_equal-GovPower,govment_20,equal_21,hcabs_egpow,taxpay_egpow,177.735,0.160253,0.136032,0.00531746,0.858651,2885.36
gov_equal-GovPower,govment_20,equal_21,hcabs_egpow,taxpay_egpow,157.709,0.195007,0.152937,0.0311508,0.815913,2586.4
gov_equal-GovPower,govment_20,equal_21,hcabs_egpow,taxpay_egpow,165.313,0.138486,0.145714,0.0185317,0.835754,2720.24
gov_equal-GovPower,govment_20,equal_21,hcabs_egpow,taxpay_egpow,136.755,0.229989,0.104524,0.0669444,0.828532,2290.76
gov_equal-GovPower,govment_20,equal_21,hcabs_egpow,taxpay_egpow,167.52,0.260611,0.183294,0.00892857,0.807778,2721.2
gov_equal-GovPower,govment_20,equal_21,hcabs_egpow,taxpay_egpow,153.17,0.18896,0.146508,0.0337698,0.819722,2489.03
gov_equal-GovPower,govment_20,equal_21,hcabs_egpow,taxpay_egpow,175.634,0.253345,0.0888889,0.0154762,0.895635,2856.29
gov_equal-GovPower,govment_20,equal_21,hcabs_egpow,taxpay_egpow,177.218,0.190525,0.0891667,0.0134921,0.897341,2920.75
gov_equal-GovPower,govment_20,equal_21,hcabs_egpow,taxpay_egpow,174.384,0.239994,0.0490476,0.0312698,0.919683,2830.05
gov_equal-GovPower,govment_20,equal_21,hcabs_egpow,taxpay_egpow,181.56,0.153355,0.0531746,0.0289683,0.917857,2933.38
gov_equal-GovPower,govment_20,equal_21,hcabs_egpow,taxpay_egpow,166.482,0.247788,0.142698,0.0255159,0.831786,2710.06
gov_equal-GovPower,govment_20,equal_21,hcabs_egpow,taxpay_egpow,155.504,0.225723,0.100397,0.0444841,0.855119,2493.54
gov_equal-GovPower,govment_20,equal_21,hcabs_egpow,taxpay_egpow,162.881,0.13243,0.114087,0.0279762,0.857937,2677.54
gov_equal-GovPower,govment_20,equal_21,hcabs_egpow,taxpay_egpow,175.104,0.166711,0.0932937,0.0250397,0.881667,2848.8
gov_equal-GovPower,govment_20,equal_21,hcabs_egpow,taxpay_egpow,162.82,0.231397,0.113333,0.0306746,0.855992,2611.09
gov_equal-GovPower,govment_20,equal_21,hcabs_egpow,taxpay_egpow,169.493,0.284071,0.0884524,0.0279365,0.883611,2733.45
gov_equal-GovPower,govment_20,equal_21,hcabs_egpow,taxpay_egpow,170.768,0.184636,0.0953571,0.0218651,0.882778,2776.53
gov_equal-GovPower,govment_20,equal_21,hcabs_egpow,taxpay_egpow,173.8,0.246114,0.0890873,0.0184127,0.8925,2768.85
gov_equal-GovPower,govment_20,equal_21,hcabs_egpow,taxpay_egpow,176.254,0.210443,0.0764286,0.0203571,0.903214,2951.57
gov_equal-GovPower,govment_20,equal_21,hcabs_egpow,taxpay_egpow,133.462,0.369803,0.21377,0.0524603,0.73377,2184.52
gov_equal-GovPower,govment_20,equal_21,hcabs_egpow,taxpay_egpow,170.511,0.298727,0.0964683,0.0198413,0.88369,2759.52
gov_equal-GovPower,govment_20,equal_21,hcabs_egpow,taxpay_egpow,163.888,0.332637,0.0674206,0.0281746,0.904405,2742.29
gov_equal-GovPower,govment_20,equal_21,hcabs_egpow,taxpay_egpow,165.116,0.207686,0.109167,0.0249603,0.865873,2771.66
gov_equal-GovPower,govment_20,equal_21,hcabs_egpow,taxpay_egpow,151.885,0.305172,0.0971825,0.0265873,0.87623,2650.92
gov_equal-GovPower,govment_20,equal_21,hcabs_egpow,taxpay_egpow,185.528,0.195931,0.0748413,0.0101984,0.91496,2917.26
gov_equal-GovPower,govment_20,equal_21,hcabs_egpow,taxpay_egpow,167.934,0.152383,0.089246,0.0330556,0.877698,2738.99
gov_equal-GovPower,govment_20,equal_21,hcabs_egpow,taxpay_egpow,146.095,0.281183,0.174921,0.0222619,0.802817,2486.8
gov_equal-GovPower,govment_20,equal_21,hcabs_egpow,taxpay_egpow,176.659,0.305785,0.0680159,0.0129365,0.919048,2972.05
gov_equal-GovPower,govment_20,equal_21,hcabs_egpow,taxpay_egpow,176.717,0.242178,0.0686905,0.0290873,0.902222,2853.2
gov_equal-GovPower,govment_20,equal_21,hcabs_egpow,taxpay_egpow,159.508,0.208932,0.117143,0.0323413,0.850516,2567.35
gov_equal-GovPower,govment_20,equal_21,hcabs_egpow,taxpay_egpow,171.792,0.217891,0.0734127,0.0312302,0.895357,2812.38
gov_equal-GovPower,govment_20,equal_21,hcabs_egpow,taxpay_egpow,175.068,0.262228,0.0678968,0.0186508,0.913452,2870.88
gov_equal-GovPower,govment_20,equal_21,hcabs_egpow,taxpay_egpow,165.294,0.256595,0.119444,0.0228968,0.857659,2700.55
gov_equal-GovPower,govment_20,equal_21,hcabs_egpow,taxpay_egpow,171.14,0.164383,0.059881,0.0238492,0.91627,2811.3
gov_equal-GovPower,govment_20,equal_21,hcabs_egpow,taxpay_egpow,167.462,0.187486,0.119325,0.0188095,0.861865,2732.28
gov_equal-GovPower,govment_20,equal_21,hcabs_egpow,taxpay_egpow,170.92,0.246637,0.0779365,0.0139683,0.908095,2755.12
gov_equal-GovPower,govment_20,equal_21,hcabs_egpow,taxpay_egpow,164.814,0.301646,0.121944,0.00448413,0.873571,2606.84
gov_equal-GovPower,govment_20,equal_21,hcabs_egpow,taxpay_egpow,144.822,0.286818,0.12996,0.0514286,0.818611,2398.29
gov_equal-GovPower,govment_20,equal_21,hcabs_egpow,taxpay_egpow,163.342,0.203049,0.0915476,0.0363889,0.872063,2664.99
