Govment,Players,InitPops,hcabs,taxpay,AvePop,GiniIndex,Keep,Take,Give,GovWealth
none,hcabs16_cats4,step_20,hcabs_cnone,taxpay_cnone,95.6633,0.457255,0.383,0.047625,0.569375,NAN
none,hcabs16_cats4,step_20,hcabs_cnone,taxpay_cnone,109.193,0.397895,0.375875,0.0524167,0.571708,NAN
none,hcabs16_cats4,step_20,hcabs_cnone,taxpay_cnone,108.507,0.512976,0.368,0.0709167,0.561083,NAN
none,hcabs16_cats4,step_20,hcabs_cnone,taxpay_cnone,85.1352,0.658075,0.385833,0.115542,0.498625,NAN
none,hcabs16_cats4,step_20,hcabs_cnone,taxpay_cnone,87.6297,0.487739,0.426042,0.0359583,0.538,NAN
none,hcabs16_cats4,step_20,hcabs_cnone,taxpay_cnone,77.3579,0.536051,0.471375,0.0440417,0.484583,NAN
none,hcabs16_cats4,step_20,hcabs_cnone,taxpay_cnone,93.6549,0.394057,0.357958,0.101583,0.540458,NAN
none,hcabs16_cats4,step_20,hcabs_cnone,taxpay_cnone,92.8985,0.507844,0.404042,0.0425833,0.553375,NAN
none,hcabs16_cats4,step_20,hcabs_cnone,taxpay_cnone,68.4488,0.582673,0.46825,0.08275,0.449,NAN
none,hcabs16_cats4,step_20,hcabs_cnone,taxpay_cnone,87.2904,0.516903,0.373208,0.046,0.580792,NAN
none,hcabs16_cats4,step_20,hcabs_cnone,taxpay_cnone,83.2652,0.574234,0.4015,0.0637083,0.534792,NAN
none,hcabs16_cats4,step_20,hcabs_cnone,taxpay_cnone,86.3715,0.506519,0.387667,0.110167,0.502167,NAN
none,hcabs16_cats4,step_20,hcabs_cnone,taxpay_cnone,67.759,0.514864,0.356625,0.0738333,0.569542,NAN
none,hcabs16_cats4,step_20,hcabs_cnone,taxpay_cnone,79.462,0.495356,0.440083,0.0851667,0.47475,NAN
none,hcabs16_cats4,step_20,hcabs_cnone,taxpay_cnone,82.9093,0.49386,0.441,0.0516667,0.507333,NAN
none,hcabs16_cats4,step_20,hcabs_cnone,taxpay_cnone,92.1007,0.445965,0.317292,0.065,0.617708,NAN
none,hcabs16_cats4,step_20,hcabs_cnone,taxpay_cnone,94.2119,0.482021,0.3905,0.0552917,0.554208,NAN
none,hcabs16_cats4,step_20,hcabs_cnone,taxpay_cnone,87.8381,0.51267,0.458458,0.0535417,0.488,NAN
none,hcabs16_cats4,step_20,hcabs_cnone,taxpay_cnone,76.707,0.588706,0.515125,0.048125,0.43675,NAN
none,hcabs16_cats4,step_20,hcabs_cnone,taxpay_cnone,69.0543,0.671464,0.505042,0.0607917,0.434167,NAN
none,hcabs16_cats4,step_20,hcabs_cnone,taxpay_cnone,87.3665,0.481276,0.407042,0.0548333,0.538125,NAN
none,hcabs16_cats4,step_20,hcabs_cnone,taxpay_cnone,99.6533,0.431101,0.405833,0.0564167,0.53775,NAN
none,hcabs16_cats4,step_20,hcabs_cnone,taxpay_cnone,86.8683,0.485607,0.406,0.0532917,0.540708,NAN
none,hcabs16_cats4,step_20,hcabs_cnone,taxpay_cnone,100.919,0.425958,0.439708,0.0597917,0.5005,NAN
none,hcabs16_cats4,step_20,hcabs_cnone,taxpay_cnone,94.061,0.45135,0.458167,0.0404583,0.501375,NAN
none,hcabs16_cats4,step_20,hcabs_cnone,taxpay_cnone,98.7783,0.411212,0.380625,0.0442917,0.575083,NAN
none,hcabs16_cats4,step_20,hcabs_cnone,taxpay_cnone,102.495,0.374409,0.372125,0.0425417,0.585333,NAN
none,hcabs16_cats4,step_20,hcabs_cnone,taxpay_cnone,86.3354,0.52773,0.312833,0.0679167,0.61925,NAN
none,hcabs16_cats4,step_20,hcabs_cnone,taxpay_cnone,131.162,0.428602,0.326667,0.098,0.575333,NAN
none,hcabs16_cats4,step_20,hcabs_cnone,taxpay_cnone,81.6763,0.548898,0.437375,0.0508333,0.511792,NAN
none,hcabs16_cats4,step_20,hcabs_cnone,taxpay_cnone,78.8984,0.569879,0.306042,0.0799167,0.614042,NAN
none,hcabs16_cats4,step_20,hcabs_cnone,taxpay_cnone,61.9435,0.739124,0.4365,0.0680417,0.495458,NAN
none,hcabs16_cats4,step_20,hcabs_cnone,taxpay_cnone,87.9717,0.575796,0.3745,0.044125,0.581375,NAN
none,hcabs16_cats4,step_20,hcabs_cnone,taxpay_cnone,81.0257,0.641966,0.423375,0.066875,0.50975,NAN
none,hcabs16_cats4,step_20,hcabs_cnone,taxpay_cnone,104.21,0.504742,0.309083,0.0479583,0.642958,NAN
none,hcabs16_cats4,step_20,hcabs_cnone,taxpay_cnone,96.2088,0.522444,0.389833,0.0542917,0.555875,NAN
none,hcabs16_cats4,step_20,hcabs_cnone,taxpay_cnone,81.9563,0.541222,0.485792,0.0690833,0.445125,NAN
none,hcabs16_cats4,step_20,hcabs_cnone,taxpay_cnone,93.8968,0.577193,0.455458,0.0502917,0.49425,NAN
none,hcabs16_cats4,step_20,hcabs_cnone,taxpay_cnone,75.3793,0.583595,0.380125,0.0820833,0.537792,NAN
none,hcabs16_cats4,step_20,hcabs_cnone,taxpay_cnone,93.2424,0.433944,0.395292,0.0644167,0.540292,NAN
none,hcabs16_cats4,step_20,hcabs_cnone,taxpay_cnone,80.4938,0.548709,0.430375,0.064875,0.50475,NAN
none,hcabs16_cats4,step_20,hcabs_cnone,taxpay_cnone,112.085,0.402394,0.248208,0.0600417,0.69175,NAN
none,hcabs16_cats4,step_20,hcabs_cnone,taxpay_cnone,85.8958,0.498617,0.392792,0.0652917,0.541917,NAN
none,hcabs16_cats4,step_20,hcabs_cnone,taxpay_cnone,106.1,0.386792,0.328833,0.0531667,0.618,NAN
none,hcabs16_cats4,step_20,hcabs_cnone,taxpay_cnone,121.276,0.371411,0.255,0.0685,0.6765,NAN
none,hcabs16_cats4,step_20,hcabs_cnone,taxpay_cnone,86.6726,0.398481,0.362875,0.0680833,0.569042,NAN
none,hcabs16_cats4,step_20,hcabs_cnone,taxpay_cnone,82.6,0.665052,0.4095,0.0642083,0.526292,NAN
none,hcabs16_cats4,step_20,hcabs_cnone,taxpay_cnone,95.0565,0.46511,0.452125,0.0528333,0.495042,NAN
none,hcabs16_cats4,step_20,hcabs_cnone,taxpay_cnone,79.5231,0.541613,0.45325,0.0434583,0.503292,NAN
none,hcabs16_cats4,step_20,hcabs_cnone,taxpay_cnone,95.8872,0.463774,0.419042,0.0505,0.530458,NAN
none,hcabs16_cats4,step_20,hcabs_cnone,taxpay_cnone,63.0786,0.62902,0.40025,0.0814167,0.518333,NAN
none,hcabs16_cats4,step_20,hcabs_cnone,taxpay_cnone,89.0433,0.433696,0.411208,0.063,0.525792,NAN
none,hcabs16_cats4,step_20,hcabs_cnone,taxpay_cnone,74.8011,0.593813,0.30875,0.0737083,0.617542,NAN
none,hcabs16_cats4,step_20,hcabs_cnone,taxpay_cnone,69.3946,0.621317,0.400542,0.0545833,0.544875,NAN
none,hcabs16_cats4,step_20,hcabs_cnone,taxpay_cnone,90.7412,0.405112,0.393583,0.0520417,0.554375,NAN
none,hcabs16_cats4,step_20,hcabs_cnone,taxpay_cnone,96.7407,0.493733,0.36675,0.0366667,0.596583,NAN
none,hcabs16_cats4,step_20,hcabs_cnone,taxpay_cnone,70.1075,0.534669,0.436458,0.08875,0.474792,NAN
none,hcabs16_cats4,step_20,hcabs_cnone,taxpay_cnone,99.2578,0.409393,0.381875,0.0450417,0.573083,NAN
none,hcabs16_cats4,step_20,hcabs_cnone,taxpay_cnone,83.5464,0.477381,0.387375,0.0628333,0.549792,NAN
none,hcabs16_cats4,step_20,hcabs_cnone,taxpay_cnone,87.3602,0.532237,0.384083,0.0515417,0.564375,NAN
none,hcabs16_cats4,step_20,hcabs_cnone,taxpay_cnone,88.2907,0.583059,0.363458,0.08,0.556542,NAN
none,hcabs16_cats4,step_20,hcabs_cnone,taxpay_cnone,115.59,0.358057,0.309625,0.0559167,0.634458,NAN
none,hcabs16_cats4,step_20,hcabs_cnone,taxpay_cnone,82.9574,0.52982,0.357333,0.0841667,0.5585,NAN
none,hcabs16_cats4,step_20,hcabs_cnone,taxpay_cnone,86.5407,0.457716,0.46,0.0363333,0.503667,NAN
none,hcabs16_cats4,step_20,hcabs_cnone,taxpay_cnone,90.8056,0.493908,0.319083,0.0690417,0.611875,NAN
none,hcabs16_cats4,step_20,hcabs_cnone,taxpay_cnone,86.8405,0.500943,0.368875,0.0627083,0.568417,NAN
none,hcabs16_cats4,step_20,hcabs_cnone,taxpay_cnone,71.2431,0.548421,0.451708,0.051375,0.496917,NAN
none,hcabs16_cats4,step_20,hcabs_cnone,taxpay_cnone,73.4355,0.515934,0.406958,0.0593333,0.533708,NAN
none,hcabs16_cats4,step_20,hcabs_cnone,taxpay_cnone,93.9005,0.459941,0.356708,0.0589583,0.584333,NAN
none,hcabs16_cats4,step_20,hcabs_cnone,taxpay_cnone,169.368,0.611671,0.332292,0.0959583,0.57175,NAN
none,hcabs16_cats4,step_20,hcabs_cnone,taxpay_cnone,100.21,0.606952,0.392,0.0525417,0.555458,NAN
none,hcabs16_cats4,step_20,hcabs_cnone,taxpay_cnone,121.654,0.64827,0.454792,0.116208,0.429,NAN
none,hcabs16_cats4,step_20,hcabs_cnone,taxpay_cnone,58.0592,0.669788,0.507875,0.0715417,0.420583,NAN
none,hcabs16_cats4,step_20,hcabs_cnone,taxpay_cnone,56.8326,0.619612,0.456208,0.0595,0.484292,NAN
none,hcabs16_cats4,step_20,hcabs_cnone,taxpay_cnone,92.4601,0.554078,0.31325,0.064,0.62275,NAN
none,hcabs16_cats4,step_20,hcabs_cnone,taxpay_cnone,65.2672,0.578176,0.534917,0.05425,0.410833,NAN
none,hcabs16_cats4,step_20,hcabs_cnone,taxpay_cnone,71.4852,0.619599,0.340583,0.116875,0.542542,NAN
none,hcabs16_cats4,step_20,hcabs_cnone,taxpay_cnone,72.9864,0.507245,0.335875,0.0985,0.565625,NAN
none,hcabs16_cats4,step_20,hcabs_cnone,taxpay_cnone,83.1589,0.511004,0.435583,0.0341667,0.53025,NAN
none,hcabs16_cats4,step_20,hcabs_cnone,taxpay_cnone,72.334,0.66928,0.447208,0.0654167,0.487375,NAN
none,hcabs16_cats4,step_20,hcabs_cnone,taxpay_cnone,104.318,0.443976,0.441167,0.0700417,0.488792,NAN
none,hcabs16_cats4,step_20,hcabs_cnone,taxpay_cnone,82.4886,0.474941,0.441333,0.0450417,0.513625,NAN
none,hcabs16_cats4,step_20,hcabs_cnone,taxpay_cnone,107.575,0.441607,0.411333,0.056125,0.532542,NAN
none,hcabs16_cats4,step_20,hcabs_cnone,taxpay_cnone,108.205,0.454491,0.398958,0.0497083,0.551333,NAN
none,hcabs16_cats4,step_20,hcabs_cnone,taxpay_cnone,69.7439,0.581212,0.461875,0.076875,0.46125,NAN
none,hcabs16_cats4,step_20,hcabs_cnone,taxpay_cnone,99.747,0.464374,0.353375,0.0425833,0.604042,NAN
none,hcabs16_cats4,step_20,hcabs_cnone,taxpay_cnone,96.0577,0.431476,0.307875,0.05125,0.640875,NAN
none,hcabs16_cats4,step_20,hcabs_cnone,taxpay_cnone,87.5971,0.660432,0.322667,0.0807917,0.596542,NAN
none,hcabs16_cats4,step_20,hcabs_cnone,taxpay_cnone,81.3385,0.498374,0.458708,0.059125,0.482167,NAN
none,hcabs16_cats4,step_20,hcabs_cnone,taxpay_cnone,82.0083,0.575173,0.427792,0.0417917,0.530417,NAN
none,hcabs16_cats4,step_20,hcabs_cnone,taxpay_cnone,94.7475,0.483178,0.320167,0.0532917,0.626542,NAN
none,hcabs16_cats4,step_20,hcabs_cnone,taxpay_cnone,175.96,0.646529,0.283458,0.094875,0.621667,NAN
none,hcabs16_cats4,step_20,hcabs_cnone,taxpay_cnone,77.4741,0.56834,0.363958,0.08475,0.551292,NAN
none,hcabs16_cats4,step_20,hcabs_cnone,taxpay_cnone,86.8954,0.471515,0.407917,0.0502083,0.541875,NAN
none,hcabs16_cats4,step_20,hcabs_cnone,taxpay_cnone,81.9485,0.639915,0.431,0.112667,0.456333,NAN
none,hcabs16_cats4,step_20,hcabs_cnone,taxpay_cnone,87.3811,0.579304,0.428958,0.0529583,0.518083,NAN
none,hcabs16_cats4,step_20,hcabs_cnone,taxpay_cnone,77.8136,0.504941,0.440625,0.063375,0.496,NAN
none,hcabs16_cats4,step_20,hcabs_cnone,taxpay_cnone,77.6459,0.541088,0.432292,0.0670417,0.500667,NAN
none,hcabs16_cats4,step_20,hcabs_cnone,taxpay_cnone,66.0407,0.543621,0.493208,0.0627083,0.444083,NAN
none,hcabs16_cats4,step_20,hcabs_cnone,taxpay_cnone,116.52,0.50386,0.353583,0.0529583,0.593458,NAN
gov_cats-20-80,gov_hcabs16_cats4,equal_21,hcabs_c2080,taxpay_c2080,147.475,0.229663,0.242143,0.0828968,0.67496,1107.81
gov_cats-20-80,gov_hcabs16_cats4,equal_21,hcabs_c2080,taxpay_c2080,150.839,0.214846,0.222817,0.12627,0.650913,1073.21
gov_cats-20-80,gov_hcabs16_cats4,equal_21,hcabs_c2080,taxpay_c2080,143.061,0.315407,0.25496,0.118413,0.626627,1048.76
gov_cats-20-80,gov_hcabs16_cats4,equal_21,hcabs_c2080,taxpay_c2080,103.218,0.250167,0.230992,0.17119,0.597817,827.784
gov_cats-20-80,gov_hcabs16_cats4,equal_21,hcabs_c2080,taxpay_c2080,125.91,0.345306,0.228056,0.111071,0.660873,1078.86
gov_cats-20-80,gov_hcabs16_cats4,equal_21,hcabs_c2080,taxpay_c2080,154.963,0.352525,0.246746,0.109762,0.643492,1273.46
gov_cats-20-80,gov_hcabs16_cats4,equal_21,hcabs_c2080,taxpay_c2080,173.501,0.242417,0.213294,0.0995238,0.687183,1253.25
gov_cats-20-80,gov_hcabs16_cats4,equal_21,hcabs_c2080,taxpay_c2080,142.167,0.321322,0.287778,0.104643,0.607579,1063.44
gov_cats-20-80,gov_hcabs16_cats4,equal_21,hcabs_c2080,taxpay_c2080,125.48,0.291465,0.275476,0.0897222,0.634802,1042.08
gov_cats-20-80,gov_hcabs16_cats4,equal_21,hcabs_c2080,taxpay_c2080,116.986,0.289076,0.177857,0.175317,0.646825,850.951
gov_cats-20-80,gov_hcabs16_cats4,equal_21,hcabs_c2080,taxpay_c2080,100.47,0.307288,0.253373,0.157341,0.589286,780.9
gov_cats-20-80,gov_hcabs16_cats4,equal_21,hcabs_c2080,taxpay_c2080,73.8599,0.280928,0.297421,0.108333,0.594246,726.023
gov_cats-20-80,gov_hcabs16_cats4,equal_21,hcabs_c2080,taxpay_c2080,123.08,0.264722,0.19131,0.16746,0.64123,935.841
gov_cats-20-80,gov_hcabs16_cats4,equal_21,hcabs_c2080,taxpay_c2080,121.994,0.260679,0.250437,0.0998016,0.649762,970.489
gov_cats-20-80,gov_hcabs16_cats4,equal_21,hcabs_c2080,taxpay_c2080,152.94,0.246184,0.256825,0.0938095,0.649365,1148.38
gov_cats-20-80,gov_hcabs16_cats4,equal_21,hcabs_c2080,taxpay_c2080,77.455,0.299575,0.241944,0.151032,0.607024,618.765
gov_cats-20-80,gov_hcabs16_cats4,equal_21,hcabs_c2080,taxpay_c2080,119.585,0.291396,0.302183,0.0889286,0.608889,914.053
gov_cats-20-80,gov_hcabs16_cats4,equal_21,hcabs_c2080,taxpay_c2080,134.097,0.252272,0.208413,0.145198,0.646389,1032.83
gov_cats-20-80,gov_hcabs16_cats4,equal_21,hcabs_c2080,taxpay_c2080,102.09,0.247206,0.291111,0.100833,0.608056,905.81
gov_cats-20-80,gov_hcabs16_cats4,equal_21,hcabs_c2080,taxpay_c2080,77.5588,0.297862,0.285,0.104524,0.610476,732.806
gov_cats-20-80,gov_hcabs16_cats4,equal_21,hcabs_c2080,taxpay_c2080,96.8432,0.28458,0.170913,0.205913,0.623175,852.533
gov_cats-20-80,gov_hcabs16_cats4,equal_21,hcabs_c2080,taxpay_c2080,102.179,0.304903,0.211429,0.196587,0.591984,762.171
gov_cats-20-80,gov_hcabs16_cats4,equal_21,hcabs_c2080,taxpay_c2080,135.601,0.264743,0.228889,0.134365,0.636746,946.657
gov_cats-20-80,gov_hcabs16_cats4,equal_21,hcabs_c2080,taxpay_c2080,117.766,0.28621,0.216746,0.160079,0.623175,882.426
gov_cats-20-80,gov_hcabs16_cats4,equal_21,hcabs_c2080,taxpay_c2080,59.3789,0.309945,0.264683,0.145357,0.58996,594.714
gov_cats-20-80,gov_hcabs16_cats4,equal_21,hcabs_c2080,taxpay_c2080,110.001,0.355211,0.224722,0.128413,0.646865,795.72
gov_cats-20-80,gov_hcabs16_cats4,equal_21,hcabs_c2080,taxpay_c2080,96.2656,0.240741,0.249405,0.156508,0.594087,801.606
gov_cats-20-80,gov_hcabs16_cats4,equal_21,hcabs_c2080,taxpay_c2080,91.0883,0.295145,0.251548,0.157183,0.59127,738.517
gov_cats-20-80,gov_hcabs16_cats4,equal_21,hcabs_c2080,taxpay_c2080,62.4836,0.304114,0.219524,0.181111,0.599365,545.15
gov_cats-20-80,gov_hcabs16_cats4,equal_21,hcabs_c2080,taxpay_c2080,88.5284,0.313555,0.316071,0.100714,0.583214,785.371
gov_cats-20-80,gov_hcabs16_cats4,equal_21,hcabs_c2080,taxpay_c2080,127.057,0.268699,0.248135,0.111389,0.640476,996.236
gov_cats-20-80,gov_hcabs16_cats4,equal_21,hcabs_c2080,taxpay_c2080,98.1213,0.28416,0.23131,0.125079,0.643611,879.382
gov_cats-20-80,gov_hcabs16_cats4,equal_21,hcabs_c2080,taxpay_c2080,120.067,0.327579,0.22119,0.149603,0.629206,914.052
gov_cats-20-80,gov_hcabs16_cats4,equal_21,hcabs_c2080,taxpay_c2080,123.563,0.250539,0.194325,0.189762,0.615913,947.368
gov_cats-20-80,gov_hcabs16_cats4,equal_21,hcabs_c2080,taxpay_c2080,111.599,0.288173,0.313254,0.0856349,0.601111,870.119
gov_cats-20-80,gov_hcabs16_cats4,equal_21,hcabs_c2080,taxpay_c2080,84.4038,0.275306,0.238095,0.177857,0.584048,682.511
gov_cats-20-80,gov_hcabs16_cats4,equal_21,hcabs_c2080,taxpay_c2080,129.169,0.264409,0.257341,0.138532,0.604127,1027.69
gov_cats-20-80,gov_hcabs16_cats4,equal_21,hcabs_c2080,taxpay_c2080,98.3838,0.355087,0.32746,0.0961905,0.576349,777.924
gov_cats-20-80,gov_hcabs16_cats4,equal_21,hcabs_c2080,taxpay_c2080,110.771,0.290621,0.266389,0.124127,0.609484,895.565
gov_cats-20-80,gov_hcabs16_cats4,equal_21,hcabs_c2080,taxpay_c2080,141.327,0.251806,0.21631,0.135754,0.647937,1120.22
gov_cats-20-80,gov_hcabs16_cats4,equal_21,hcabs_c2080,taxpay_c2080,98.6976,0.258056,0.296865,0.0823016,0.620833,736.054
gov_cats-20-80,gov_hcabs16_cats4,equal_21,hcabs_c2080,taxpay_c2080,104.827,0.272032,0.244921,0.127698,0.627381,811.352
gov_cats-20-80,gov_hcabs16_cats4,equal_21,hcabs_c2080,taxpay_c2080,109.981,0.349381,0.262659,0.122976,0.614365,927.625
gov_cats-20-80,gov_hcabs16_cats4,equal_21,hcabs_c2080,taxpay_c2080,139.122,0.249356,0.188373,0.16877,0.642857,1074.35
gov_cats-20-80,gov_hcabs16_cats4,equal_21,hcabs_c2080,taxpay_c2080,180.363,0.23415,0.167143,0.121825,0.711032,1305.8
gov_cats-20-80,gov_hcabs16_cats4,equal_21,hcabs_c2080,taxpay_c2080,118.894,0.244533,0.296706,0.0775,0.625794,936.894
gov_cats-20-80,gov_hcabs16_cats4,equal_21,hcabs_c2080,taxpay_c2080,85.5654,0.25613,0.203095,0.217619,0.579286,719.689
gov_cats-20-80,gov_hcabs16_cats4,equal_21,hcabs_c2080,taxpay_c2080,62.5202,0.354411,0.275079,0.13127,0.593651,589.799
gov_cats-20-80,gov_hcabs16_cats4,equal_21,hcabs_c2080,taxpay_c2080,128.033,0.240242,0.267302,0.107619,0.625079,885.237
gov_cats-20-80,gov_hcabs16_cats4,equal_21,hcabs_c2080,taxpay_c2080,87.0081,0.252591,0.306429,0.103452,0.590119,810.33
gov_cats-20-80,gov_hcabs16_cats4,equal_21,hcabs_c2080,taxpay_c2080,115.269,0.288133,0.280794,0.154008,0.565198,935.217
gov_cats-20-80,gov_hcabs16_cats4,equal_21,hcabs_c2080,taxpay_c2080,102.526,0.295778,0.247976,0.191071,0.560952,814.925
gov_cats-20-80,gov_hcabs16_cats4,equal_21,hcabs_c2080,taxpay_c2080,97.3752,0.312554,0.253532,0.14369,0.602778,806.781
gov_cats-20-80,gov_hcabs16_cats4,equal_21,hcabs_c2080,taxpay_c2080,95.9042,0.263018,0.16246,0.203254,0.634286,810.626
gov_cats-20-80,gov_hcabs16_cats4,equal_21,hcabs_c2080,taxpay_c2080,117.773,0.27811,0.247063,0.10123,0.651706,915.53
gov_cats-20-80,gov_hcabs16_cats4,equal_21,hcabs_c2080,taxpay_c2080,114.907,0.27392,0.299881,0.082381,0.617738,956.631
gov_cats-20-80,gov_hcabs16_cats4,equal_21,hcabs_c2080,taxpay_c2080,90.5903,0.311126,0.238016,0.134643,0.627341,780.71
gov_cats-20-80,gov_hcabs16_cats4,equal_21,hcabs_c2080,taxpay_c2080,103.224,0.249388,0.305079,0.100397,0.594524,791.184
gov_cats-20-80,gov_hcabs16_cats4,equal_21,hcabs_c2080,taxpay_c2080,54.5552,0.31912,0.268333,0.140079,0.591587,536.818
gov_cats-20-80,gov_hcabs16_cats4,equal_21,hcabs_c2080,taxpay_c2080,116.366,0.260206,0.197897,0.153175,0.648929,947.546
gov_cats-20-80,gov_hcabs16_cats4,equal_21,hcabs_c2080,taxpay_c2080,132.672,0.291818,0.252857,0.112183,0.63496,1041.44
gov_cats-20-80,gov_hcabs16_cats4,equal_21,hcabs_c2080,taxpay_c2080,78.6187,0.278377,0.257619,0.167421,0.57496,686.366
gov_cats-20-80,gov_hcabs16_cats4,equal_21,hcabs_c2080,taxpay_c2080,131.821,0.315624,0.145317,0.195397,0.659286,1041.27
gov_cats-20-80,gov_hcabs16_cats4,equal_21,hcabs_c2080,taxpay_c2080,82.3232,0.23814,0.323294,0.118135,0.558571,675.777
gov_cats-20-80,gov_hcabs16_cats4,equal_21,hcabs_c2080,taxpay_c2080,119.023,0.262143,0.181508,0.165397,0.653095,953.422
gov_cats-20-80,gov_hcabs16_cats4,equal_21,hcabs_c2080,taxpay_c2080,127.329,0.324998,0.260952,0.0983333,0.640714,997.937
gov_cats-20-80,gov_hcabs16_cats4,equal_21,hcabs_c2080,taxpay_c2080,84.2587,0.317689,0.25631,0.120833,0.622857,722.885
gov_cats-20-80,gov_hcabs16_cats4,equal_21,hcabs_c2080,taxpay_c2080,80.7386,0.334918,0.241825,0.168254,0.589921,754.562
gov_cats-20-80,gov_hcabs16_cats4,equal_21,hcabs_c2080,taxpay_c2080,138.301,0.302984,0.265675,0.0702381,0.664087,1013.71
gov_cats-20-80,gov_hcabs16_cats4,equal_21,hcabs_c2080,taxpay_c2080,93.215,0.27941,0.277937,0.138849,0.583214,809.881
gov_cats-20-80,gov_hcabs16_cats4,equal_21,hcabs_c2080,taxpay_c2080,126.928,0.273818,0.234722,0.16496,0.600317,919.126
gov_cats-20-80,gov_hcabs16_cats4,equal_21,hcabs_c2080,taxpay_c2080,121.317,0.27948,0.244683,0.11254,0.642778,1099.17
gov_cats-20-80,gov_hcabs16_cats4,equal_21,hcabs_c2080,taxpay_c2080,140.609,0.289074,0.192619,0.16119,0.64619,1070.6
gov_cats-20-80,gov_hcabs16_cats4,equal_21,hcabs_c2080,taxpay_c2080,104.094,0.269071,0.214008,0.154087,0.631905,863.154
gov_cats-20-80,gov_hcabs16_cats4,equal_21,hcabs_c2080,taxpay_c2080,118.186,0.248251,0.212381,0.154484,0.633135,982.197
gov_cats-20-80,gov_hcabs16_cats4,equal_21,hcabs_c2080,taxpay_c2080,110.356,0.283192,0.230873,0.171825,0.597302,920.29
gov_cats-20-80,gov_hcabs16_cats4,equal_21,hcabs_c2080,taxpay_c2080,67.5666,0.357369,0.288968,0.150714,0.560317,612.46
gov_cats-20-80,gov_hcabs16_cats4,equal_21,hcabs_c2080,taxpay_c2080,125.877,0.347135,0.234921,0.16123,0.603849,1014.1
gov_cats-20-80,gov_hcabs16_cats4,equal_21,hcabs_c2080,taxpay_c2080,110.631,0.284528,0.17254,0.171865,0.655595,925.578
gov_cats-20-80,gov_hcabs16_cats4,equal_21,hcabs_c2080,taxpay_c2080,65.2218,0.313338,0.239405,0.177341,0.583254,625.514
gov_cats-20-80,gov_hcabs16_cats4,equal_21,hcabs_c2080,taxpay_c2080,182.603,0.302405,0.233135,0.0778175,0.689048,1320.08
gov_cats-20-80,gov_hcabs16_cats4,equal_21,hcabs_c2080,taxpay_c2080,115.966,0.309113,0.124524,0.202183,0.673294,941.57
gov_cats-20-80,gov_hcabs16_cats4,equal_21,hcabs_c2080,taxpay_c2080,118.42,0.251778,0.312619,0.0996429,0.587738,864.375
gov_cats-20-80,gov_hcabs16_cats4,equal_21,hcabs_c2080,taxpay_c2080,87.7594,0.305619,0.276508,0.152857,0.570635,760.002
gov_cats-20-80,gov_hcabs16_cats4,equal_21,hcabs_c2080,taxpay_c2080,103.369,0.384597,0.281071,0.112103,0.606825,719.143
gov_cats-20-80,gov_hcabs16_cats4,equal_21,hcabs_c2080,taxpay_c2080,89.4593,0.36362,0.191151,0.222421,0.586429,717.45
gov_cats-20-80,gov_hcabs16_cats4,equal_21,hcabs_c2080,taxpay_c2080,128.21,0.251984,0.221865,0.11369,0.664444,977.344
gov_cats-20-80,gov_hcabs16_cats4,equal_21,hcabs_c2080,taxpay_c2080,100.178,0.266936,0.26369,0.146825,0.589484,797.409
gov_cats-20-80,gov_hcabs16_cats4,equal_21,hcabs_c2080,taxpay_c2080,108.621,0.248675,0.23504,0.143929,0.621032,879.534
gov_cats-20-80,gov_hcabs16_cats4,equal_21,hcabs_c2080,taxpay_c2080,111.495,0.39896,0.29996,0.133373,0.566667,914.355
gov_cats-20-80,gov_hcabs16_cats4,equal_21,hcabs_c2080,taxpay_c2080,113.192,0.386562,0.23873,0.164722,0.596548,917.5
gov_cats-20-80,gov_hcabs16_cats4,equal_21,hcabs_c2080,taxpay_c2080,144.876,0.346749,0.26377,0.136984,0.599246,1075.32
gov_cats-20-80,gov_hcabs16_cats4,equal_21,hcabs_c2080,taxpay_c2080,140.065,0.29304,0.154802,0.168016,0.677183,1066.57
gov_cats-20-80,gov_hcabs16_cats4,equal_21,hcabs_c2080,taxpay_c2080,106.72,0.345907,0.179762,0.184167,0.636071,892.649
gov_cats-20-80,gov_hcabs16_cats4,equal_21,hcabs_c2080,taxpay_c2080,107.985,0.389235,0.23,0.176389,0.593611,994.792
gov_cats-20-80,gov_hcabs16_cats4,equal_21,hcabs_c2080,taxpay_c2080,94.3985,0.353951,0.172222,0.208889,0.618889,803.623
gov_cats-20-80,gov_hcabs16_cats4,equal_21,hcabs_c2080,taxpay_c2080,70.7385,0.260924,0.30123,0.126984,0.571786,648.251
gov_cats-20-80,gov_hcabs16_cats4,equal_21,hcabs_c2080,taxpay_c2080,89.6155,0.27589,0.248452,0.152222,0.599325,753.568
gov_cats-20-80,gov_hcabs16_cats4,equal_21,hcabs_c2080,taxpay_c2080,69.7913,0.329993,0.295397,0.103611,0.600992,650.86
gov_cats-20-80,gov_hcabs16_cats4,equal_21,hcabs_c2080,taxpay_c2080,134.8,0.256674,0.284603,0.0736905,0.641706,946.722
gov_cats-50-50,gov_hcabs16_cats4,equal_21,hcabs_c5050,taxpay_c5050,97.3631,0.328926,0.317817,0.0501984,0.631984,825.668
gov_cats-50-50,gov_hcabs16_cats4,equal_21,hcabs_c5050,taxpay_c5050,171.616,0.274918,0.280992,0.0515079,0.6675,1163.98
gov_cats-50-50,gov_hcabs16_cats4,equal_21,hcabs_c5050,taxpay_c5050,137.313,0.236742,0.327063,0.0830952,0.589841,729.155
gov_cats-50-50,gov_hcabs16_cats4,equal_21,hcabs_c5050,taxpay_c5050,153.158,0.266959,0.334087,0.0465873,0.619325,1030.05
gov_cats-50-50,gov_hcabs16_cats4,equal_21,hcabs_c5050,taxpay_c5050,115.777,0.316514,0.353968,0.0425397,0.603492,794.476
gov_cats-50-50,gov_hcabs16_cats4,equal_21,hcabs_c5050,taxpay_c5050,127.748,0.358092,0.29246,0.0700794,0.63746,1049.08
gov_cats-50-50,gov_hcabs16_cats4,equal_21,hcabs_c5050,taxpay_c5050,113.403,0.295245,0.32131,0.0309127,0.647778,949.058
gov_cats-50-50,gov_hcabs16_cats4,equal_21,hcabs_c5050,taxpay_c5050,199.576,0.262723,0.34373,0.0208333,0.635437,1055.4
gov_cats-50-50,gov_hcabs16_cats4,equal_21,hcabs_c5050,taxpay_c5050,145.009,0.346178,0.291032,0.0743651,0.634603,850.726
gov_cats-50-50,gov_hcabs16_cats4,equal_21,hcabs_c5050,taxpay_c5050,153.079,0.264788,0.27381,0.0872222,0.638968,972.306
gov_cats-50-50,gov_hcabs16_cats4,equal_21,hcabs_c5050,taxpay_c5050,106.744,0.368979,0.327063,0.023254,0.649683,803.915
gov_cats-50-50,gov_hcabs16_cats4,equal_21,hcabs_c5050,taxpay_c5050,207.781,0.217334,0.307817,0.0186508,0.673532,1117.77
gov_cats-50-50,gov_hcabs16_cats4,equal_21,hcabs_c5050,taxpay_c5050,90.767,0.326622,0.352063,0.0472222,0.600714,771.25
gov_cats-50-50,gov_hcabs16_cats4,equal_21,hcabs_c5050,taxpay_c5050,174.081,0.233094,0.355794,0.0173413,0.626865,918.549
gov_cats-50-50,gov_hcabs16_cats4,equal_21,hcabs_c5050,taxpay_c5050,175.623,0.235584,0.307143,0.0305952,0.662262,997.534
gov_cats-50-50,gov_hcabs16_cats4,equal_21,hcabs_c5050,taxpay_c5050,127.98,0.308007,0.354643,0.0622619,0.583095,745.322
gov_cats-50-50,gov_hcabs16_cats4,equal_21,hcabs_c5050,taxpay_c5050,192.872,0.239678,0.298016,0.0281349,0.673849,1053.53
gov_cats-50-50,gov_hcabs16_cats4,equal_21,hcabs_c5050,taxpay_c5050,125.344,0.275487,0.327778,0.0538889,0.618333,901.478
gov_cats-50-50,gov_hcabs16_cats4,equal_21,hcabs_c5050,taxpay_c5050,60.2585,0.412143,0.319484,0.095873,0.584643,539.981
gov_cats-50-50,gov_hcabs16_cats4,equal_21,hcabs_c5050,taxpay_c5050,133.535,0.317006,0.25254,0.0569048,0.690556,934.151
gov_cats-50-50,gov_hcabs16_cats4,equal_21,hcabs_c5050,taxpay_c5050,102.151,0.309353,0.305913,0.097619,0.596468,654.937
gov_cats-50-50,gov_hcabs16_cats4,equal_21,hcabs_c5050,taxpay_c5050,137.935,0.334921,0.392698,0.0358333,0.571468,950.708
gov_cats-50-50,gov_hcabs16_cats4,equal_21,hcabs_c5050,taxpay_c5050,115.53,0.340695,0.29877,0.0809524,0.620278,863.526
gov_cats-50-50,gov_hcabs16_cats4,equal_21,hcabs_c5050,taxpay_c5050,103.932,0.349148,0.402302,0.0396429,0.558056,928.509
gov_cats-50-50,gov_hcabs16_cats4,equal_21,hcabs_c5050,taxpay_c5050,122.749,0.267953,0.284206,0.091627,0.624167,701.534
gov_cats-50-50,gov_hcabs16_cats4,equal_21,hcabs_c5050,taxpay_c5050,90.5841,0.339564,0.36746,0.0618254,0.570714,783.805
gov_cats-50-50,gov_hcabs16_cats4,equal_21,hcabs_c5050,taxpay_c5050,146.626,0.302303,0.312698,0.0393254,0.647976,804.818
gov_cats-50-50,gov_hcabs16_cats4,equal_21,hcabs_c5050,taxpay_c5050,97.4844,0.298588,0.328135,0.0582143,0.613651,806.343
gov_cats-50-50,gov_hcabs16_cats4,equal_21,hcabs_c5050,taxpay_c5050,142.252,0.389241,0.284722,0.0234127,0.691865,1048.38
gov_cats-50-50,gov_hcabs16_cats4,equal_21,hcabs_c5050,taxpay_c5050,114.565,0.344075,0.342222,0.0260317,0.631746,742.108
gov_cats-50-50,gov_hcabs16_cats4,equal_21,hcabs_c5050,taxpay_c5050,127.32,0.265668,0.298611,0.0657143,0.635675,831.745
gov_cats-50-50,gov_hcabs16_cats4,equal_21,hcabs_c5050,taxpay_c5050,81.7084,0.297511,0.371508,0.0372619,0.59123,629.475
gov_cats-50-50,gov_hcabs16_cats4,equal_21,hcabs_c5050,taxpay_c5050,171.632,0.244227,0.307381,0.0469444,0.645675,947.337
gov_cats-50-50,gov_hcabs16_cats4,equal_21,hcabs_c5050,taxpay_c5050,81.5828,0.483334,0.356905,0.083254,0.559841,534.03
gov_cats-50-50,gov_hcabs16_cats4,equal_21,hcabs_c5050,taxpay_c5050,98.8771,0.295343,0.366389,0.0446429,0.588968,717.217
gov_cats-50-50,gov_hcabs16_cats4,equal_21,hcabs_c5050,taxpay_c5050,144.099,0.305566,0.374762,0.0361111,0.589127,823.807
gov_cats-50-50,gov_hcabs16_cats4,equal_21,hcabs_c5050,taxpay_c5050,128.542,0.312408,0.306984,0.0521032,0.640913,984.035
gov_cats-50-50,gov_hcabs16_cats4,equal_21,hcabs_c5050,taxpay_c5050,124.713,0.281784,0.294087,0.0724206,0.633492,858.002
gov_cats-50-50,gov_hcabs16_cats4,equal_21,hcabs_c5050,taxpay_c5050,104.827,0.29828,0.277183,0.109206,0.613611,683.127
gov_cats-50-50,gov_hcabs16_cats4,equal_21,hcabs_c5050,taxpay_c5050,138.81,0.312084,0.29246,0.0244048,0.683135,940.792
gov_cats-50-50,gov_hcabs16_cats4,equal_21,hcabs_c5050,taxpay_c5050,145.516,0.241606,0.303016,0.0719048,0.625079,897.839
gov_cats-50-50,gov_hcabs16_cats4,equal_21,hcabs_c5050,taxpay_c5050,106.094,0.24761,0.318333,0.0990079,0.582659,571.143
gov_cats-50-50,gov_hcabs16_cats4,equal_21,hcabs_c5050,taxpay_c5050,95.2807,0.286651,0.354524,0.0425794,0.602897,716.91
gov_cats-50-50,gov_hcabs16_cats4,equal_21,hcabs_c5050,taxpay_c5050,152.696,0.250067,0.340437,0.0217063,0.637857,901.049
gov_cats-50-50,gov_hcabs16_cats4,equal_21,hcabs_c5050,taxpay_c5050,153.606,0.23131,0.264643,0.055119,0.680238,950.034
gov_cats-50-50,gov_hcabs16_cats4,equal_21,hcabs_c5050,taxpay_c5050,123.454,0.264247,0.334048,0.0254365,0.640516,877.555
gov_cats-50-50,gov_hcabs16_cats4,equal_21,hcabs_c5050,taxpay_c5050,178.387,0.22929,0.291667,0.0453968,0.662937,913.692
gov_cats-50-50,gov_hcabs16_cats4,equal_21,hcabs_c5050,taxpay_c5050,95.2862,0.355054,0.35373,0.0599206,0.586349,837.065
gov_cats-50-50,gov_hcabs16_cats4,equal_21,hcabs_c5050,taxpay_c5050,123.561,0.276584,0.30881,0.0417063,0.649484,1083.53
gov_cats-50-50,gov_hcabs16_cats4,equal_21,hcabs_c5050,taxpay_c5050,109.395,0.314185,0.324246,0.078373,0.597381,689.555
gov_cats-50-50,gov_hcabs16_cats4,equal_21,hcabs_c5050,taxpay_c5050,106.643,0.286436,0.315317,0.0672222,0.61746,771.893
gov_cats-50-50,gov_hcabs16_cats4,equal_21,hcabs_c5050,taxpay_c5050,141.708,0.32913,0.257738,0.0520238,0.690238,1060.09
gov_cats-50-50,gov_hcabs16_cats4,equal_21,hcabs_c5050,taxpay_c5050,103.433,0.305703,0.272381,0.0707143,0.656905,877.902
gov_cats-50-50,gov_hcabs16_cats4,equal_21,hcabs_c5050,taxpay_c5050,93.438,0.303487,0.285992,0.0796825,0.634325,680.977
gov_cats-50-50,gov_hcabs16_cats4,equal_21,hcabs_c5050,taxpay_c5050,174.466,0.275563,0.294206,0.0268254,0.678968,1208.36
gov_cats-50-50,gov_hcabs16_cats4,equal_21,hcabs_c5050,taxpay_c5050,147.312,0.251166,0.30377,0.0658333,0.630397,913.863
gov_cats-50-50,gov_hcabs16_cats4,equal_21,hcabs_c5050,taxpay_c5050,154.363,0.263762,0.32631,0.0458333,0.627857,948.512
gov_cats-50-50,gov_hcabs16_cats4,equal_21,hcabs_c5050,taxpay_c5050,77.1962,0.327274,0.323611,0.0670635,0.609325,645.382
gov_cats-50-50,gov_hcabs16_cats4,equal_21,hcabs_c5050,taxpay_c5050,108.192,0.385677,0.368254,0.024127,0.607619,779.585
gov_cats-50-50,gov_hcabs16_cats4,equal_21,hcabs_c5050,taxpay_c5050,118.66,0.271191,0.321032,0.0416667,0.637302,656.218
gov_cats-50-50,gov_hcabs16_cats4,equal_21,hcabs_c5050,taxpay_c5050,155.427,0.223154,0.276429,0.0519444,0.671627,825.535
gov_cats-50-50,gov_hcabs16_cats4,equal_21,hcabs_c5050,taxpay_c5050,165.54,0.246649,0.293571,0.0351587,0.67127,953.43
gov_cats-50-50,gov_hcabs16_cats4,equal_21,hcabs_c5050,taxpay_c5050,150.985,0.289415,0.267937,0.0635317,0.668532,1006.09
gov_cats-50-50,gov_hcabs16_cats4,equal_21,hcabs_c5050,taxpay_c5050,146.254,0.273008,0.318175,0.0379762,0.643849,983.921
gov_cats-50-50,gov_hcabs16_cats4,equal_21,hcabs_c5050,taxpay_c5050,139.374,0.286223,0.350992,0.0339683,0.61504,1027.54
gov_cats-50-50,gov_hcabs16_cats4,equal_21,hcabs_c5050,taxpay_c5050,155.076,0.247987,0.311865,0.0268651,0.66127,885.796
gov_cats-50-50,gov_hcabs16_cats4,equal_21,hcabs_c5050,taxpay_c5050,168.324,0.257546,0.295119,0.0210317,0.683849,1010.54
gov_cats-50-50,gov_hcabs16_cats4,equal_21,hcabs_c5050,taxpay_c5050,95.018,0.356223,0.339484,0.063373,0.597143,688.273
gov_cats-50-50,gov_hcabs16_cats4,equal_21,hcabs_c5050,taxpay_c5050,175.855,0.281269,0.227817,0.093373,0.67881,965.78
gov_cats-50-50,gov_hcabs16_cats4,equal_21,hcabs_c5050,taxpay_c5050,138.008,0.314793,0.359405,0.0422619,0.598333,770.593
gov_cats-50-50,gov_hcabs16_cats4,equal_21,hcabs_c5050,taxpay_c5050,150.206,0.296207,0.268333,0.0946825,0.636984,977.01
gov_cats-50-50,gov_hcabs16_cats4,equal_21,hcabs_c5050,taxpay_c5050,149.642,0.282673,0.309127,0.0300794,0.660794,1035.41
gov_cats-50-50,gov_hcabs16_cats4,equal_21,hcabs_c5050,taxpay_c5050,127.359,0.35915,0.310952,0.0578175,0.63123,735.786
gov_cats-50-50,gov_hcabs16_cats4,equal_21,hcabs_c5050,taxpay_c5050,106.74,0.341647,0.352143,0.0512302,0.596627,820.187
gov_cats-50-50,gov_hcabs16_cats4,equal_21,hcabs_c5050,taxpay_c5050,125.199,0.359934,0.270119,0.0678175,0.662063,947.707
gov_cats-50-50,gov_hcabs16_cats4,equal_21,hcabs_c5050,taxpay_c5050,143.362,0.275812,0.294087,0.040754,0.665159,1157.55
gov_cats-50-50,gov_hcabs16_cats4,equal_21,hcabs_c5050,taxpay_c5050,114.434,0.353486,0.3775,0.040119,0.582381,849.526
gov_cats-50-50,gov_hcabs16_cats4,equal_21,hcabs_c5050,taxpay_c5050,212.262,0.235093,0.25254,0.0407143,0.706746,1195.11
gov_cats-50-50,gov_hcabs16_cats4,equal_21,hcabs_c5050,taxpay_c5050,135.193,0.249138,0.324087,0.0311905,0.644722,846.423
gov_cats-50-50,gov_hcabs16_cats4,equal_21,hcabs_c5050,taxpay_c5050,153.583,0.300665,0.284206,0.0551984,0.660595,934.084
gov_cats-50-50,gov_hcabs16_cats4,equal_21,hcabs_c5050,taxpay_c5050,137.326,0.272817,0.31,0.0646825,0.625317,931.324
gov_cats-50-50,gov_hcabs16_cats4,equal_21,hcabs_c5050,taxpay_c5050,166.971,0.319524,0.31631,0.015754,0.667937,1064.23
gov_cats-50-50,gov_hcabs16_cats4,equal_21,hcabs_c5050,taxpay_c5050,155.24,0.24855,0.310754,0.0679365,0.62131,925.97
gov_cats-50-50,gov_hcabs16_cats4,equal_21,hcabs_c5050,taxpay_c5050,92.9171,0.31418,0.319762,0.0738492,0.606389,806.363
gov_cats-50-50,gov_hcabs16_cats4,equal_21,hcabs_c5050,taxpay_c5050,137.537,0.257249,0.34123,0.046746,0.612024,891.568
gov_cats-50-50,gov_hcabs16_cats4,equal_21,hcabs_c5050,taxpay_c5050,119.514,0.26196,0.349881,0.0383333,0.611786,768.144
gov_cats-50-50,gov_hcabs16_cats4,equal_21,hcabs_c5050,taxpay_c5050,136.373,0.286276,0.325873,0.0467857,0.627341,875.002
gov_cats-50-50,gov_hcabs16_cats4,equal_21,hcabs_c5050,taxpay_c5050,196.66,0.259779,0.24254,0.0489683,0.708492,1334.77
gov_cats-50-50,gov_hcabs16_cats4,equal_21,hcabs_c5050,taxpay_c5050,192.524,0.241085,0.305238,0.0283333,0.666429,1077.05
gov_cats-50-50,gov_hcabs16_cats4,equal_21,hcabs_c5050,taxpay_c5050,66.4905,0.398718,0.302024,0.100794,0.597183,641.007
gov_cats-50-50,gov_hcabs16_cats4,equal_21,hcabs_c5050,taxpay_c5050,138.611,0.289435,0.331468,0.0160714,0.65246,861.116
gov_cats-50-50,gov_hcabs16_cats4,equal_21,hcabs_c5050,taxpay_c5050,91.1634,0.296153,0.37131,0.0628968,0.565794,662.878
gov_cats-50-50,gov_hcabs16_cats4,equal_21,hcabs_c5050,taxpay_c5050,106.726,0.280097,0.350556,0.0675397,0.581905,736.343
gov_cats-50-50,gov_hcabs16_cats4,equal_21,hcabs_c5050,taxpay_c5050,85.9736,0.362529,0.369206,0.0771825,0.553611,877.834
gov_cats-50-50,gov_hcabs16_cats4,equal_21,hcabs_c5050,taxpay_c5050,173.644,0.22717,0.327698,0.0243651,0.647937,948.428
gov_cats-50-50,gov_hcabs16_cats4,equal_21,hcabs_c5050,taxpay_c5050,84.4374,0.333387,0.289008,0.077619,0.633373,689.728
gov_cats-50-50,gov_hcabs16_cats4,equal_21,hcabs_c5050,taxpay_c5050,115.82,0.344707,0.362857,0.0352381,0.601905,798.183
gov_cats-50-50,gov_hcabs16_cats4,equal_21,hcabs_c5050,taxpay_c5050,114.188,0.412181,0.324881,0.0197619,0.655357,1261.7
gov_cats-50-50,gov_hcabs16_cats4,equal_21,hcabs_c5050,taxpay_c5050,86.6539,0.362928,0.343889,0.0625,0.593611,742.797
gov_cats-50-50,gov_hcabs16_cats4,equal_21,hcabs_c5050,taxpay_c5050,162.583,0.267493,0.2875,0.0176984,0.694802,876.909
gov_cats-80-20,gov_hcabs16_cats4,equal_21,hcabs_c8020,taxpay_c8020,244.684,0.368872,0.263651,0.0333333,0.703016,1338.51
gov_cats-80-20,gov_hcabs16_cats4,equal_21,hcabs_c8020,taxpay_c8020,271.747,0.338209,0.237897,0.0226587,0.739444,1442.38
gov_cats-80-20,gov_hcabs16_cats4,equal_21,hcabs_c8020,taxpay_c8020,249.421,0.412312,0.224524,0.025,0.750476,1340.35
gov_cats-80-20,gov_hcabs16_cats4,equal_21,hcabs_c8020,taxpay_c8020,242.861,0.383857,0.249921,0.0216667,0.728413,1418.89
gov_cats-80-20,gov_hcabs16_cats4,equal_21,hcabs_c8020,taxpay_c8020,232.257,0.437866,0.255476,0.0209524,0.723571,1239.22
gov_cats-80-20,gov_hcabs16_cats4,equal_21,hcabs_c8020,taxpay_c8020,226.181,0.422292,0.222063,0.0542063,0.72373,1250.17
gov_cats-80-20,gov_hcabs16_cats4,equal_21,hcabs_c8020,taxpay_c8020,225.351,0.408233,0.254722,0.0249603,0.720317,1269.27
gov_cats-80-20,gov_hcabs16_cats4,equal_21,hcabs_c8020,taxpay_c8020,253.528,0.437672,0.224683,0.0452778,0.73004,1364.23
gov_cats-80-20,gov_hcabs16_cats4,equal_21,hcabs_c8020,taxpay_c8020,278.634,0.400193,0.222698,0.0546032,0.722698,1474.59
gov_cats-80-20,gov_hcabs16_cats4,equal_21,hcabs_c8020,taxpay_c8020,274.049,0.365424,0.209286,0.0367857,0.753929,1494.55
gov_cats-80-20,gov_hcabs16_cats4,equal_21,hcabs_c8020,taxpay_c8020,217.954,0.429594,0.228452,0.0423016,0.729246,1161.95
gov_cats-80-20,gov_hcabs16_cats4,equal_21,hcabs_c8020,taxpay_c8020,236.501,0.492899,0.278333,0.0269841,0.694683,1260.47
gov_cats-80-20,gov_hcabs16_cats4,equal_21,hcabs_c8020,taxpay_c8020,227.192,0.425899,0.245397,0.0421032,0.7125,1241.1
gov_cats-80-20,gov_hcabs16_cats4,equal_21,hcabs_c8020,taxpay_c8020,256.881,0.309964,0.225,0.0409921,0.734008,1404.03
gov_cats-80-20,gov_hcabs16_cats4,equal_21,hcabs_c8020,taxpay_c8020,250.934,0.37578,0.199881,0.0636508,0.736468,1352.61
gov_cats-80-20,gov_hcabs16_cats4,equal_21,hcabs_c8020,taxpay_c8020,239.274,0.467969,0.250833,0.0319444,0.717222,1276.08
gov_cats-80-20,gov_hcabs16_cats4,equal_21,hcabs_c8020,taxpay_c8020,246.767,0.363794,0.264246,0.0279762,0.707778,1313.52
gov_cats-80-20,gov_hcabs16_cats4,equal_21,hcabs_c8020,taxpay_c8020,257.748,0.395654,0.211468,0.0428571,0.745675,1487.43
gov_cats-80-20,gov_hcabs16_cats4,equal_21,hcabs_c8020,taxpay_c8020,271.703,0.339747,0.233373,0.0252778,0.741349,1621.27
gov_cats-80-20,gov_hcabs16_cats4,equal_21,hcabs_c8020,taxpay_c8020,254.266,0.416622,0.228056,0.054127,0.717817,1363.94
gov_cats-80-20,gov_hcabs16_cats4,equal_21,hcabs_c8020,taxpay_c8020,265.698,0.404057,0.2275,0.0447619,0.727738,1418.57
gov_cats-80-20,gov_hcabs16_cats4,equal_21,hcabs_c8020,taxpay_c8020,289.156,0.380468,0.232381,0.0210317,0.746587,1498.11
gov_cats-80-20,gov_hcabs16_cats4,equal_21,hcabs_c8020,taxpay_c8020,244.865,0.417293,0.250079,0.0365079,0.713413,1323.09
gov_cats-80-20,gov_hcabs16_cats4,equal_21,hcabs_c8020,taxpay_c8020,261.277,0.377238,0.245079,0.0177778,0.737143,1400.49
gov_cats-80-20,gov_hcabs16_cats4,equal_21,hcabs_c8020,taxpay_c8020,291.284,0.315141,0.176627,0.0457937,0.777579,1538.44
gov_cats-80-20,gov_hcabs16_cats4,equal_21,hcabs_c8020,taxpay_c8020,246.437,0.42816,0.288056,0.021627,0.690317,1308.07
gov_cats-80-20,gov_hcabs16_cats4,equal_21,hcabs_c8020,taxpay_c8020,215.376,0.381309,0.268175,0.045,0.686825,1258.08
gov_cats-80-20,gov_hcabs16_cats4,equal_21,hcabs_c8020,taxpay_c8020,230.462,0.437582,0.247659,0.0548016,0.69754,1279.3
gov_cats-80-20,gov_hcabs16_cats4,equal_21,hcabs_c8020,taxpay_c8020,235.54,0.437175,0.272619,0.0379762,0.689405,1406.14
gov_cats-80-20,gov_hcabs16_cats4,equal_21,hcabs_c8020,taxpay_c8020,141.936,0.543666,0.313532,0.0717857,0.614683,785.373
gov_cats-80-20,gov_hcabs16_cats4,equal_21,hcabs_c8020,taxpay_c8020,227.319,0.388592,0.273968,0.0235317,0.7025,1284.35
gov_cats-80-20,gov_hcabs16_cats4,equal_21,hcabs_c8020,taxpay_c8020,262.779,0.420016,0.285754,0.0193651,0.694881,1426.98
gov_cats-80-20,gov_hcabs16_cats4,equal_21,hcabs_c8020,taxpay_c8020,239.911,0.390906,0.25881,0.0310714,0.710119,1352.05
gov_cats-80-20,gov_hcabs16_cats4,equal_21,hcabs_c8020,taxpay_c8020,226.455,0.482087,0.296746,0.0431746,0.660079,1242.75
gov_cats-80-20,gov_hcabs16_cats4,equal_21,hcabs_c8020,taxpay_c8020,218.617,0.417947,0.293254,0.0335714,0.673175,1186.41
gov_cats-80-20,gov_hcabs16_cats4,equal_21,hcabs_c8020,taxpay_c8020,222.795,0.446895,0.226468,0.059881,0.713651,1330.88
gov_cats-80-20,gov_hcabs16_cats4,equal_21,hcabs_c8020,taxpay_c8020,228.872,0.479321,0.286627,0.025119,0.688254,1254.37
gov_cats-80-20,gov_hcabs16_cats4,equal_21,hcabs_c8020,taxpay_c8020,251.602,0.371403,0.253651,0.0238889,0.72246,1358.94
gov_cats-80-20,gov_hcabs16_cats4,equal_21,hcabs_c8020,taxpay_c8020,288.091,0.35139,0.237619,0.0193651,0.743016,1499.41
gov_cats-80-20,gov_hcabs16_cats4,equal_21,hcabs_c8020,taxpay_c8020,248.833,0.38438,0.218333,0.0560714,0.725595,1325.34
gov_cats-80-20,gov_hcabs16_cats4,equal_21,hcabs_c8020,taxpay_c8020,265.368,0.402366,0.310992,0.0132143,0.675794,1382.83
gov_cats-80-20,gov_hcabs16_cats4,equal_21,hcabs_c8020,taxpay_c8020,259.228,0.395891,0.251389,0.0295238,0.719087,1379.36
gov_cats-80-20,gov_hcabs16_cats4,equal_21,hcabs_c8020,taxpay_c8020,279.671,0.341134,0.22504,0.0215873,0.753373,1526.53
gov_cats-80-20,gov_hcabs16_cats4,equal_21,hcabs_c8020,taxpay_c8020,179.95,0.49582,0.272579,0.0499603,0.67746,1140.98
gov_cats-80-20,gov_hcabs16_cats4,equal_21,hcabs_c8020,taxpay_c8020,239.311,0.407144,0.217421,0.047619,0.73496,1324.6
gov_cats-80-20,gov_hcabs16_cats4,equal_21,hcabs_c8020,taxpay_c8020,260.514,0.373896,0.219405,0.0272619,0.753333,1387.71
gov_cats-80-20,gov_hcabs16_cats4,equal_21,hcabs_c8020,taxpay_c8020,237.284,0.391809,0.248413,0.0253571,0.72623,1269.87
gov_cats-80-20,gov_hcabs16_cats4,equal_21,hcabs_c8020,taxpay_c8020,234.728,0.46582,0.257421,0.0427778,0.699802,1295.54
gov_cats-80-20,gov_hcabs16_cats4,equal_21,hcabs_c8020,taxpay_c8020,246.512,0.416692,0.233056,0.0327381,0.734206,1417.56
gov_cats-80-20,gov_hcabs16_cats4,equal_21,hcabs_c8020,taxpay_c8020,286.401,0.307067,0.197698,0.0394048,0.762897,1527.46
gov_cats-80-20,gov_hcabs16_cats4,equal_21,hcabs_c8020,taxpay_c8020,197.504,0.482139,0.310556,0.0512302,0.638214,1095.61
gov_cats-80-20,gov_hcabs16_cats4,equal_21,hcabs_c8020,taxpay_c8020,235.182,0.448743,0.226468,0.0510317,0.7225,1388.71
gov_cats-80-20,gov_hcabs16_cats4,equal_21,hcabs_c8020,taxpay_c8020,230.43,0.377573,0.245437,0.0388492,0.715714,1309.3
gov_cats-80-20,gov_hcabs16_cats4,equal_21,hcabs_c8020,taxpay_c8020,245.597,0.375514,0.211587,0.0326984,0.755714,1286.54
gov_cats-80-20,gov_hcabs16_cats4,equal_21,hcabs_c8020,taxpay_c8020,226.511,0.434653,0.288016,0.0306746,0.68131,1248.08
gov_cats-80-20,gov_hcabs16_cats4,equal_21,hcabs_c8020,taxpay_c8020,242.718,0.459043,0.171905,0.0810714,0.747024,1358.25
gov_cats-80-20,gov_hcabs16_cats4,equal_21,hcabs_c8020,taxpay_c8020,275.706,0.317297,0.251032,0.0253968,0.723571,1463.69
gov_cats-80-20,gov_hcabs16_cats4,equal_21,hcabs_c8020,taxpay_c8020,248.86,0.397571,0.238968,0.0397222,0.72131,1347.77
gov_cats-80-20,gov_hcabs16_cats4,equal_21,hcabs_c8020,taxpay_c8020,261.819,0.430239,0.247976,0.0334921,0.718532,1396.14
gov_cats-80-20,gov_hcabs16_cats4,equal_21,hcabs_c8020,taxpay_c8020,251.658,0.390227,0.260992,0.0473413,0.691667,1519.62
gov_cats-80-20,gov_hcabs16_cats4,equal_21,hcabs_c8020,taxpay_c8020,235.675,0.41208,0.211706,0.0240873,0.764206,1419.68
gov_cats-80-20,gov_hcabs16_cats4,equal_21,hcabs_c8020,taxpay_c8020,261.16,0.34815,0.263254,0.0189683,0.717778,1374.82
gov_cats-80-20,gov_hcabs16_cats4,equal_21,hcabs_c8020,taxpay_c8020,233.426,0.41853,0.248651,0.0567857,0.694563,1329.43
gov_cats-80-20,gov_hcabs16_cats4,equal_21,hcabs_c8020,taxpay_c8020,221.249,0.47164,0.231944,0.0430952,0.72496,1194.62
gov_cats-80-20,gov_hcabs16_cats4,equal_21,hcabs_c8020,taxpay_c8020,251.358,0.398844,0.260794,0.0302778,0.708929,1344.67
gov_cats-80-20,gov_hcabs16_cats4,equal_21,hcabs_c8020,taxpay_c8020,247.625,0.406725,0.216984,0.024246,0.75877,1507.35
gov_cats-80-20,gov_hcabs16_cats4,equal_21,hcabs_c8020,taxpay_c8020,247.122,0.390621,0.198929,0.051746,0.749325,1323.38
gov_cats-80-20,gov_hcabs16_cats4,equal_21,hcabs_c8020,taxpay_c8020,288.88,0.359805,0.249841,0.017619,0.73254,1534.87
gov_cats-80-20,gov_hcabs16_cats4,equal_21,hcabs_c8020,taxpay_c8020,215.543,0.415921,0.253333,0.0510714,0.695595,1198.45
gov_cats-80-20,gov_hcabs16_cats4,equal_21,hcabs_c8020,taxpay_c8020,222.624,0.344204,0.235357,0.0708333,0.69381,1223.95
gov_cats-80-20,gov_hcabs16_cats4,equal_21,hcabs_c8020,taxpay_c8020,250.591,0.362915,0.228214,0.0339286,0.737857,1363.71
gov_cats-80-20,gov_hcabs16_cats4,equal_21,hcabs_c8020,taxpay_c8020,251.525,0.467803,0.225992,0.0487698,0.725238,1364.51
gov_cats-80-20,gov_hcabs16_cats4,equal_21,hcabs_c8020,taxpay_c8020,258.37,0.374944,0.245635,0.0161905,0.738175,1380.7
gov_cats-80-20,gov_hcabs16_cats4,equal_21,hcabs_c8020,taxpay_c8020,270.153,0.344545,0.23246,0.0279762,0.739563,1428.16
gov_cats-80-20,gov_hcabs16_cats4,equal_21,hcabs_c8020,taxpay_c8020,258.916,0.342409,0.248492,0.0203968,0.731111,1429.34
gov_cats-80-20,gov_hcabs16_cats4,equal_21,hcabs_c8020,taxpay_c8020,269.455,0.391495,0.212063,0.0233333,0.764603,1478.59
gov_cats-80-20,gov_hcabs16_cats4,equal_21,hcabs_c8020,taxpay_c8020,246.482,0.341517,0.184643,0.058254,0.757103,1497.61
gov_cats-80-20,gov_hcabs16_cats4,equal_21,hcabs_c8020,taxpay_c8020,230.747,0.429467,0.253452,0.0215476,0.725,1306.89
gov_cats-80-20,gov_hcabs16_cats4,equal_21,hcabs_c8020,taxpay_c8020,253.829,0.418456,0.221468,0.0338095,0.744722,1355.78
gov_cats-80-20,gov_hcabs16_cats4,equal_21,hcabs_c8020,taxpay_c8020,262.054,0.385657,0.194405,0.0580952,0.7475,1442.63
gov_cats-80-20,gov_hcabs16_cats4,equal_21,hcabs_c8020,taxpay_c8020,213.164,0.403937,0.23754,0.0378968,0.724563,1368.34
gov_cats-80-20,gov_hcabs16_cats4,equal_21,hcabs_c8020,taxpay_c8020,270.174,0.366678,0.264444,0.0239286,0.711627,1431
gov_cats-80-20,gov_hcabs16_cats4,equal_21,hcabs_c8020,taxpay_c8020,269.958,0.35206,0.170635,0.0679762,0.761389,1513.53
gov_cats-80-20,gov_hcabs16_cats4,equal_21,hcabs_c8020,taxpay_c8020,269.519,0.360946,0.209603,0.029881,0.760516,1423.38
gov_cats-80-20,gov_hcabs16_cats4,equal_21,hcabs_c8020,taxpay_c8020,247.429,0.435415,0.246111,0.0480556,0.705833,1342.28
gov_cats-80-20,gov_hcabs16_cats4,equal_21,hcabs_c8020,taxpay_c8020,266.522,0.37788,0.209484,0.0446032,0.745913,1424.67
gov_cats-80-20,gov_hcabs16_cats4,equal_21,hcabs_c8020,taxpay_c8020,254.562,0.409769,0.254683,0.0227778,0.72254,1349.72
gov_cats-80-20,gov_hcabs16_cats4,equal_21,hcabs_c8020,taxpay_c8020,280.087,0.358856,0.180635,0.0655556,0.75381,1459.52
gov_cats-80-20,gov_hcabs16_cats4,equal_21,hcabs_c8020,taxpay_c8020,264.682,0.397186,0.226944,0.0405952,0.73246,1423.17
gov_cats-80-20,gov_hcabs16_cats4,equal_21,hcabs_c8020,taxpay_c8020,242.212,0.407531,0.246389,0.0431746,0.710437,1305.31
gov_cats-80-20,gov_hcabs16_cats4,equal_21,hcabs_c8020,taxpay_c8020,243.99,0.427776,0.225437,0.0449603,0.729603,1277.09
gov_cats-80-20,gov_hcabs16_cats4,equal_21,hcabs_c8020,taxpay_c8020,243.311,0.395952,0.221944,0.0294444,0.748611,1476.96
gov_cats-80-20,gov_hcabs16_cats4,equal_21,hcabs_c8020,taxpay_c8020,239.115,0.450667,0.166944,0.0994444,0.733611,1287.62
gov_cats-80-20,gov_hcabs16_cats4,equal_21,hcabs_c8020,taxpay_c8020,229.215,0.445999,0.226587,0.0645635,0.708849,1336.64
gov_cats-80-20,gov_hcabs16_cats4,equal_21,hcabs_c8020,taxpay_c8020,230.005,0.407953,0.24496,0.0390476,0.715992,1460.69
gov_cats-80-20,gov_hcabs16_cats4,equal_21,hcabs_c8020,taxpay_c8020,221.816,0.441329,0.286667,0.025873,0.68746,1277.26
gov_cats-80-20,gov_hcabs16_cats4,equal_21,hcabs_c8020,taxpay_c8020,221.869,0.459463,0.233889,0.0476587,0.718452,1297.93
gov_cats-80-20,gov_hcabs16_cats4,equal_21,hcabs_c8020,taxpay_c8020,226.766,0.399706,0.259603,0.0396429,0.700754,1275.14
gov_cats-80-20,gov_hcabs16_cats4,equal_21,hcabs_c8020,taxpay_c8020,177.085,0.5386,0.231825,0.0736508,0.694524,1283.29
gov_cats-80-20,gov_hcabs16_cats4,equal_21,hcabs_c8020,taxpay_c8020,227.071,0.425291,0.293929,0.0205556,0.685516,1295.31
gov_cats-GovPower,gov_hcabs16_cats4,equal_21,hcabs_cgpow,taxpay_cgpow,85.8675,0.70011,0.273889,0.171151,0.55496,716.636
gov_cats-GovPower,gov_hcabs16_cats4,equal_21,hcabs_cgpow,taxpay_cgpow,92.9508,0.582969,0.369841,0.147897,0.482262,612.252
gov_cats-GovPower,gov_hcabs16_cats4,equal_21,hcabs_cgpow,taxpay_cgpow,120.267,0.541468,0.242381,0.206151,0.551468,730.533
gov_cats-GovPower,gov_hcabs16_cats4,equal_21,hcabs_cgpow,taxpay_cgpow,80.7178,0.639598,0.23381,0.182063,0.584127,845.312
gov_cats-GovPower,gov_hcabs16_cats4,equal_21,hcabs_cgpow,taxpay_cgpow,89.8482,0.639411,0.380357,0.137738,0.481905,679.904
gov_cats-GovPower,gov_hcabs16_cats4,equal_21,hcabs_cgpow,taxpay_cgpow,112.952,0.556402,0.273611,0.16127,0.565119,703.416
gov_cats-GovPower,gov_hcabs16_cats4,equal_21,hcabs_cgpow,taxpay_cgpow,140.628,0.471611,0.3425,0.160635,0.496865,628.787
gov_cats-GovPower,gov_hcabs16_cats4,equal_21,hcabs_cgpow,taxpay_cgpow,108.077,0.605997,0.275119,0.197222,0.527659,700.139
gov_cats-GovPower,gov_hcabs16_cats4,equal_21,hcabs_cgpow,taxpay_cgpow,87.3903,0.567638,0.368056,0.147302,0.484643,561.818
gov_cats-GovPower,gov_hcabs16_cats4,equal_21,hcabs_cgpow,taxpay_cgpow,110.462,0.5946,0.257341,0.171667,0.570992,746.556
gov_cats-GovPower,gov_hcabs16_cats4,equal_21,hcabs_cgpow,taxpay_cgpow,142.305,0.528676,0.179722,0.173333,0.646944,670.912
gov_cats-GovPower,gov_hcabs16_cats4,equal_21,hcabs_cgpow,taxpay_cgpow,67.3625,0.697568,0.339206,0.199325,0.461468,555.5
gov_cats-GovPower,gov_hcabs16_cats4,equal_21,hcabs_cgpow,taxpay_cgpow,63.9055,0.666085,0.295913,0.190278,0.51381,711.135
gov_cats-GovPower,gov_hcabs16_cats4,equal_21,hcabs_cgpow,taxpay_cgpow,139.508,0.469682,0.24381,0.168413,0.587778,782.046
gov_cats-GovPower,gov_hcabs16_cats4,equal_21,hcabs_cgpow,taxpay_cgpow,64.1051,0.656623,0.280159,0.19381,0.526032,644.461
gov_cats-GovPower,gov_hcabs16_cats4,equal_21,hcabs_cgpow,taxpay_cgpow,132.858,0.544673,0.260913,0.189048,0.55004,636.589
gov_cats-GovPower,gov_hcabs16_cats4,equal_21,hcabs_cgpow,taxpay_cgpow,153.468,0.430375,0.200675,0.165198,0.634127,700.85
gov_cats-GovPower,gov_hcabs16_cats4,equal_21,hcabs_cgpow,taxpay_cgpow,109.178,0.565354,0.289048,0.154127,0.556825,691.008
gov_cats-GovPower,gov_hcabs16_cats4,equal_21,hcabs_cgpow,taxpay_cgpow,101.393,0.488433,0.340159,0.0905556,0.569286,837.314
gov_cats-GovPower,gov_hcabs16_cats4,equal_21,hcabs_cgpow,taxpay_cgpow,121.576,0.610581,0.182619,0.163056,0.654325,863.211
gov_cats-GovPower,gov_hcabs16_cats4,equal_21,hcabs_cgpow,taxpay_cgpow,112.181,0.615755,0.221151,0.193532,0.585317,642.589
gov_cats-GovPower,gov_hcabs16_cats4,equal_21,hcabs_cgpow,taxpay_cgpow,138.958,0.536334,0.202024,0.198214,0.599762,773.88
gov_cats-GovPower,gov_hcabs16_cats4,equal_21,hcabs_cgpow,taxpay_cgpow,97.1152,0.534207,0.350873,0.160278,0.488849,709.236
gov_cats-GovPower,gov_hcabs16_cats4,equal_21,hcabs_cgpow,taxpay_cgpow,124.561,0.517962,0.29131,0.170913,0.537778,614.272
gov_cats-GovPower,gov_hcabs16_cats4,equal_21,hcabs_cgpow,taxpay_cgpow,94.0093,0.629024,0.237976,0.170119,0.591905,842.849
gov_cats-GovPower,gov_hcabs16_cats4,equal_21,hcabs_cgpow,taxpay_cgpow,51.8651,0.668354,0.296468,0.202619,0.500913,594.217
gov_cats-GovPower,gov_hcabs16_cats4,equal_21,hcabs_cgpow,taxpay_cgpow,73.4957,0.608979,0.339841,0.190952,0.469206,791.918
gov_cats-GovPower,gov_hcabs16_cats4,equal_21,hcabs_cgpow,taxpay_cgpow,147.292,0.506936,0.226508,0.180595,0.592897,583.177
gov_cats-GovPower,gov_hcabs16_cats4,equal_21,hcabs_cgpow,taxpay_cgpow,93.3714,0.551331,0.357262,0.13369,0.509048,738.645
gov_cats-GovPower,gov_hcabs16_cats4,equal_21,hcabs_cgpow,taxpay_cgpow,121.921,0.563815,0.210159,0.177619,0.612222,665.46
gov_cats-GovPower,gov_hcabs16_cats4,equal_21,hcabs_cgpow,taxpay_cgpow,103.313,0.603284,0.257024,0.167421,0.575556,653.474
gov_cats-GovPower,gov_hcabs16_cats4,equal_21,hcabs_cgpow,taxpay_cgpow,99.938,0.577222,0.268532,0.158294,0.573175,737.813
gov_cats-GovPower,gov_hcabs16_cats4,equal_21,hcabs_cgpow,taxpay_cgpow,117.29,0.496726,0.301468,0.140913,0.557619,657.991
gov_cats-GovPower,gov_hcabs16_cats4,equal_21,hcabs_cgpow,taxpay_cgpow,165.223,0.485656,0.15377,0.194008,0.652222,642.117
gov_cats-GovPower,gov_hcabs16_cats4,equal_21,hcabs_cgpow,taxpay_cgpow,119.787,0.515021,0.227659,0.11127,0.661071,988.34
gov_cats-GovPower,gov_hcabs16_cats4,equal_21,hcabs_cgpow,taxpay_cgpow,94.0979,0.555655,0.341508,0.190952,0.46754,613.849
gov_cats-GovPower,gov_hcabs16_cats4,equal_21,hcabs_cgpow,taxpay_cgpow,133.823,0.569132,0.172937,0.191865,0.635198,606.725
gov_cats-GovPower,gov_hcabs16_cats4,equal_21,hcabs_cgpow,taxpay_cgpow,75.0628,0.672621,0.28377,0.180913,0.535317,731.399
gov_cats-GovPower,gov_hcabs16_cats4,equal_21,hcabs_cgpow,taxpay_cgpow,64.3394,0.564832,0.349881,0.175754,0.474365,587.428
gov_cats-GovPower,gov_hcabs16_cats4,equal_21,hcabs_cgpow,taxpay_cgpow,110.81,0.528877,0.249643,0.175635,0.574722,750.397
gov_cats-GovPower,gov_hcabs16_cats4,equal_21,hcabs_cgpow,taxpay_cgpow,87.9108,0.588561,0.265437,0.152262,0.582302,936.366
gov_cats-GovPower,gov_hcabs16_cats4,equal_21,hcabs_cgpow,taxpay_cgpow,97.0349,0.583783,0.324286,0.137897,0.537817,824.611
gov_cats-GovPower,gov_hcabs16_cats4,equal_21,hcabs_cgpow,taxpay_cgpow,101.125,0.625689,0.335317,0.170119,0.494563,665.441
gov_cats-GovPower,gov_hcabs16_cats4,equal_21,hcabs_cgpow,taxpay_cgpow,122.146,0.545237,0.271667,0.130159,0.598175,762.917
gov_cats-GovPower,gov_hcabs16_cats4,equal_21,hcabs_cgpow,taxpay_cgpow,115.773,0.606865,0.209087,0.163889,0.627024,764.266
gov_cats-GovPower,gov_hcabs16_cats4,equal_21,hcabs_cgpow,taxpay_cgpow,88.7704,0.592709,0.318016,0.130794,0.55119,806.85
gov_cats-GovPower,gov_hcabs16_cats4,equal_21,hcabs_cgpow,taxpay_cgpow,146.682,0.458575,0.272183,0.164921,0.562897,577.021
gov_cats-GovPower,gov_hcabs16_cats4,equal_21,hcabs_cgpow,taxpay_cgpow,73.676,0.633585,0.392262,0.15623,0.451508,570.597
gov_cats-GovPower,gov_hcabs16_cats4,equal_21,hcabs_cgpow,taxpay_cgpow,79.4079,0.634545,0.270476,0.181825,0.547698,790.416
gov_cats-GovPower,gov_hcabs16_cats4,equal_21,hcabs_cgpow,taxpay_cgpow,97.2139,0.53463,0.237738,0.172143,0.590119,688.199
gov_cats-GovPower,gov_hcabs16_cats4,equal_21,hcabs_cgpow,taxpay_cgpow,84.2607,0.639165,0.250714,0.185079,0.564206,663.586
gov_cats-GovPower,gov_hcabs16_cats4,equal_21,hcabs_cgpow,taxpay_cgpow,124.65,0.615328,0.237897,0.158016,0.604087,686.281
gov_cats-GovPower,gov_hcabs16_cats4,equal_21,hcabs_cgpow,taxpay_cgpow,81.65,0.534717,0.305159,0.228056,0.466786,789.74
gov_cats-GovPower,gov_hcabs16_cats4,equal_21,hcabs_cgpow,taxpay_cgpow,107.956,0.525953,0.372619,0.159802,0.467579,580.086
gov_cats-GovPower,gov_hcabs16_cats4,equal_21,hcabs_cgpow,taxpay_cgpow,96.6893,0.563674,0.233214,0.155159,0.611627,828.964
gov_cats-GovPower,gov_hcabs16_cats4,equal_21,hcabs_cgpow,taxpay_cgpow,90.1131,0.68438,0.269921,0.164762,0.565317,835.38
gov_cats-GovPower,gov_hcabs16_cats4,equal_21,hcabs_cgpow,taxpay_cgpow,87.8816,0.667319,0.322778,0.203492,0.47373,589.878
gov_cats-GovPower,gov_hcabs16_cats4,equal_21,hcabs_cgpow,taxpay_cgpow,93.084,0.558462,0.301468,0.182222,0.51631,638.127
gov_cats-GovPower,gov_hcabs16_cats4,equal_21,hcabs_cgpow,taxpay_cgpow,95.559,0.636356,0.306706,0.149127,0.544167,830.606
gov_cats-GovPower,gov_hcabs16_cats4,equal_21,hcabs_cgpow,taxpay_cgpow,75.758,0.712813,0.320278,0.184127,0.495595,645.118
gov_cats-GovPower,gov_hcabs16_cats4,equal_21,hcabs_cgpow,taxpay_cgpow,147.926,0.410507,0.237381,0.160516,0.602103,838.878
gov_cats-GovPower,gov_hcabs16_cats4,equal_21,hcabs_cgpow,taxpay_cgpow,137.651,0.550671,0.260833,0.129603,0.609563,694.54
gov_cats-GovPower,gov_hcabs16_cats4,equal_21,hcabs_cgpow,taxpay_cgpow,106.061,0.541147,0.331032,0.176706,0.492262,603.738
gov_cats-GovPower,gov_hcabs16_cats4,equal_21,hcabs_cgpow,taxpay_cgpow,106.679,0.598244,0.292619,0.199008,0.508373,633.101
gov_cats-GovPower,gov_hcabs16_cats4,equal_21,hcabs_cgpow,taxpay_cgpow,145.43,0.543973,0.254405,0.12496,0.620635,654.401
gov_cats-GovPower,gov_hcabs16_cats4,equal_21,hcabs_cgpow,taxpay_cgpow,115.459,0.58768,0.174405,0.193175,0.632421,884.775
gov_cats-GovPower,gov_hcabs16_cats4,equal_21,hcabs_cgpow,taxpay_cgpow,123.451,0.587702,0.235198,0.15746,0.607341,724.051
gov_cats-GovPower,gov_hcabs16_cats4,equal_21,hcabs_cgpow,taxpay_cgpow,101.102,0.547514,0.191746,0.154127,0.654127,884.011
gov_cats-GovPower,gov_hcabs16_cats4,equal_21,hcabs_cgpow,taxpay_cgpow,145.181,0.495568,0.21754,0.179484,0.602976,797.659
gov_cats-GovPower,gov_hcabs16_cats4,equal_21,hcabs_cgpow,taxpay_cgpow,124.319,0.542015,0.266905,0.11881,0.614286,706.738
gov_cats-GovPower,gov_hcabs16_cats4,equal_21,hcabs_cgpow,taxpay_cgpow,115.293,0.568681,0.204286,0.175476,0.620238,823.224
gov_cats-GovPower,gov_hcabs16_cats4,equal_21,hcabs_cgpow,taxpay_cgpow,99.9369,0.612503,0.33,0.128016,0.541984,729.207
gov_cats-GovPower,gov_hcabs16_cats4,equal_21,hcabs_cgpow,taxpay_cgpow,124.699,0.500977,0.306746,0.144563,0.54869,670.665
gov_cats-GovPower,gov_hcabs16_cats4,equal_21,hcabs_cgpow,taxpay_cgpow,92.548,0.639154,0.235556,0.192222,0.572222,922.913
gov_cats-GovPower,gov_hcabs16_cats4,equal_21,hcabs_cgpow,taxpay_cgpow,96.1925,0.566339,0.34496,0.144841,0.510198,585.584
gov_cats-GovPower,gov_hcabs16_cats4,equal_21,hcabs_cgpow,taxpay_cgpow,114.092,0.539266,0.29869,0.149683,0.551627,725.421
gov_cats-GovPower,gov_hcabs16_cats4,equal_21,hcabs_cgpow,taxpay_cgpow,118.817,0.533555,0.228175,0.136548,0.635278,736.879
gov_cats-GovPower,gov_hcabs16_cats4,equal_21,hcabs_cgpow,taxpay_cgpow,124.645,0.565378,0.24746,0.152063,0.600476,608.572
gov_cats-GovPower,gov_hcabs16_cats4,equal_21,hcabs_cgpow,taxpay_cgpow,71.0091,0.649932,0.233413,0.167183,0.599405,880.834
gov_cats-GovPower,gov_hcabs16_cats4,equal_21,hcabs_cgpow,taxpay_cgpow,98.5095,0.610272,0.312024,0.119802,0.568175,785.524
gov_cats-GovPower,gov_hcabs16_cats4,equal_21,hcabs_cgpow,taxpay_cgpow,112.254,0.523907,0.237421,0.192778,0.569802,685.976
gov_cats-GovPower,gov_hcabs16_cats4,equal_21,hcabs_cgpow,taxpay_cgpow,155.685,0.470355,0.261032,0.0957937,0.643175,809.522
gov_cats-GovPower,gov_hcabs16_cats4,equal_21,hcabs_cgpow,taxpay_cgpow,135.767,0.517703,0.2825,0.133333,0.584167,757.764
gov_cats-GovPower,gov_hcabs16_cats4,equal_21,hcabs_cgpow,taxpay_cgpow,134.439,0.558541,0.243452,0.163452,0.593095,828.361
gov_cats-GovPower,gov_hcabs16_cats4,equal_21,hcabs_cgpow,taxpay_cgpow,74.8573,0.598277,0.362024,0.17004,0.467937,541.231
gov_cats-GovPower,gov_hcabs16_cats4,equal_21,hcabs_cgpow,taxpay_cgpow,127.106,0.539501,0.26127,0.185635,0.553095,554.029
gov_cats-GovPower,gov_hcabs16_cats4,equal_21,hcabs_cgpow,taxpay_cgpow,102.727,0.533402,0.284365,0.175159,0.540476,823.356
gov_cats-GovPower,gov_hcabs16_cats4,equal_21,hcabs_cgpow,taxpay_cgpow,113.994,0.494353,0.262341,0.164603,0.573056,914.9
gov_cats-GovPower,gov_hcabs16_cats4,equal_21,hcabs_cgpow,taxpay_cgpow,109.878,0.642652,0.285516,0.195238,0.519246,617.014
gov_cats-GovPower,gov_hcabs16_cats4,equal_21,hcabs_cgpow,taxpay_cgpow,56.6207,0.717081,0.297302,0.18246,0.520238,602.576
gov_cats-GovPower,gov_hcabs16_cats4,equal_21,hcabs_cgpow,taxpay_cgpow,54.9809,0.736201,0.301667,0.170952,0.527381,594.661
gov_cats-GovPower,gov_hcabs16_cats4,equal_21,hcabs_cgpow,taxpay_cgpow,100.49,0.601753,0.307302,0.139167,0.553532,656.512
gov_cats-GovPower,gov_hcabs16_cats4,equal_21,hcabs_cgpow,taxpay_cgpow,103.158,0.671343,0.273889,0.155675,0.570437,805.839
gov_cats-GovPower,gov_hcabs16_cats4,equal_21,hcabs_cgpow,taxpay_cgpow,105.331,0.623598,0.237381,0.188294,0.574325,865.369
gov_cats-GovPower,gov_hcabs16_cats4,equal_21,hcabs_cgpow,taxpay_cgpow,102.255,0.59075,0.253968,0.153532,0.5925,594.098
gov_cats-GovPower,gov_hcabs16_cats4,equal_21,hcabs_cgpow,taxpay_cgpow,77.4818,0.648912,0.270675,0.1525,0.576825,798.035
gov_cats-GovPower,gov_hcabs16_cats4,equal_21,hcabs_cgpow,taxpay_cgpow,101.958,0.686114,0.209563,0.15881,0.631627,795.056
gov_cats-GovPower,gov_hcabs16_cats4,equal_21,hcabs_cgpow,taxpay_cgpow,108.691,0.544065,0.25619,0.164524,0.579286,770.582
gov_cats-GovPower,gov_hcabs16_cats4,equal_21,hcabs_cgpow,taxpay_cgpow,109.815,0.58357,0.242143,0.192659,0.565198,798.292
gov_cats-GovPower,gov_hcabs16_cats4,equal_21,hcabs_cgpow,taxpay_cgpow,73.9472,0.593013,0.355317,0.145675,0.499008,734.842
