Government,Players,InitPops,hcabs,taxpay,AvePop,GiniIndex,GovWealth,TotalWealth,Keep,Take,Give,GKeep,GTake,GGive
Prioritize gov. wealth,govment_20,step_21,hcabs_sgpow,taxpay_sgpow,246.413,0.201013,2941.19,7869.45,0.0325,0.0103968,0.957103,0.338889,0.0190476,0.642063
Prioritize gov. wealth,govment_20,step_21,hcabs_sgpow,taxpay_sgpow,226.552,0.314948,2701.75,7232.78,0.075754,0.0198016,0.904444,0.319048,0.0365079,0.644444
Prioritize gov. wealth,govment_20,step_21,hcabs_sgpow,taxpay_sgpow,198.919,0.365814,2381.1,6359.48,0.0634127,0.0360317,0.900556,0.286508,0.0515873,0.661905
Prioritize gov. wealth,govment_20,step_21,hcabs_sgpow,taxpay_sgpow,217.329,0.307344,2589.92,6936.49,0.0551984,0.023254,0.921548,0.297619,0.047619,0.654762
Prioritize gov. wealth,govment_20,step_21,hcabs_sgpow,taxpay_sgpow,207.239,0.283776,2459.73,6604.51,0.0863095,0.0376984,0.875992,0.307937,0.0285714,0.663492
Prioritize gov. wealth,govment_20,step_21,hcabs_sgpow,taxpay_sgpow,218.382,0.284265,2602.86,6970.5,0.0443651,0.0413492,0.914286,0.319048,0.0222222,0.65873
Prioritize gov. wealth,govment_20,step_21,hcabs_sgpow,taxpay_sgpow,225.572,0.202698,3140.65,7652.08,0.0384524,0.00674603,0.954802,0.338889,0.0277778,0.633333
Prioritize gov. wealth,govment_20,step_21,hcabs_sgpow,taxpay_sgpow,229.754,0.311416,2746.07,7341.15,0.0645635,0.0247222,0.910714,0.316667,0.0333333,0.65
Prioritize gov. wealth,govment_20,step_21,hcabs_sgpow,taxpay_sgpow,198.549,0.275721,2480.97,6451.96,0.0759524,0.0184524,0.905595,0.266667,0.0738095,0.659524
Prioritize gov. wealth,govment_20,step_21,hcabs_sgpow,taxpay_sgpow,213.332,0.240287,2623.57,6890.21,0.0664286,0.0246032,0.908968,0.312698,0.0325397,0.654762
Prioritize gov. wealth,govment_20,step_21,hcabs_sgpow,taxpay_sgpow,235.977,0.248202,2812.67,7532.2,0.0306349,0.0207937,0.948571,0.32619,0.0269841,0.646825
Prioritize gov. wealth,govment_20,step_21,hcabs_sgpow,taxpay_sgpow,250.474,0.249139,2982.58,7992.06,0.0621429,0.0104365,0.927421,0.352381,0.00714286,0.640476
Prioritize gov. wealth,govment_20,step_21,hcabs_sgpow,taxpay_sgpow,151.52,0.408833,2073.52,5103.92,0.0822619,0.0337302,0.884008,0.172222,0.153968,0.67381
Prioritize gov. wealth,govment_20,step_21,hcabs_sgpow,taxpay_sgpow,189.768,0.368817,2478.45,6273.81,0.101508,0.0334127,0.865079,0.266667,0.0761905,0.657143
Prioritize gov. wealth,govment_20,step_21,hcabs_sgpow,taxpay_sgpow,217.463,0.242693,2619.92,6969.17,0.0650397,0.0317857,0.903175,0.318254,0.0246032,0.657143
Prioritize gov. wealth,govment_20,step_21,hcabs_sgpow,taxpay_sgpow,214.88,0.232552,2536.76,6834.37,0.0807143,0.019127,0.900159,0.300794,0.0428571,0.656349
Prioritize gov. wealth,govment_20,step_21,hcabs_sgpow,taxpay_sgpow,240.075,0.267821,2806.53,7608.04,0.0555556,0.0155159,0.928929,0.324603,0.0301587,0.645238
Prioritize gov. wealth,govment_20,step_21,hcabs_sgpow,taxpay_sgpow,218.337,0.3642,2597.64,6964.38,0.1125,0.0168651,0.870635,0.300794,0.0452381,0.653968
Prioritize gov. wealth,govment_20,step_21,hcabs_sgpow,taxpay_sgpow,202.713,0.312106,2508.52,6562.78,0.0729365,0.0197619,0.907302,0.25873,0.0833333,0.657937
Prioritize gov. wealth,govment_20,step_21,hcabs_sgpow,taxpay_sgpow,220.681,0.267618,2635.65,7049.28,0.0513095,0.0378571,0.910833,0.330159,0.0134921,0.656349
Prioritize gov. wealth,govment_20,step_21,hcabs_sgpow,taxpay_sgpow,215.411,0.292297,2618.96,6927.18,0.104683,0.00892857,0.886389,0.289683,0.0555556,0.654762
Prioritize gov. wealth,govment_20,step_21,hcabs_sgpow,taxpay_sgpow,223.98,0.326272,2666.12,7145.72,0.0668254,0.0372619,0.895913,0.316667,0.0293651,0.653968
Prioritize gov. wealth,govment_20,step_21,hcabs_sgpow,taxpay_sgpow,216.16,0.263826,2554.77,6877.98,0.0355556,0.0363095,0.928135,0.292063,0.0492063,0.65873
Prioritize gov. wealth,govment_20,step_21,hcabs_sgpow,taxpay_sgpow,202.995,0.364759,2406.99,6466.89,0.101905,0.0235317,0.874563,0.265079,0.0801587,0.654762
Prioritize gov. wealth,govment_20,step_21,hcabs_sgpow,taxpay_sgpow,205.851,0.275953,2420.65,6537.67,0.0838889,0.0388492,0.877262,0.293651,0.0412698,0.665079
Prioritize gov. wealth,govment_20,step_21,hcabs_sgpow,taxpay_sgpow,236.457,0.301087,2807.47,7536.6,0.140516,0.0117063,0.847778,0.326984,0.0301587,0.642857
Prioritize gov. wealth,govment_20,step_21,hcabs_sgpow,taxpay_sgpow,225.541,0.244054,2713.81,7224.64,0.0551587,0.0344048,0.910437,0.311111,0.0404762,0.648413
Prioritize gov. wealth,govment_20,step_21,hcabs_sgpow,taxpay_sgpow,210.764,0.235583,2658.6,6873.87,0.0744048,0.0162698,0.909325,0.289683,0.0611111,0.649206
Prioritize gov. wealth,govment_20,step_21,hcabs_sgpow,taxpay_sgpow,164,0.518797,2006.84,5286.83,0.135794,0.0215476,0.842659,0.218254,0.130952,0.650794
Prioritize gov. wealth,govment_20,step_21,hcabs_sgpow,taxpay_sgpow,228.652,0.30014,2723.29,7296.33,0.0900397,0.0142857,0.895675,0.31746,0.0373016,0.645238
Prioritize gov. wealth,govment_20,step_21,hcabs_sgpow,taxpay_sgpow,209.32,0.344836,2553.17,6739.56,0.0732937,0.0361111,0.890595,0.297619,0.0436508,0.65873
Prioritize gov. wealth,govment_20,step_21,hcabs_sgpow,taxpay_sgpow,221.912,0.350057,2627.46,7065.71,0.136429,0.0207143,0.842857,0.314286,0.0428571,0.642857
Prioritize gov. wealth,govment_20,step_21,hcabs_sgpow,taxpay_sgpow,229.767,0.258532,2750.23,7345.56,0.0684524,0.0227778,0.90877,0.327778,0.0253968,0.646825
Prioritize gov. wealth,govment_20,step_21,hcabs_sgpow,taxpay_sgpow,221.984,0.303548,2892,7331.67,0.0380556,0.0190079,0.942937,0.316667,0.0404762,0.642857
Prioritize gov. wealth,govment_20,step_21,hcabs_sgpow,taxpay_sgpow,231.298,0.302101,2749.2,7375.16,0.0817857,0.0122619,0.905952,0.318254,0.031746,0.65
Prioritize gov. wealth,govment_20,step_21,hcabs_sgpow,taxpay_sgpow,209.795,0.268281,2613.38,6809.28,0.0731349,0.0282937,0.898571,0.293651,0.047619,0.65873
Prioritize gov. wealth,govment_20,step_21,hcabs_sgpow,taxpay_sgpow,238.063,0.233321,2763.66,7524.92,0.0299206,0.0221825,0.947897,0.321429,0.0309524,0.647619
Prioritize gov. wealth,govment_20,step_21,hcabs_sgpow,taxpay_sgpow,202.859,0.267566,2441.8,6498.99,0.11996,0.0142063,0.865833,0.279365,0.0579365,0.662698
Prioritize gov. wealth,govment_20,step_21,hcabs_sgpow,taxpay_sgpow,199.688,0.447818,2375.87,6369.63,0.175198,0.0329762,0.791825,0.28254,0.0555556,0.661905
Prioritize gov. wealth,govment_20,step_21,hcabs_sgpow,taxpay_sgpow,200.746,0.360615,2383.37,6398.3,0.105238,0.037619,0.857143,0.290476,0.0468254,0.662698
Prioritize gov. wealth,govment_20,step_21,hcabs_sgpow,taxpay_sgpow,203.556,0.323064,2430.66,6501.78,0.0673413,0.023373,0.909286,0.266667,0.0730159,0.660317
Prioritize gov. wealth,govment_20,step_21,hcabs_sgpow,taxpay_sgpow,203.78,0.25186,2437.01,6512.62,0.0625,0.0432143,0.894286,0.281746,0.0531746,0.665079
Prioritize gov. wealth,govment_20,step_21,hcabs_sgpow,taxpay_sgpow,232.503,0.20596,2786.33,7436.39,0.061627,0.0125,0.925873,0.328571,0.0222222,0.649206
Prioritize gov. wealth,govment_20,step_21,hcabs_sgpow,taxpay_sgpow,226.685,0.329625,2695.25,7228.94,0.0964286,0.0214683,0.882103,0.30873,0.0436508,0.647619
Prioritize gov. wealth,govment_20,step_21,hcabs_sgpow,taxpay_sgpow,224.703,0.223374,2688.31,7182.36,0.0873016,0.00956349,0.903135,0.307143,0.0484127,0.644444
Prioritize gov. wealth,govment_20,step_21,hcabs_sgpow,taxpay_sgpow,217.568,0.188122,2621.01,6972.37,0.0754762,0.0199206,0.904603,0.312698,0.031746,0.655556
Prioritize gov. wealth,govment_20,step_21,hcabs_sgpow,taxpay_sgpow,201.018,0.230025,2377.52,6397.89,0.0660317,0.034881,0.899087,0.276984,0.0555556,0.66746
Prioritize gov. wealth,govment_20,step_21,hcabs_sgpow,taxpay_sgpow,229.512,0.26551,2900.77,7491.01,0.0722222,0.0153175,0.91246,0.336508,0.0222222,0.64127
Prioritize gov. wealth,govment_20,step_21,hcabs_sgpow,taxpay_sgpow,219.827,0.310106,2610.35,7006.88,0.104802,0.00674603,0.888452,0.288889,0.0642857,0.646825
Prioritize gov. wealth,govment_20,step_21,hcabs_sgpow,taxpay_sgpow,188.5,0.303652,2402.3,6172.3,0.0755952,0.0470238,0.877381,0.281746,0.0515873,0.666667
Prioritize gov. wealth,govment_20,step_21,hcabs_sgpow,taxpay_sgpow,199.502,0.28721,2386.13,6376.17,0.100635,0.0382937,0.861071,0.285714,0.0468254,0.66746
Prioritize gov. wealth,govment_20,step_21,hcabs_sgpow,taxpay_sgpow,215.958,0.209103,2592.13,6911.3,0.066627,0.0171825,0.91619,0.289683,0.0531746,0.657143
Prioritize gov. wealth,govment_20,step_21,hcabs_sgpow,taxpay_sgpow,216.661,0.30401,2570.09,6903.32,0.0869444,0.0203968,0.892659,0.297619,0.05,0.652381
Prioritize gov. wealth,govment_20,step_21,hcabs_sgpow,taxpay_sgpow,204.45,0.229813,2438.4,6527.4,0.0511905,0.0309127,0.917897,0.284127,0.052381,0.663492
Prioritize gov. wealth,govment_20,step_21,hcabs_sgpow,taxpay_sgpow,224.225,0.254379,2659.32,7143.82,0.115556,0.00444444,0.88,0.293651,0.0539683,0.652381
Prioritize gov. wealth,govment_20,step_21,hcabs_sgpow,taxpay_sgpow,219.9,0.283321,2792.13,7190.14,0.0855159,0.0102381,0.904246,0.311905,0.0428571,0.645238
Prioritize gov. wealth,govment_20,step_21,hcabs_sgpow,taxpay_sgpow,234.984,0.277852,2795.54,7495.22,0.0777778,0.00952381,0.912698,0.32619,0.0261905,0.647619
Prioritize gov. wealth,govment_20,step_21,hcabs_sgpow,taxpay_sgpow,239.235,0.202919,2843.56,7628.27,0.0570635,0.00678571,0.936151,0.319841,0.0333333,0.646825
Prioritize gov. wealth,govment_20,step_21,hcabs_sgpow,taxpay_sgpow,225.374,0.252115,2690.67,7198.14,0.0801587,0.0169841,0.902857,0.31746,0.031746,0.650794
Prioritize gov. wealth,govment_20,step_21,hcabs_sgpow,taxpay_sgpow,228.922,0.227483,2729.27,7307.72,0.0703175,0.0114683,0.918214,0.314286,0.0349206,0.650794
Prioritize gov. wealth,govment_20,step_21,hcabs_sgpow,taxpay_sgpow,212.179,0.25187,2550.03,6793.61,0.053254,0.0377381,0.909008,0.307143,0.0325397,0.660317
Prioritize gov. wealth,govment_20,step_21,hcabs_sgpow,taxpay_sgpow,203.632,0.259247,2644.64,6717.28,0.0428175,0.0354365,0.921746,0.294444,0.05,0.655556
Prioritize gov. wealth,govment_20,step_21,hcabs_sgpow,taxpay_sgpow,216.414,0.353139,2809.78,7138.05,0.134405,0.0163095,0.849286,0.315079,0.0388889,0.646032
Prioritize gov. wealth,govment_20,step_21,hcabs_sgpow,taxpay_sgpow,238.187,0.271673,2800.68,7564.42,0.0292857,0.0358333,0.934881,0.353175,0,0.646825
Prioritize gov. wealth,govment_20,step_21,hcabs_sgpow,taxpay_sgpow,222.28,0.310148,2602.21,7047.81,0.0368651,0.0425397,0.920595,0.314286,0.0309524,0.654762
Prioritize gov. wealth,govment_20,step_21,hcabs_sgpow,taxpay_sgpow,220.282,0.181169,2620.87,7026.51,0.0184921,0.0369048,0.944603,0.30873,0.034127,0.657143
Prioritize gov. wealth,govment_20,step_21,hcabs_sgpow,taxpay_sgpow,229.558,0.23469,2717.56,7308.71,0.0496825,0.0224603,0.927857,0.323016,0.0253968,0.651587
Prioritize gov. wealth,govment_20,step_21,hcabs_sgpow,taxpay_sgpow,224.229,0.294366,2822.1,7306.68,0.048254,0.0379762,0.91377,0.345238,0.00793651,0.646825
Prioritize gov. wealth,govment_20,step_21,hcabs_sgpow,taxpay_sgpow,241.65,0.25331,2874.26,7707.27,0.0322619,0.0215079,0.94623,0.328571,0.0293651,0.642063
Prioritize gov. wealth,govment_20,step_21,hcabs_sgpow,taxpay_sgpow,229.609,0.276974,2732.14,7324.33,0.0709524,0.0100794,0.918968,0.319841,0.0301587,0.65
Prioritize gov. wealth,govment_20,step_21,hcabs_sgpow,taxpay_sgpow,226.035,0.211571,2714.36,7235.06,0.0315476,0.0186111,0.949841,0.305556,0.0436508,0.650794
Prioritize gov. wealth,govment_20,step_21,hcabs_sgpow,taxpay_sgpow,234.456,0.248772,2846.71,7535.82,0.0379762,0.017381,0.944643,0.321429,0.0325397,0.646032
Prioritize gov. wealth,govment_20,step_21,hcabs_sgpow,taxpay_sgpow,215.904,0.333504,2754.49,7072.57,0.11381,0.0121825,0.874008,0.299206,0.0507937,0.65
Prioritize gov. wealth,govment_20,step_21,hcabs_sgpow,taxpay_sgpow,154.547,0.62227,1842.17,4933.12,0.123849,0.019127,0.857024,0.243651,0.12381,0.63254
Prioritize gov. wealth,govment_20,step_21,hcabs_sgpow,taxpay_sgpow,210.807,0.335652,2563.15,6779.28,0.0665873,0.0344444,0.898968,0.301587,0.0428571,0.655556
Prioritize gov. wealth,govment_20,step_21,hcabs_sgpow,taxpay_sgpow,245.219,0.170139,2910.62,7814.99,0.0361111,0.00623016,0.957659,0.330159,0.0261905,0.643651
Prioritize gov. wealth,govment_20,step_21,hcabs_sgpow,taxpay_sgpow,242.26,0.221478,2905.68,7750.87,0.0596032,0.00944444,0.930952,0.336508,0.0214286,0.642063
Prioritize gov. wealth,govment_20,step_21,hcabs_sgpow,taxpay_sgpow,231.945,0.251498,2750.87,7389.78,0.0505952,0.0177381,0.931667,0.303175,0.0460317,0.650794
Prioritize gov. wealth,govment_20,step_21,hcabs_sgpow,taxpay_sgpow,222.727,0.250448,2801.58,7256.13,0.0805159,0.0190873,0.900397,0.329365,0.0238095,0.646825
Prioritize gov. wealth,govment_20,step_21,hcabs_sgpow,taxpay_sgpow,228.074,0.211308,2717.69,7279.16,0.0493254,0.0186905,0.931984,0.311111,0.0380952,0.650794
Prioritize gov. wealth,govment_20,step_21,hcabs_sgpow,taxpay_sgpow,230.773,0.271203,2723.42,7338.88,0.0584921,0.0181746,0.923333,0.325397,0.0253968,0.649206
Prioritize gov. wealth,govment_20,step_21,hcabs_sgpow,taxpay_sgpow,209.831,0.31713,2498.64,6695.26,0.0434921,0.042381,0.914127,0.297619,0.0412698,0.661111
Prioritize gov. wealth,govment_20,step_21,hcabs_sgpow,taxpay_sgpow,227.803,0.236865,2695.15,7251.22,0.10131,0.0133333,0.885357,0.327778,0.018254,0.653968
Prioritize gov. wealth,govment_20,step_21,hcabs_sgpow,taxpay_sgpow,222.91,0.301746,2678.28,7136.47,0.0328571,0.0424603,0.924683,0.334127,0.0126984,0.653175
Prioritize gov. wealth,govment_20,step_21,hcabs_sgpow,taxpay_sgpow,230.965,0.303663,2752.69,7371.99,0.0322619,0.0405556,0.927183,0.330952,0.018254,0.650794
Prioritize gov. wealth,govment_20,step_21,hcabs_sgpow,taxpay_sgpow,207.873,0.373246,2471.59,6629.04,0.14004,0.0181349,0.841825,0.3,0.0579365,0.642063
Prioritize gov. wealth,govment_20,step_21,hcabs_sgpow,taxpay_sgpow,240.012,0.20928,2855.29,7655.52,0.0478175,0.0165476,0.935635,0.330952,0.0238095,0.645238
Prioritize gov. wealth,govment_20,step_21,hcabs_sgpow,taxpay_sgpow,223.322,0.253086,2668.53,7134.96,0.0259127,0.0374206,0.936667,0.327778,0.0174603,0.654762
Prioritize gov. wealth,govment_20,step_21,hcabs_sgpow,taxpay_sgpow,205.915,0.315972,2482.44,6600.73,0.0859127,0.0428968,0.87119,0.312698,0.0238095,0.663492
Prioritize gov. wealth,govment_20,step_21,hcabs_sgpow,taxpay_sgpow,209.179,0.24421,2499.19,6682.77,0.0652381,0.0266667,0.908095,0.292063,0.0492063,0.65873
Prioritize gov. wealth,govment_20,step_21,hcabs_sgpow,taxpay_sgpow,219.457,0.249403,2673.86,7063,0.0796032,0.0178571,0.90254,0.311111,0.0365079,0.652381
Prioritize gov. wealth,govment_20,step_21,hcabs_sgpow,taxpay_sgpow,238.404,0.172782,2837.15,7605.22,0.0506349,0.0110714,0.938294,0.330952,0.0222222,0.646825
Prioritize gov. wealth,govment_20,step_21,hcabs_sgpow,taxpay_sgpow,234.257,0.239009,2794.69,7479.82,0.0687698,0.0109921,0.920238,0.326984,0.0253968,0.647619
Prioritize gov. wealth,govment_20,step_21,hcabs_sgpow,taxpay_sgpow,232.529,0.21305,2771.23,7421.81,0.0387698,0.0224206,0.93881,0.328571,0.0214286,0.65
Prioritize gov. wealth,govment_20,step_21,hcabs_sgpow,taxpay_sgpow,223.379,0.199806,2793.2,7260.79,0.0529365,0.0131746,0.933889,0.31746,0.0373016,0.645238
Prioritize gov. wealth,govment_20,step_21,hcabs_sgpow,taxpay_sgpow,227.789,0.270203,2717,7272.78,0.0459921,0.0198413,0.934167,0.30873,0.0420635,0.649206
Prioritize gov. wealth,govment_20,step_21,hcabs_sgpow,taxpay_sgpow,223.43,0.253251,2693.1,7161.71,0.100635,0.0287302,0.870635,0.335714,0.0103175,0.653968
Prioritize gov. wealth,govment_20,step_21,hcabs_sgpow,taxpay_sgpow,212.756,0.260627,2515.54,6770.67,0.0634524,0.0315476,0.905,0.293651,0.0452381,0.661111
Prioritize gov. wealth,govment_20,step_21,hcabs_sgpow,taxpay_sgpow,236.867,0.240753,2967.42,7704.75,0.0232143,0.0229762,0.95381,0.339683,0.0190476,0.64127
Prioritize gov. wealth,govment_20,step_21,hcabs_sgpow,taxpay_sgpow,228.226,0.230284,2745.4,7309.92,0.0378175,0.0191667,0.943016,0.307143,0.0412698,0.651587
Prioritize ave. wealth,govment_20,step_21,hcabs_s8020,taxpay_s8020,365.668,0.405598,177.624,7490.99,0.155833,0.0333333,0.810833,0.0452381,0,0.954762
Prioritize ave. wealth,govment_20,step_21,hcabs_s8020,taxpay_s8020,336.373,0.496576,169.493,6896.95,0.132302,0.067619,0.800079,0.0515873,0,0.948413
Prioritize ave. wealth,govment_20,step_21,hcabs_s8020,taxpay_s8020,177.285,0.510316,64.721,3610.41,0.238175,0.136587,0.625238,0.160317,0,0.839683
Prioritize ave. wealth,govment_20,step_21,hcabs_s8020,taxpay_s8020,246.268,0.424799,150.976,5076.33,0.164286,0.086746,0.748968,0.0460317,0,0.953968
Prioritize ave. wealth,govment_20,step_21,hcabs_s8020,taxpay_s8020,397.158,0.356162,129.768,8072.93,0.137897,0.0370238,0.825079,0.0357143,0,0.964286
Prioritize ave. wealth,govment_20,step_21,hcabs_s8020,taxpay_s8020,387.161,0.347627,140.586,7883.81,0.146548,0.0269048,0.826548,0.0619048,0,0.938095
Prioritize ave. wealth,govment_20,step_21,hcabs_s8020,taxpay_s8020,285.666,0.427851,86.1902,5799.52,0.150397,0.0560714,0.793532,0.610317,0,0.389683
Prioritize ave. wealth,govment_20,step_21,hcabs_s8020,taxpay_s8020,300.564,0.50301,94.2463,6105.53,0.191508,0.0609524,0.74754,0.0865079,0,0.913492
Prioritize ave. wealth,govment_20,step_21,hcabs_s8020,taxpay_s8020,373.569,0.42464,123.798,7595.18,0.113294,0.0525397,0.834167,0.0690476,0,0.930952
Prioritize ave. wealth,govment_20,step_21,hcabs_s8020,taxpay_s8020,315.87,0.339044,94.943,6412.33,0.210119,0.0514286,0.738452,0.0920635,0,0.907937
Prioritize ave. wealth,govment_20,step_21,hcabs_s8020,taxpay_s8020,329.064,0.400114,101.771,6683.04,0.201627,0.0279762,0.770397,0.084127,0,0.915873
Prioritize ave. wealth,govment_20,step_21,hcabs_s8020,taxpay_s8020,444.846,0.414259,216.889,9113.8,0.0929762,0.0106746,0.896349,0.0468254,0,0.953175
Prioritize ave. wealth,govment_20,step_21,hcabs_s8020,taxpay_s8020,435.664,0.373343,171.297,8884.58,0.109444,0.0256349,0.864921,0.0777778,0,0.922222
Prioritize ave. wealth,govment_20,step_21,hcabs_s8020,taxpay_s8020,424.028,0.390175,259.577,8740.14,0.0881349,0.0183333,0.893532,0.0333333,0,0.966667
Prioritize ave. wealth,govment_20,step_21,hcabs_s8020,taxpay_s8020,390.594,0.375221,94.5486,7906.43,0.148135,0.0289286,0.822937,0.202381,0,0.797619
Prioritize ave. wealth,govment_20,step_21,hcabs_s8020,taxpay_s8020,360.551,0.372759,102.669,7313.69,0.133333,0.0395238,0.827143,0.120635,0,0.879365
Prioritize ave. wealth,govment_20,step_21,hcabs_s8020,taxpay_s8020,373.111,0.376335,134.279,7596.5,0.110952,0.0531746,0.835873,0.0825397,0,0.91746
Prioritize ave. wealth,govment_20,step_21,hcabs_s8020,taxpay_s8020,454.302,0.336531,139.773,9225.81,0.120437,3.96825e-05,0.879524,0.0761905,0,0.92381
Prioritize ave. wealth,govment_20,step_21,hcabs_s8020,taxpay_s8020,376.871,0.493963,14.1262,7551.54,0.143452,0.0357143,0.820833,0.162698,0,0.837302
Prioritize ave. wealth,govment_20,step_21,hcabs_s8020,taxpay_s8020,257.916,0.32671,150.272,5308.6,0.130079,0.0747619,0.795159,0.0436508,0,0.956349
Prioritize ave. wealth,govment_20,step_21,hcabs_s8020,taxpay_s8020,406.406,0.393445,182.509,8310.63,0.140952,0.0138889,0.845159,0.0333333,0,0.966667
Prioritize ave. wealth,govment_20,step_21,hcabs_s8020,taxpay_s8020,428.766,0.453862,193.148,8768.47,0.117183,0.0225,0.860317,0.0444444,0,0.955556
Prioritize ave. wealth,govment_20,step_21,hcabs_s8020,taxpay_s8020,434.358,0.389667,159.413,8846.57,0.0918254,0.0125794,0.895595,0.177778,0,0.822222
Prioritize ave. wealth,govment_20,step_21,hcabs_s8020,taxpay_s8020,291.538,0.381472,139.121,5969.87,0.121667,0.0550794,0.823254,0.0333333,0,0.966667
Prioritize ave. wealth,govment_20,step_21,hcabs_s8020,taxpay_s8020,410.29,0.416063,178.62,8384.42,0.13131,0.018254,0.850437,0.0539683,0,0.946032
Prioritize ave. wealth,govment_20,step_21,hcabs_s8020,taxpay_s8020,419.322,0.465996,146.948,8533.39,0.145952,0.0253968,0.828651,0.0539683,0,0.946032
Prioritize ave. wealth,govment_20,step_21,hcabs_s8020,taxpay_s8020,413.934,0.308951,153.318,8431.99,0.119087,0.0161905,0.864722,0.0396825,0,0.960317
Prioritize ave. wealth,govment_20,step_21,hcabs_s8020,taxpay_s8020,354.35,0.348055,152.386,7239.38,0.146032,0.0361111,0.817857,0.0420635,0,0.957937
Prioritize ave. wealth,govment_20,step_21,hcabs_s8020,taxpay_s8020,313.639,0.436775,116.184,6388.97,0.159524,0.033254,0.807222,0.274603,0,0.725397
Prioritize ave. wealth,govment_20,step_21,hcabs_s8020,taxpay_s8020,331.691,0.413506,183.488,6817.3,0.123929,0.0665476,0.809524,0.047619,0,0.952381
Prioritize ave. wealth,govment_20,step_21,hcabs_s8020,taxpay_s8020,360.678,0.358501,130.215,7343.78,0.152302,0.0441667,0.803532,0.0492063,0,0.950794
Prioritize ave. wealth,govment_20,step_21,hcabs_s8020,taxpay_s8020,431.843,0.34304,180.274,8817.14,0.136984,0.00511905,0.857897,0.0333333,0,0.966667
Prioritize ave. wealth,govment_20,step_21,hcabs_s8020,taxpay_s8020,405.031,0.386784,110.668,8211.28,0.17381,0.0188889,0.807302,0.0849206,0,0.915079
Prioritize ave. wealth,govment_20,step_21,hcabs_s8020,taxpay_s8020,326.036,0.462255,99.037,6619.75,0.170238,0.056746,0.773016,0.176984,0,0.823016
Prioritize ave. wealth,govment_20,step_21,hcabs_s8020,taxpay_s8020,399.552,0.370322,140.762,8131.81,0.143214,0.0125397,0.844246,0.0619048,0,0.938095
Prioritize ave. wealth,govment_20,step_21,hcabs_s8020,taxpay_s8020,303.021,0.383037,85.2189,6145.64,0.135159,0.0557937,0.809048,0.161905,0,0.838095
Prioritize ave. wealth,govment_20,step_21,hcabs_s8020,taxpay_s8020,311.759,0.455642,155.331,6390.51,0.137262,0.0464683,0.81627,0.0452381,0,0.954762
Prioritize ave. wealth,govment_20,step_21,hcabs_s8020,taxpay_s8020,383.794,0.481274,117.81,7793.7,0.170238,0.0248016,0.80496,0.439683,0,0.560317
Prioritize ave. wealth,govment_20,step_21,hcabs_s8020,taxpay_s8020,394.12,0.365572,151.485,8033.88,0.150595,0.0165476,0.832857,0.0484127,0,0.951587
Prioritize ave. wealth,govment_20,step_21,hcabs_s8020,taxpay_s8020,340.416,0.364005,95.7896,6904.12,0.133214,0.0477381,0.819048,0.0698413,0,0.930159
Prioritize ave. wealth,govment_20,step_21,hcabs_s8020,taxpay_s8020,327.868,0.381967,104.12,6661.48,0.15123,0.0525,0.79627,0.106349,0,0.893651
Prioritize ave. wealth,govment_20,step_21,hcabs_s8020,taxpay_s8020,297.231,0.423621,91.4548,6036.07,0.134325,0.0610714,0.804603,0.192063,0,0.807937
Prioritize ave. wealth,govment_20,step_21,hcabs_s8020,taxpay_s8020,362.366,0.439016,191.575,7438.89,0.14004,0.037619,0.822341,0.0492063,0,0.950794
Prioritize ave. wealth,govment_20,step_21,hcabs_s8020,taxpay_s8020,400.022,0.328882,108.385,8108.82,0.13881,0.0102381,0.850952,0.213492,0,0.786508
Prioritize ave. wealth,govment_20,step_21,hcabs_s8020,taxpay_s8020,281.113,0.481507,107.635,5729.89,0.219802,0.0385714,0.741627,0.131746,0,0.868254
Prioritize ave. wealth,govment_20,step_21,hcabs_s8020,taxpay_s8020,449.255,0.383137,180.203,9165.31,0.132262,0.0226587,0.845079,0.0333333,0,0.966667
Prioritize ave. wealth,govment_20,step_21,hcabs_s8020,taxpay_s8020,421.945,0.37368,230.406,8669.3,0.116071,0.0157143,0.868214,0.0436508,0,0.956349
Prioritize ave. wealth,govment_20,step_21,hcabs_s8020,taxpay_s8020,333.655,0.382269,143.365,6816.46,0.124643,0.0479365,0.827421,0.0333333,0,0.966667
Prioritize ave. wealth,govment_20,step_21,hcabs_s8020,taxpay_s8020,413.733,0.379498,126.434,8401.09,0.116984,0.0237698,0.859246,0.136508,0,0.863492
Prioritize ave. wealth,govment_20,step_21,hcabs_s8020,taxpay_s8020,468.622,0.396721,153.969,9526.41,0.0947619,0.0112302,0.894008,0.12619,0,0.87381
Prioritize ave. wealth,govment_20,step_21,hcabs_s8020,taxpay_s8020,191.531,0.481908,93.4461,3924.07,0.219206,0.123571,0.657222,0.0714286,0,0.928571
Prioritize ave. wealth,govment_20,step_21,hcabs_s8020,taxpay_s8020,262.236,0.433082,80.4542,5325.18,0.163929,0.0728571,0.763214,0.0865079,0,0.913492
Prioritize ave. wealth,govment_20,step_21,hcabs_s8020,taxpay_s8020,384.714,0.360644,230.939,7925.23,0.170437,0.0222222,0.807341,0.0333333,0,0.966667
Prioritize ave. wealth,govment_20,step_21,hcabs_s8020,taxpay_s8020,342.855,0.384471,146.492,7003.59,0.135794,0.0493254,0.814881,0.0380952,0,0.961905
Prioritize ave. wealth,govment_20,step_21,hcabs_s8020,taxpay_s8020,302.733,0.432983,108.003,6162.67,0.16627,0.0594841,0.774246,0.0634921,0,0.936508
Prioritize ave. wealth,govment_20,step_21,hcabs_s8020,taxpay_s8020,405.111,0.404921,128.122,8230.34,0.141786,0.00412698,0.854087,0.0761905,0,0.92381
Prioritize ave. wealth,govment_20,step_21,hcabs_s8020,taxpay_s8020,406.562,0.378058,161.259,8292.51,0.11873,0.0240873,0.857183,0.0698413,0,0.930159
Prioritize ave. wealth,govment_20,step_21,hcabs_s8020,taxpay_s8020,271.987,0.481758,145.934,5585.67,0.173056,0.0792063,0.747738,0.047619,0,0.952381
Prioritize ave. wealth,govment_20,step_21,hcabs_s8020,taxpay_s8020,233.14,0.501364,71.5326,4734.33,0.177341,0.0758333,0.746825,0.212698,0,0.787302
Prioritize ave. wealth,govment_20,step_21,hcabs_s8020,taxpay_s8020,417.698,0.370497,140.896,8494.85,0.151071,0.0109524,0.837976,0.0539683,0,0.946032
Prioritize ave. wealth,govment_20,step_21,hcabs_s8020,taxpay_s8020,314.077,0.368486,116.046,6397.58,0.15877,0.0489286,0.792302,0.0769841,0,0.923016
Prioritize ave. wealth,govment_20,step_21,hcabs_s8020,taxpay_s8020,422.423,0.36049,152.854,8601.32,0.127063,0.0236905,0.849246,0.068254,0,0.931746
Prioritize ave. wealth,govment_20,step_21,hcabs_s8020,taxpay_s8020,357.27,0.402071,113.903,7259.3,0.15627,0.0364683,0.807262,0.254762,0,0.745238
Prioritize ave. wealth,govment_20,step_21,hcabs_s8020,taxpay_s8020,355.986,0.466531,130.369,7250.08,0.11004,0.0559921,0.833968,0.0460317,0,0.953968
Prioritize ave. wealth,govment_20,step_21,hcabs_s8020,taxpay_s8020,300.886,0.401535,96.3215,6114.03,0.129484,0.081627,0.788889,0.15,0,0.85
Prioritize ave. wealth,govment_20,step_21,hcabs_s8020,taxpay_s8020,407.362,0.367366,121.167,8268.4,0.110079,0.0303968,0.859524,0.0563492,0,0.943651
Prioritize ave. wealth,govment_20,step_21,hcabs_s8020,taxpay_s8020,347.895,0.357172,159.374,7117.28,0.120516,0.0474603,0.832024,0.0333333,0,0.966667
Prioritize ave. wealth,govment_20,step_21,hcabs_s8020,taxpay_s8020,357.194,0.472064,161.188,7305.07,0.123056,0.0637302,0.813214,0.0515873,0,0.948413
Prioritize ave. wealth,govment_20,step_21,hcabs_s8020,taxpay_s8020,369.831,0.352271,164.824,7561.45,0.158611,0.0113889,0.83,0.0452381,0,0.954762
Prioritize ave. wealth,govment_20,step_21,hcabs_s8020,taxpay_s8020,375.809,0.362167,80.183,7596.37,0.123175,0.0469841,0.829841,0.122222,0,0.877778
Prioritize ave. wealth,govment_20,step_21,hcabs_s8020,taxpay_s8020,232.213,0.439923,83.4883,4727.76,0.116706,0.112183,0.771111,0.142857,0,0.857143
Prioritize ave. wealth,govment_20,step_21,hcabs_s8020,taxpay_s8020,371.486,0.43174,172.004,7601.72,0.110397,0.0361905,0.853413,0.0333333,0,0.966667
Prioritize ave. wealth,govment_20,step_21,hcabs_s8020,taxpay_s8020,339.776,0.378761,170.48,6966,0.119603,0.0413889,0.839008,0.0333333,0,0.966667
Prioritize ave. wealth,govment_20,step_21,hcabs_s8020,taxpay_s8020,384.728,0.416245,124.083,7818.64,0.1175,0.0545635,0.827937,0.0468254,0,0.953175
Prioritize ave. wealth,govment_20,step_21,hcabs_s8020,taxpay_s8020,348.358,0.371555,112.508,7079.67,0.147659,0.0382937,0.814048,0.0492063,0,0.950794
Prioritize ave. wealth,govment_20,step_21,hcabs_s8020,taxpay_s8020,409.38,0.366817,172.811,8360.41,0.143571,0.00503968,0.851389,0.0460317,0,0.953968
Prioritize ave. wealth,govment_20,step_21,hcabs_s8020,taxpay_s8020,292.851,0.464944,150.203,6007.21,0.151825,0.0526984,0.795476,0.0484127,0,0.951587
Prioritize ave. wealth,govment_20,step_21,hcabs_s8020,taxpay_s8020,336.433,0.395072,120.469,6849.12,0.140079,0.0499603,0.80996,0.124603,0,0.875397
Prioritize ave. wealth,govment_20,step_21,hcabs_s8020,taxpay_s8020,392.674,0.437713,114.409,7967.9,0.120159,0.0446825,0.835159,0.0650794,0,0.934921
Prioritize ave. wealth,govment_20,step_21,hcabs_s8020,taxpay_s8020,300.886,0.520951,132.798,6150.51,0.183135,0.0298016,0.787063,0.0833333,0,0.916667
Prioritize ave. wealth,govment_20,step_21,hcabs_s8020,taxpay_s8020,239.421,0.418815,100.756,4889.18,0.243929,0.0645238,0.691548,0.0722222,0,0.927778
Prioritize ave. wealth,govment_20,step_21,hcabs_s8020,taxpay_s8020,431.748,0.397874,166.736,8801.69,0.123095,0.0160714,0.860833,0.0531746,0,0.946825
Prioritize ave. wealth,govment_20,step_21,hcabs_s8020,taxpay_s8020,407.789,0.3936,107.306,8263.08,0.0902381,0.0410714,0.86869,0.448413,0,0.551587
Prioritize ave. wealth,govment_20,step_21,hcabs_s8020,taxpay_s8020,364.314,0.323033,134.718,7421,0.140794,0.0434524,0.815754,0.103175,0,0.896825
Prioritize ave. wealth,govment_20,step_21,hcabs_s8020,taxpay_s8020,295.31,0.499699,184.815,6091.01,0.191508,0.0475794,0.760913,0.0333333,0,0.966667
Prioritize ave. wealth,govment_20,step_21,hcabs_s8020,taxpay_s8020,429.509,0.317657,134.584,8724.76,0.11619,0.015,0.86881,0.0404762,0,0.959524
Prioritize ave. wealth,govment_20,step_21,hcabs_s8020,taxpay_s8020,437.667,0.436888,109.905,8863.24,0.112262,0.0396429,0.848095,0.142857,0,0.857143
Prioritize ave. wealth,govment_20,step_21,hcabs_s8020,taxpay_s8020,354.842,0.412485,91.8225,7188.67,0.177857,0.0339286,0.788214,0.320635,0,0.679365
Prioritize ave. wealth,govment_20,step_21,hcabs_s8020,taxpay_s8020,364.28,0.444896,211.759,7497.35,0.103492,0.0496825,0.846825,0.0333333,0,0.966667
Prioritize ave. wealth,govment_20,step_21,hcabs_s8020,taxpay_s8020,304.633,0.355688,110.96,6203.63,0.206944,0.047619,0.745437,0.127778,0,0.872222
Prioritize ave. wealth,govment_20,step_21,hcabs_s8020,taxpay_s8020,398.288,0.35813,123.511,8089.27,0.185675,0.0025,0.811825,0.130159,0,0.869841
Prioritize ave. wealth,govment_20,step_21,hcabs_s8020,taxpay_s8020,379.282,0.398135,117.279,7702.91,0.124683,0.0378571,0.83746,0.142063,0,0.857937
Prioritize ave. wealth,govment_20,step_21,hcabs_s8020,taxpay_s8020,312.707,0.391453,84.3185,6338.46,0.150714,0.0736111,0.775675,0.181746,0,0.818254
Prioritize ave. wealth,govment_20,step_21,hcabs_s8020,taxpay_s8020,419.58,0.370487,159.101,8550.7,0.106667,0.013254,0.880079,0.0388889,0,0.961111
Prioritize ave. wealth,govment_20,step_21,hcabs_s8020,taxpay_s8020,252.614,0.455987,79.86,5132.15,0.204484,0.0713492,0.724167,0.0738095,0,0.92619
Prioritize ave. wealth,govment_20,step_21,hcabs_s8020,taxpay_s8020,400.093,0.344567,138.721,8140.58,0.114405,0.0217857,0.86381,0.0563492,0,0.943651
Prioritize ave. wealth,govment_20,step_21,hcabs_s8020,taxpay_s8020,420.141,0.349328,167.738,8570.56,0.0835714,0.0168254,0.899603,0.0420635,0,0.957937
Prioritize ave. wealth,govment_20,step_21,hcabs_s8020,taxpay_s8020,346.971,0.350912,92.1575,7031.58,0.173373,0.024881,0.801746,0.065873,0,0.934127
Prioritize ave. wealth,govment_20,step_21,hcabs_s8020,taxpay_s8020,268.483,0.469335,94.3002,5463.95,0.1425,0.0821429,0.775357,0.0880952,0,0.911905
Prioritize ave. wealth,govment_20,step_21,hcabs_s8020,taxpay_s8020,279.174,0.360282,109.662,5693.14,0.154405,0.0571429,0.788452,0.05,0,0.95
Balanced priorities,govment_20,step_21,hcabs_s5050,taxpay_s5050,61.2597,0.267085,782.805,2008,0.197897,0.0204365,0.781667,0.0214286,0.496032,0.48254
Balanced priorities,govment_20,step_21,hcabs_s5050,taxpay_s5050,69.2237,0.290445,773.41,2157.88,0.207183,0.0233333,0.769484,0.0238095,0.472222,0.503968
Balanced priorities,govment_20,step_21,hcabs_s5050,taxpay_s5050,68.9666,0.39341,701.742,2081.07,0.21877,0.035,0.74623,0.0214286,0.456349,0.522222
Balanced priorities,govment_20,step_21,hcabs_s5050,taxpay_s5050,61.3056,0.367623,749.579,1975.69,0.27627,0.00785714,0.715873,0.0222222,0.499206,0.478571
Balanced priorities,govment_20,step_21,hcabs_s5050,taxpay_s5050,31.2506,0.458383,551.722,1176.73,0.356389,0.000714286,0.642897,0.0230159,0.568254,0.40873
Balanced priorities,govment_20,step_21,hcabs_s5050,taxpay_s5050,59.3387,0.361714,676.427,1863.2,0.282103,0.0540476,0.663849,0.0206349,0.442063,0.537302
Balanced priorities,govment_20,step_21,hcabs_s5050,taxpay_s5050,41.7227,0.353035,740.87,1575.32,0.319881,0.010873,0.669246,0.0047619,0.546825,0.448413
Balanced priorities,govment_20,step_21,hcabs_s5050,taxpay_s5050,50.5365,0.409737,655.939,1666.67,0.309484,0.0303175,0.660198,0.0222222,0.507937,0.469841
Balanced priorities,govment_20,step_21,hcabs_s5050,taxpay_s5050,103.125,0.225717,1103.7,3166.2,0.161905,0.00623016,0.831865,0.0214286,0.437302,0.54127
Balanced priorities,govment_20,step_21,hcabs_s5050,taxpay_s5050,48.7006,0.438623,508.694,1482.71,0.309643,0.0387302,0.651627,0.0214286,0.518254,0.460317
Balanced priorities,govment_20,step_21,hcabs_s5050,taxpay_s5050,82.5869,0.240117,789.894,2441.63,0.189802,0.0291667,0.781032,0.0238095,0.439683,0.536508
Balanced priorities,govment_20,step_21,hcabs_s5050,taxpay_s5050,65.5602,0.2422,852.709,2163.91,0.233889,0.0277778,0.738333,0.0214286,0.464286,0.514286
Balanced priorities,govment_20,step_21,hcabs_s5050,taxpay_s5050,94.6866,0.263752,1000.46,2894.19,0.215317,0.0414286,0.743254,0.0230159,0.388095,0.588889
Balanced priorities,govment_20,step_21,hcabs_s5050,taxpay_s5050,62.0447,0.280358,735.228,1976.12,0.277063,0.0469444,0.675992,0.0269841,0.443651,0.529365
Balanced priorities,govment_20,step_21,hcabs_s5050,taxpay_s5050,73.4331,0.324644,951.641,2420.3,0.23127,0.0196825,0.749048,0.0230159,0.461905,0.515079
Balanced priorities,govment_20,step_21,hcabs_s5050,taxpay_s5050,134.172,0.217157,1451.2,4134.63,0.0988095,0.0136508,0.88754,0.0293651,0.36746,0.603175
Balanced priorities,govment_20,step_21,hcabs_s5050,taxpay_s5050,68.9619,0.349086,784.109,2163.35,0.278214,0.0336508,0.688135,0.0222222,0.444444,0.533333
Balanced priorities,govment_20,step_21,hcabs_s5050,taxpay_s5050,84.3424,0.230886,877.487,2564.34,0.265,0.00876984,0.72623,0.0230159,0.433333,0.543651
Balanced priorities,govment_20,step_21,hcabs_s5050,taxpay_s5050,61.3527,0.316725,733.631,1960.69,0.27131,0.0370238,0.691667,0.0214286,0.474603,0.503968
Balanced priorities,govment_20,step_21,hcabs_s5050,taxpay_s5050,72.5551,0.270254,753.057,2204.16,0.224167,0.0193651,0.756468,0.0238095,0.466667,0.509524
Balanced priorities,govment_20,step_21,hcabs_s5050,taxpay_s5050,68.5845,0.217808,769.83,2141.52,0.20377,0.0717063,0.724524,0.0246032,0.418254,0.557143
Balanced priorities,govment_20,step_21,hcabs_s5050,taxpay_s5050,79.1233,0.322921,664.094,2246.56,0.243968,0.0486905,0.707341,0.0214286,0.422222,0.556349
Balanced priorities,govment_20,step_21,hcabs_s5050,taxpay_s5050,57.0653,0.295782,661.299,1802.61,0.224325,0.0616667,0.714008,0.0214286,0.455556,0.523016
Balanced priorities,govment_20,step_21,hcabs_s5050,taxpay_s5050,90.6608,0.253989,1134.32,2947.54,0.206667,0.0218651,0.771468,0.0222222,0.405556,0.572222
Balanced priorities,govment_20,step_21,hcabs_s5050,taxpay_s5050,146.343,0.194129,1216.63,4143.49,0.139683,0.0422619,0.818056,0.0253968,0.269841,0.704762
Balanced priorities,govment_20,step_21,hcabs_s5050,taxpay_s5050,75.891,0.356428,764.592,2282.41,0.224167,0.063373,0.71246,0.0214286,0.404762,0.57381
Balanced priorities,govment_20,step_21,hcabs_s5050,taxpay_s5050,66.6907,0.183164,722.312,2056.13,0.205635,0.0692063,0.725159,0.0214286,0.430159,0.548413
Balanced priorities,govment_20,step_21,hcabs_s5050,taxpay_s5050,47.2347,0.259709,606.092,1550.79,0.246429,0.0317063,0.721865,0.0214286,0.515873,0.462698
Balanced priorities,govment_20,step_21,hcabs_s5050,taxpay_s5050,119.165,0.108707,1211.65,3594.94,0.163175,0.00607143,0.830754,0.0222222,0.379365,0.598413
Balanced priorities,govment_20,step_21,hcabs_s5050,taxpay_s5050,62.3193,0.240164,891.943,2138.33,0.218333,0.0155952,0.766071,0.0214286,0.488095,0.490476
Balanced priorities,govment_20,step_21,hcabs_s5050,taxpay_s5050,116.348,0.164447,916.029,3242.99,0.160992,0.0460317,0.792976,0.0222222,0.366667,0.611111
Balanced priorities,govment_20,step_21,hcabs_s5050,taxpay_s5050,93.8021,0.237696,852.469,2728.51,0.182063,0.0611905,0.756746,0.0222222,0.362698,0.615079
Balanced priorities,govment_20,step_21,hcabs_s5050,taxpay_s5050,92.2307,0.164739,1083.08,2927.7,0.195317,0.0410714,0.763611,0.015873,0.403175,0.580952
Balanced priorities,govment_20,step_21,hcabs_s5050,taxpay_s5050,68.9852,0.282278,815.055,2194.76,0.154286,0.0606746,0.78504,0.0253968,0.430952,0.543651
Balanced priorities,govment_20,step_21,hcabs_s5050,taxpay_s5050,83.375,0.437567,817.584,2485.08,0.23881,0.0337302,0.72746,0.0206349,0.430952,0.548413
Balanced priorities,govment_20,step_21,hcabs_s5050,taxpay_s5050,40.8652,0.541814,454.186,1271.49,0.364206,0.0630556,0.572738,0.0214286,0.485714,0.492857
Balanced priorities,govment_20,step_21,hcabs_s5050,taxpay_s5050,145.427,0.0617266,1151.94,4060.48,0.151984,0.035873,0.812143,0.0214286,0.297619,0.680952
Balanced priorities,govment_20,step_21,hcabs_s5050,taxpay_s5050,62.1999,0.393853,741.168,1985.16,0.241905,0.0130952,0.745,0.0214286,0.489683,0.488889
Balanced priorities,govment_20,step_21,hcabs_s5050,taxpay_s5050,83.6952,0.285279,883.223,2557.13,0.214008,0.0375,0.748492,0.0261905,0.425397,0.548413
Balanced priorities,govment_20,step_21,hcabs_s5050,taxpay_s5050,64.7096,0.142351,755.513,2049.7,0.228571,0.042381,0.729048,0.0214286,0.455556,0.523016
Balanced priorities,govment_20,step_21,hcabs_s5050,taxpay_s5050,71.4196,0.372327,728.228,2156.62,0.300516,0.0171032,0.682381,0.0214286,0.461905,0.516667
Balanced priorities,govment_20,step_21,hcabs_s5050,taxpay_s5050,108.883,0.242587,1062.14,3239.8,0.198016,0.0413889,0.760595,0.0301587,0.347619,0.622222
Balanced priorities,govment_20,step_21,hcabs_s5050,taxpay_s5050,48.1643,0.223328,673.236,1636.52,0.236984,0.0318651,0.731151,0.0277778,0.5,0.472222
Balanced priorities,govment_20,step_21,hcabs_s5050,taxpay_s5050,74.9095,0.298311,896.503,2394.69,0.2125,0.0385317,0.748968,0.0253968,0.440476,0.534127
Balanced priorities,govment_20,step_21,hcabs_s5050,taxpay_s5050,84.7386,0.263009,928.933,2623.7,0.148889,0.0249206,0.82619,0.0214286,0.453968,0.524603
Balanced priorities,govment_20,step_21,hcabs_s5050,taxpay_s5050,104.474,0.333317,858.744,2948.21,0.226746,0.0425794,0.730675,0.0277778,0.361905,0.610317
Balanced priorities,govment_20,step_21,hcabs_s5050,taxpay_s5050,63.1025,0.263225,593.308,1855.36,0.224286,0.091627,0.684087,0.0214286,0.393651,0.584921
Balanced priorities,govment_20,step_21,hcabs_s5050,taxpay_s5050,85.405,0.210935,800.264,2508.36,0.239683,0.0421429,0.718175,0.0246032,0.407143,0.568254
Balanced priorities,govment_20,step_21,hcabs_s5050,taxpay_s5050,62.9516,0.239777,813.367,2072.4,0.255198,0.0643651,0.680437,0.0309524,0.394444,0.574603
Balanced priorities,govment_20,step_21,hcabs_s5050,taxpay_s5050,82.0744,0.323981,786.675,2428.16,0.232183,0.0551587,0.712659,0.0214286,0.392857,0.585714
Balanced priorities,govment_20,step_21,hcabs_s5050,taxpay_s5050,72.6511,0.190523,804.46,2257.48,0.244722,0.0430952,0.712183,0.0238095,0.429365,0.546825
Balanced priorities,govment_20,step_21,hcabs_s5050,taxpay_s5050,61.2471,0.249654,784.863,2009.8,0.216905,0.0929365,0.690159,0,0.400794,0.599206
Balanced priorities,govment_20,step_21,hcabs_s5050,taxpay_s5050,60.6894,0.231306,779.124,1992.91,0.257341,0.105833,0.636825,0.0214286,0.361111,0.61746
Balanced priorities,govment_20,step_21,hcabs_s5050,taxpay_s5050,64.2168,0.170587,876.84,2161.18,0.203492,0.029246,0.767262,0.0261905,0.470635,0.503175
Balanced priorities,govment_20,step_21,hcabs_s5050,taxpay_s5050,51.484,0.369702,593.281,1622.96,0.258571,0.0655159,0.675913,0.0214286,0.469841,0.50873
Balanced priorities,govment_20,step_21,hcabs_s5050,taxpay_s5050,80.7006,0.181968,729.055,2343.07,0.188651,0.0879365,0.723413,0.0269841,0.356349,0.616667
Balanced priorities,govment_20,step_21,hcabs_s5050,taxpay_s5050,104.634,0.167055,903.155,2995.84,0.173373,0.0854762,0.741151,0.0269841,0.3,0.673016
Balanced priorities,govment_20,step_21,hcabs_s5050,taxpay_s5050,92.5745,0.322643,1168.73,3020.22,0.19369,0.0511508,0.755159,0.0246032,0.357937,0.61746
Balanced priorities,govment_20,step_21,hcabs_s5050,taxpay_s5050,80.9561,0.299863,674.854,2293.98,0.26004,0.0112302,0.72873,0.0222222,0.442063,0.535714
Balanced priorities,govment_20,step_21,hcabs_s5050,taxpay_s5050,86.741,0.192222,966.086,2700.91,0.227817,0.0134921,0.75869,0.0230159,0.426984,0.55
Balanced priorities,govment_20,step_21,hcabs_s5050,taxpay_s5050,67.4952,0.236526,708.042,2057.95,0.183333,0.119167,0.6975,0.0214286,0.384921,0.593651
Balanced priorities,govment_20,step_21,hcabs_s5050,taxpay_s5050,113.998,0.139187,959.846,3239.81,0.159722,0.0577381,0.78254,0.0230159,0.34127,0.635714
Balanced priorities,govment_20,step_21,hcabs_s5050,taxpay_s5050,63.2054,0.205858,765.75,2029.86,0.241905,0.0081746,0.749921,0.0214286,0.49127,0.487302
Balanced priorities,govment_20,step_21,hcabs_s5050,taxpay_s5050,87.8776,0.145534,758.359,2515.91,0.241667,0.034881,0.723452,0.0214286,0.411905,0.566667
Balanced priorities,govment_20,step_21,hcabs_s5050,taxpay_s5050,107.34,0.240544,1000.02,3146.82,0.204167,0.0404365,0.755397,0.0214286,0.357143,0.621429
Balanced priorities,govment_20,step_21,hcabs_s5050,taxpay_s5050,85.8542,0.229848,1034.72,2751.8,0.152857,0.0580952,0.789048,0.0238095,0.379365,0.596825
Balanced priorities,govment_20,step_21,hcabs_s5050,taxpay_s5050,90.0645,0.159801,898.448,2699.74,0.210238,0.0323016,0.75746,0.0238095,0.406349,0.569841
Balanced priorities,govment_20,step_21,hcabs_s5050,taxpay_s5050,63.0334,0.353361,735.231,1995.9,0.218056,0.0428175,0.739127,0.0214286,0.469048,0.509524
Balanced priorities,govment_20,step_21,hcabs_s5050,taxpay_s5050,137.843,0.22423,1050.29,3807.15,0.222143,0.0274603,0.750397,0.0103175,0.324603,0.665079
Balanced priorities,govment_20,step_21,hcabs_s5050,taxpay_s5050,91.4846,0.23768,909.929,2739.62,0.224762,0.052619,0.722619,0.0238095,0.381746,0.594444
Balanced priorities,govment_20,step_21,hcabs_s5050,taxpay_s5050,89.3225,0.194253,876.624,2663.07,0.165476,0.0611508,0.773373,0.0261905,0.384127,0.589683
Balanced priorities,govment_20,step_21,hcabs_s5050,taxpay_s5050,57.8315,0.408944,651.772,1808.4,0.29246,0.0378968,0.669643,0.0214286,0.477778,0.500794
Balanced priorities,govment_20,step_21,hcabs_s5050,taxpay_s5050,95.5884,0.212207,1076.9,2988.66,0.173452,0.0251587,0.801389,0.0246032,0.43254,0.542857
Balanced priorities,govment_20,step_21,hcabs_s5050,taxpay_s5050,74.5766,0.329266,901.961,2393.49,0.20996,0.037381,0.752659,0.0269841,0.440476,0.53254
Balanced priorities,govment_20,step_21,hcabs_s5050,taxpay_s5050,59.2207,0.296843,605.748,1790.16,0.226905,0.0442063,0.728889,0.0214286,0.475397,0.503175
Balanced priorities,govment_20,step_21,hcabs_s5050,taxpay_s5050,90.9472,0.325416,849.753,2668.7,0.188929,0.00857143,0.8025,0.0214286,0.451587,0.526984
Balanced priorities,govment_20,step_21,hcabs_s5050,taxpay_s5050,61.6184,0.343526,812.336,2044.7,0.205754,0.0590079,0.735238,0.0214286,0.460317,0.518254
Balanced priorities,govment_20,step_21,hcabs_s5050,taxpay_s5050,91.1052,0.209417,756.028,2578.13,0.309087,0.0496032,0.64131,0.0214286,0.363492,0.615079
Balanced priorities,govment_20,step_21,hcabs_s5050,taxpay_s5050,43.4085,0.247721,701.398,1569.57,0.2325,0.049881,0.717619,0.0198413,0.510317,0.469841
Balanced priorities,govment_20,step_21,hcabs_s5050,taxpay_s5050,97.1861,0.151959,945.16,2888.88,0.213929,0.0100397,0.776032,0.0214286,0.418254,0.560317
Balanced priorities,govment_20,step_21,hcabs_s5050,taxpay_s5050,83.0619,0.187896,835.309,2496.55,0.165595,0.110556,0.723849,0.0230159,0.323016,0.653968
Balanced priorities,govment_20,step_21,hcabs_s5050,taxpay_s5050,85.0966,0.241621,831.322,2533.25,0.224127,0.0460317,0.729841,0.0261905,0.407937,0.565873
Balanced priorities,govment_20,step_21,hcabs_s5050,taxpay_s5050,45.2875,0.27352,622.008,1527.76,0.306746,0.045,0.648254,0,0.501587,0.498413
Balanced priorities,govment_20,step_21,hcabs_s5050,taxpay_s5050,58.99,0.250235,612.108,1791.91,0.207024,0.0455952,0.747381,0.0230159,0.472222,0.504762
Balanced priorities,govment_20,step_21,hcabs_s5050,taxpay_s5050,74.2327,0.268042,962.152,2446.81,0.212024,0.0768254,0.711151,0.0253968,0.378571,0.596032
Balanced priorities,govment_20,step_21,hcabs_s5050,taxpay_s5050,82.9906,0.203605,793.839,2453.65,0.209048,0.0750397,0.715913,0.0031746,0.368254,0.628571
Balanced priorities,govment_20,step_21,hcabs_s5050,taxpay_s5050,160.345,0.075562,1133.44,4340.34,0.145278,0.0846825,0.77004,0.0396825,0.180159,0.780159
Balanced priorities,govment_20,step_21,hcabs_s5050,taxpay_s5050,76.7027,0.294311,890.07,2424.12,0.178492,0.0622619,0.759246,0.0277778,0.41746,0.554762
Balanced priorities,govment_20,step_21,hcabs_s5050,taxpay_s5050,67.2858,0.326665,794.471,2140.19,0.231905,0.0445635,0.723532,0.0253968,0.443651,0.530952
Balanced priorities,govment_20,step_21,hcabs_s5050,taxpay_s5050,55.6003,0.38869,798.018,1910.02,0.212619,0.0461111,0.74127,0.0214286,0.476984,0.501587
Balanced priorities,govment_20,step_21,hcabs_s5050,taxpay_s5050,75.0551,0.2533,837.63,2338.73,0.211508,0.0456349,0.742857,0.0253968,0.425397,0.549206
Balanced priorities,govment_20,step_21,hcabs_s5050,taxpay_s5050,71.4835,0.20297,779.301,2208.97,0.195119,0.0293254,0.775556,0.0238095,0.455556,0.520635
Balanced priorities,govment_20,step_21,hcabs_s5050,taxpay_s5050,126.907,0.188501,1165.2,3703.35,0.175119,0.015873,0.809008,0.0214286,0.361905,0.616667
Balanced priorities,govment_20,step_21,hcabs_s5050,taxpay_s5050,27.7978,0.405156,535.933,1091.89,0.289563,0.0824206,0.628016,0.0222222,0.513492,0.464286
Balanced priorities,govment_20,step_21,hcabs_s5050,taxpay_s5050,98.6402,0.185311,1104.17,3076.97,0.203452,0.0260714,0.770476,0.0230159,0.392063,0.584921
Balanced priorities,govment_20,step_21,hcabs_s5050,taxpay_s5050,115.433,0.165943,1198.73,3507.39,0.129008,0.0312302,0.839762,0.0269841,0.374603,0.598413
Balanced priorities,govment_20,step_21,hcabs_s5050,taxpay_s5050,124.616,0.122132,1138.48,3630.79,0.191389,0.0362302,0.772381,0.0301587,0.299206,0.670635
Balanced priorities,govment_20,step_21,hcabs_s5050,taxpay_s5050,65.9828,0.206453,654.415,1974.07,0.232063,0.0896032,0.678333,0.0269841,0.407143,0.565873
Balanced priorities,govment_20,step_21,hcabs_s5050,taxpay_s5050,99.102,0.145006,847.185,2829.23,0.220635,0.0640476,0.715317,0.0174603,0.342063,0.640476
Balanced priorities,govment_20,step_21,hcabs_s5050,taxpay_s5050,90.3084,0.224447,869.394,2675.56,0.178254,0.0830159,0.73873,0.0253968,0.346032,0.628571
Prioritize equality,govment_20,step_21,hcabs_s2080,taxpay_s2080,155.47,0.0413365,1438.05,4547.45,0.231111,0.0371825,0.731706,0.103968,0.155556,0.740476
Prioritize equality,govment_20,step_21,hcabs_s2080,taxpay_s2080,94.8957,0.0903844,1148.81,3046.72,0.246865,0.0305556,0.722579,0.0142857,0.334921,0.650794
Prioritize equality,govment_20,step_21,hcabs_s2080,taxpay_s2080,64.7001,0.266401,776.608,2070.61,0.321706,0.0641667,0.614127,0.0238095,0.352381,0.62381
Prioritize equality,govment_20,step_21,hcabs_s2080,taxpay_s2080,125.849,0.0753527,1246.44,3763.41,0.212421,0.0194048,0.768175,0.0214286,0.288095,0.690476
Prioritize equality,govment_20,step_21,hcabs_s2080,taxpay_s2080,142.562,0.0546675,1574.38,4425.62,0.162381,0.0399206,0.797698,0.0888889,0.196032,0.715079
Prioritize equality,govment_20,step_21,hcabs_s2080,taxpay_s2080,136.207,0.0827215,1388.72,4112.87,0.180079,0.049127,0.770794,0.0769841,0.198413,0.724603
Prioritize equality,govment_20,step_21,hcabs_s2080,taxpay_s2080,170.024,0.048557,1666.04,5066.52,0.185913,0.00123016,0.812857,0.0968254,0.202381,0.700794
Prioritize equality,govment_20,step_21,hcabs_s2080,taxpay_s2080,157.952,0.0910018,1569.81,4728.86,0.200794,0.00960317,0.789603,0.0761905,0.214286,0.709524
Prioritize equality,govment_20,step_21,hcabs_s2080,taxpay_s2080,115.026,0.0829723,1244.66,3545.19,0.216984,0.0540873,0.728929,0.0420635,0.237302,0.720635
Prioritize equality,govment_20,step_21,hcabs_s2080,taxpay_s2080,100.693,0.136521,1201.71,3215.57,0.293135,0.00992063,0.696944,0.0126984,0.32619,0.661111
Prioritize equality,govment_20,step_21,hcabs_s2080,taxpay_s2080,113.227,0.0461632,1179.79,3444.34,0.262103,0.0417063,0.69619,0.0309524,0.259524,0.709524
Prioritize equality,govment_20,step_21,hcabs_s2080,taxpay_s2080,106.488,0.170402,1167.91,3297.66,0.252063,0.0424603,0.705476,0.0412698,0.278571,0.680159
Prioritize equality,govment_20,step_21,hcabs_s2080,taxpay_s2080,102.455,0.0755158,1097.83,3146.93,0.204087,0.0753175,0.720595,0.0269841,0.252381,0.720635
Prioritize equality,govment_20,step_21,hcabs_s2080,taxpay_s2080,151.214,0.0561296,1473.89,4498.17,0.170635,0.0360317,0.793333,0.0769841,0.206349,0.716667
Prioritize equality,govment_20,step_21,hcabs_s2080,taxpay_s2080,125.171,0.127211,1536.5,4039.92,0.214365,0.0540873,0.731548,0.0960317,0.187302,0.716667
Prioritize equality,govment_20,step_21,hcabs_s2080,taxpay_s2080,147.13,0.105016,1501.34,4443.94,0.189762,0.0480952,0.762143,0.0873016,0.173016,0.739683
Prioritize equality,govment_20,step_21,hcabs_s2080,taxpay_s2080,80.4039,0.0998673,977.587,2585.67,0.277421,0.0588889,0.66369,0.00396825,0.32381,0.672222
Prioritize equality,govment_20,step_21,hcabs_s2080,taxpay_s2080,124.879,0.0879182,1194.72,3692.3,0.216429,0.0478175,0.735754,0.0380952,0.248413,0.713492
Prioritize equality,govment_20,step_21,hcabs_s2080,taxpay_s2080,73.3939,0.176722,1106.96,2574.84,0.16869,0.111865,0.719444,0.0428571,0.271429,0.685714
Prioritize equality,govment_20,step_21,hcabs_s2080,taxpay_s2080,145.998,0.063133,1472.37,4392.33,0.207937,0.019127,0.772937,0.065873,0.226984,0.707143
Prioritize equality,govment_20,step_21,hcabs_s2080,taxpay_s2080,85.2774,0.102873,1035.63,2741.18,0.196746,0.0670238,0.73623,0.0412698,0.313492,0.645238
Prioritize equality,govment_20,step_21,hcabs_s2080,taxpay_s2080,173.882,0.0634927,1721.14,5198.77,0.144643,0.0321825,0.823175,0.121429,0.155556,0.723016
Prioritize equality,govment_20,step_21,hcabs_s2080,taxpay_s2080,129.837,0.0965181,1259.68,3856.42,0.227619,0.0400794,0.732302,0.0396825,0.238095,0.722222
Prioritize equality,govment_20,step_21,hcabs_s2080,taxpay_s2080,141.196,0.108799,1421.72,4245.65,0.114365,0.0453968,0.840238,0.0539683,0.230952,0.715079
Prioritize equality,govment_20,step_21,hcabs_s2080,taxpay_s2080,88.5687,0.139454,1023.7,2795.08,0.191944,0.0698016,0.738254,0.0309524,0.30873,0.660317
Prioritize equality,govment_20,step_21,hcabs_s2080,taxpay_s2080,104.354,0.0885397,996.134,3083.22,0.167619,0.0880952,0.744286,0.0230159,0.256349,0.720635
Prioritize equality,govment_20,step_21,hcabs_s2080,taxpay_s2080,121.942,0.116811,1438.96,3877.79,0.20123,0.0508333,0.747937,0.0531746,0.224603,0.722222
Prioritize equality,govment_20,step_21,hcabs_s2080,taxpay_s2080,95.8316,0.157161,1051.48,2968.11,0.24869,0.0366667,0.714643,0.0349206,0.315873,0.649206
Prioritize equality,govment_20,step_21,hcabs_s2080,taxpay_s2080,101.969,0.111686,1263.92,3303.29,0.202381,0.0751587,0.72246,0.0515873,0.228571,0.719841
Prioritize equality,govment_20,step_21,hcabs_s2080,taxpay_s2080,126.556,0.0461254,1252.68,3783.8,0.15873,0.0483333,0.792937,0.0428571,0.253968,0.703175
Prioritize equality,govment_20,step_21,hcabs_s2080,taxpay_s2080,109.335,0.069376,1219.11,3405.81,0.268571,0.0300794,0.701349,0.0309524,0.272222,0.696825
Prioritize equality,govment_20,step_21,hcabs_s2080,taxpay_s2080,99.1864,0.139849,1227.49,3211.22,0.168373,0.0701984,0.761429,0.0293651,0.27619,0.694444
Prioritize equality,govment_20,step_21,hcabs_s2080,taxpay_s2080,127.105,0.0679692,1410.93,3953.03,0.193214,0.0545238,0.752262,0.0666667,0.209524,0.72381
Prioritize equality,govment_20,step_21,hcabs_s2080,taxpay_s2080,89.1581,0.152074,1121.42,2904.58,0.173175,0.077381,0.749444,0.0253968,0.3,0.674603
Prioritize equality,govment_20,step_21,hcabs_s2080,taxpay_s2080,91.2866,0.133197,885.424,2711.15,0.308452,0.0417063,0.649841,0.0134921,0.325397,0.661111
Prioritize equality,govment_20,step_21,hcabs_s2080,taxpay_s2080,146.44,0.0873025,1513.91,4442.71,0.197778,0.00611111,0.796111,0.0547619,0.264286,0.680952
Prioritize equality,govment_20,step_21,hcabs_s2080,taxpay_s2080,113.322,0.130097,1313.27,3579.71,0.165238,0.069246,0.765516,0.0436508,0.235714,0.720635
Prioritize equality,govment_20,step_21,hcabs_s2080,taxpay_s2080,109.327,0.116819,1207.52,3394.06,0.176151,0.0798016,0.744048,0.0373016,0.236508,0.72619
Prioritize equality,govment_20,step_21,hcabs_s2080,taxpay_s2080,181.821,0.0277017,1685.35,5321.78,0.190556,0.0187698,0.790675,0.124603,0.143651,0.731746
Prioritize equality,govment_20,step_21,hcabs_s2080,taxpay_s2080,143.449,0.0875353,1503.19,4372.17,0.127857,0.0586508,0.813492,0.0960317,0.177778,0.72619
Prioritize equality,govment_20,step_21,hcabs_s2080,taxpay_s2080,119.198,0.127155,1380.2,3764.17,0.11881,0.0632937,0.817897,0.0349206,0.253175,0.711905
Prioritize equality,govment_20,step_21,hcabs_s2080,taxpay_s2080,135.681,0.115393,1465.62,4179.25,0.144167,0.0180556,0.837778,0.0420635,0.27619,0.681746
Prioritize equality,govment_20,step_21,hcabs_s2080,taxpay_s2080,96.4634,0.0722208,958.564,2887.83,0.254246,0.0736905,0.672063,0.0285714,0.256349,0.715079
Prioritize equality,govment_20,step_21,hcabs_s2080,taxpay_s2080,118.948,0.101544,1372.55,3751.51,0.169246,0.053373,0.777381,0.0396825,0.246825,0.713492
Prioritize equality,govment_20,step_21,hcabs_s2080,taxpay_s2080,93.849,0.143598,1156.67,3033.65,0.227976,0.0384921,0.733532,0.0269841,0.315079,0.657937
Prioritize equality,govment_20,step_21,hcabs_s2080,taxpay_s2080,128.205,0.0948649,1354.4,3918.51,0.219246,0.00527778,0.775476,0.0365079,0.296032,0.66746
Prioritize equality,govment_20,step_21,hcabs_s2080,taxpay_s2080,124.08,0.0497062,1158.37,3639.97,0.18127,0.0651984,0.753532,0.0555556,0.221429,0.723016
Prioritize equality,govment_20,step_21,hcabs_s2080,taxpay_s2080,125.022,0.0901525,1207.9,3708.33,0.204921,0.0469444,0.748135,0.0484127,0.246825,0.704762
Prioritize equality,govment_20,step_21,hcabs_s2080,taxpay_s2080,97.9874,0.189881,1163.46,3123.21,0.217381,0.0328175,0.749802,0.0126984,0.314286,0.673016
Prioritize equality,govment_20,step_21,hcabs_s2080,taxpay_s2080,107.853,0.112204,1271.45,3428.5,0.208056,0.057619,0.734325,0.0531746,0.245238,0.701587
Prioritize equality,govment_20,step_21,hcabs_s2080,taxpay_s2080,112.481,0.0938878,1174.09,3423.7,0.20131,0.080873,0.717817,0.0428571,0.21746,0.739683
Prioritize equality,govment_20,step_21,hcabs_s2080,taxpay_s2080,106.121,0.101839,1093.89,3216.32,0.215635,0.0450397,0.739325,0.015873,0.296825,0.687302
Prioritize equality,govment_20,step_21,hcabs_s2080,taxpay_s2080,66.9159,0.217413,1007.83,2346.15,0.231468,0.0861508,0.682381,0.0198413,0.323016,0.657143
Prioritize equality,govment_20,step_21,hcabs_s2080,taxpay_s2080,92.4992,0.0350713,943.611,2793.6,0.251667,0.0359524,0.712381,0.031746,0.333333,0.634921
Prioritize equality,govment_20,step_21,hcabs_s2080,taxpay_s2080,115.711,0.177836,1312.55,3626.78,0.286667,0.0122619,0.701071,0.0309524,0.29127,0.677778
Prioritize equality,govment_20,step_21,hcabs_s2080,taxpay_s2080,140,0.130238,1577.9,4377.9,0.115873,0.0316667,0.85246,0.0555556,0.251587,0.692857
Prioritize equality,govment_20,step_21,hcabs_s2080,taxpay_s2080,93.8445,0.162032,1226.61,3103.5,0.223849,0.036627,0.739524,0.00873016,0.322222,0.669048
Prioritize equality,govment_20,step_21,hcabs_s2080,taxpay_s2080,168.527,0.0280709,1545.52,4916.05,0.231071,0.0286111,0.740317,0.12381,0.133333,0.742857
Prioritize equality,govment_20,step_21,hcabs_s2080,taxpay_s2080,70.6396,0.148345,918.85,2331.64,0.252421,0.0586111,0.688968,0.031746,0.346032,0.622222
Prioritize equality,govment_20,step_21,hcabs_s2080,taxpay_s2080,127.937,0.0858766,1368.18,3926.93,0.16004,0.0669841,0.772976,0.0492063,0.224603,0.72619
Prioritize equality,govment_20,step_21,hcabs_s2080,taxpay_s2080,112.609,0.119094,1204.98,3457.15,0.20131,0.073254,0.725437,0.047619,0.222222,0.730159
Prioritize equality,govment_20,step_21,hcabs_s2080,taxpay_s2080,132.318,0.109969,1424.53,4070.88,0.194802,0.030754,0.774444,0.0626984,0.239683,0.697619
Prioritize equality,govment_20,step_21,hcabs_s2080,taxpay_s2080,115.603,0.074756,1170.06,3482.13,0.168214,0.0626587,0.769127,0.0452381,0.256349,0.698413
Prioritize equality,govment_20,step_21,hcabs_s2080,taxpay_s2080,137.969,0.0868594,1412.22,4171.6,0.199841,0.0255159,0.774643,0.0674603,0.236508,0.696032
Prioritize equality,govment_20,step_21,hcabs_s2080,taxpay_s2080,111.119,0.144126,1145.17,3367.55,0.166667,0.0486111,0.784722,0.0119048,0.307937,0.680159
Prioritize equality,govment_20,step_21,hcabs_s2080,taxpay_s2080,100.64,0.115449,1169.46,3182.25,0.231111,0.0402381,0.728651,0.0388889,0.292857,0.668254
Prioritize equality,govment_20,step_21,hcabs_s2080,taxpay_s2080,74.2177,0.155523,892.943,2377.3,0.277222,0.0176984,0.705079,0.0238095,0.400794,0.575397
Prioritize equality,govment_20,step_21,hcabs_s2080,taxpay_s2080,61.5002,0.218603,998.18,2228.19,0.283294,0.0223016,0.694405,0.0261905,0.401587,0.572222
Prioritize equality,govment_20,step_21,hcabs_s2080,taxpay_s2080,103.569,0.102854,1156.31,3227.68,0.249405,0.0422619,0.708333,0.0206349,0.287302,0.692063
Prioritize equality,govment_20,step_21,hcabs_s2080,taxpay_s2080,127.078,0.150673,1411.74,3953.29,0.204206,0.0413492,0.754444,0.0634921,0.233333,0.703175
Prioritize equality,govment_20,step_21,hcabs_s2080,taxpay_s2080,70.4792,0.144409,966.106,2375.69,0.174325,0.0923413,0.733333,0.0380952,0.328571,0.633333
Prioritize equality,govment_20,step_21,hcabs_s2080,taxpay_s2080,106.757,0.134576,1292.44,3427.59,0.163016,0.0455952,0.791389,0.00952381,0.315873,0.674603
Prioritize equality,govment_20,step_21,hcabs_s2080,taxpay_s2080,147.279,0.0825251,1513.8,4459.39,0.210754,0.0354762,0.75377,0.0944444,0.179365,0.72619
Prioritize equality,govment_20,step_21,hcabs_s2080,taxpay_s2080,115.548,0.0911396,1233.7,3544.67,0.23,0.0326587,0.737341,0.0452381,0.265873,0.688889
Prioritize equality,govment_20,step_21,hcabs_s2080,taxpay_s2080,161.559,0.044361,1468.83,4700.01,0.205714,0.0174603,0.776825,0.0888889,0.193651,0.71746
Prioritize equality,govment_20,step_21,hcabs_s2080,taxpay_s2080,131.965,0.0994946,1482.06,4121.37,0.261468,0.0158333,0.722698,0.052381,0.233333,0.714286
Prioritize equality,govment_20,step_21,hcabs_s2080,taxpay_s2080,76.7554,0.166396,1098.79,2633.9,0.212579,0.0974206,0.69,0.0174603,0.276984,0.705556
Prioritize equality,govment_20,step_21,hcabs_s2080,taxpay_s2080,108.281,0.110578,1350.52,3516.14,0.209048,0.049127,0.741825,0.0515873,0.254762,0.693651
Prioritize equality,govment_20,step_21,hcabs_s2080,taxpay_s2080,68.8123,0.291904,997.945,2374.19,0.28496,0.0315476,0.683492,0.00714286,0.402381,0.590476
Prioritize equality,govment_20,step_21,hcabs_s2080,taxpay_s2080,97.9047,0.151491,1079.63,3037.72,0.198254,0.0586111,0.743135,0.015873,0.306349,0.677778
Prioritize equality,govment_20,step_21,hcabs_s2080,taxpay_s2080,126.62,0.119363,1428.19,3960.59,0.222937,0.0152778,0.761786,0.0420635,0.269841,0.688095
Prioritize equality,govment_20,step_21,hcabs_s2080,taxpay_s2080,108.541,0.0820757,1149.2,3320.02,0.20996,0.0880556,0.701984,0.0349206,0.22381,0.74127
Prioritize equality,govment_20,step_21,hcabs_s2080,taxpay_s2080,80.5589,0.172433,1035.95,2647.13,0.216151,0.0316667,0.752183,0.0301587,0.371429,0.598413
Prioritize equality,govment_20,step_21,hcabs_s2080,taxpay_s2080,104.48,0.094641,1053.97,3143.58,0.226429,0.0682143,0.705357,0.0277778,0.254762,0.71746
Prioritize equality,govment_20,step_21,hcabs_s2080,taxpay_s2080,95.722,0.176957,1225.34,3139.78,0.254365,0.0369444,0.70869,0.018254,0.316667,0.665079
Prioritize equality,govment_20,step_21,hcabs_s2080,taxpay_s2080,62.708,0.221721,811.347,2065.51,0.302698,0.079246,0.618056,0.00555556,0.353968,0.640476
Prioritize equality,govment_20,step_21,hcabs_s2080,taxpay_s2080,67.395,0.245256,914.347,2262.25,0.182183,0.0801587,0.737659,0.0293651,0.352381,0.618254
Prioritize equality,govment_20,step_21,hcabs_s2080,taxpay_s2080,87.7429,0.10696,975.648,2730.51,0.252817,0.0611508,0.686032,0.0150794,0.303968,0.680952
Prioritize equality,govment_20,step_21,hcabs_s2080,taxpay_s2080,135.975,0.155905,1257.16,3976.65,0.211548,0.0244841,0.763968,0.0357143,0.266667,0.697619
Prioritize equality,govment_20,step_21,hcabs_s2080,taxpay_s2080,107.398,0.197445,1054.48,3202.45,0.213413,0.0337698,0.752817,0.0150794,0.310317,0.674603
Prioritize equality,govment_20,step_21,hcabs_s2080,taxpay_s2080,88.8606,0.140446,1103.59,2880.8,0.295754,0.0103175,0.693929,0.0103175,0.366667,0.623016
Prioritize equality,govment_20,step_21,hcabs_s2080,taxpay_s2080,89.8743,0.112447,1035.52,2833,0.249286,0.0609127,0.689802,0.0103175,0.309524,0.680159
Prioritize equality,govment_20,step_21,hcabs_s2080,taxpay_s2080,104.497,0.0962472,1216.66,3306.61,0.237817,0.0290476,0.733135,0.0293651,0.303968,0.666667
Prioritize equality,govment_20,step_21,hcabs_s2080,taxpay_s2080,152.817,0.07197,1560.22,4616.55,0.180833,0.0288095,0.790357,0.0928571,0.194444,0.712698
Prioritize equality,govment_20,step_21,hcabs_s2080,taxpay_s2080,118.87,0.0647475,1170.15,3547.55,0.279048,0.0112698,0.709683,0.0238095,0.290476,0.685714
Prioritize equality,govment_20,step_21,hcabs_s2080,taxpay_s2080,125.273,0.0983646,1434.12,3939.58,0.219087,0.0261111,0.754802,0.0515873,0.249206,0.699206
Prioritize equality,govment_20,step_21,hcabs_s2080,taxpay_s2080,140.654,0.051904,1438.83,4251.91,0.22127,0.0328968,0.745833,0.0777778,0.207143,0.715079
Prioritize equality,govment_20,step_21,hcabs_s2080,taxpay_s2080,59.2617,0.235845,746.741,1931.98,0.267421,0.0325794,0.7,0.0214286,0.428571,0.55
Prioritize equality,govment_20,step_21,hcabs_s2080,taxpay_s2080,94.3004,0.218376,1325.77,3211.78,0.158452,0.04,0.801548,0.0261905,0.328571,0.645238
Prioritize equality,govment_20,step_21,hcabs_s2080,taxpay_s2080,102.514,0.137661,1237.26,3287.54,0.212738,0.051627,0.735635,0.0238095,0.284921,0.69127
None,hcabs_20,step_20,hcabs_snone,taxpay_snone,397.535,0.343756,NaN,7950.69,0.109417,0.038625,0.851958,NaN,NaN,NaN
None,hcabs_20,step_20,hcabs_snone,taxpay_snone,441.126,0.373519,NaN,8822.51,0.123792,0.007625,0.868583,NaN,NaN,NaN
None,hcabs_20,step_20,hcabs_snone,taxpay_snone,294.192,0.418496,NaN,5883.84,0.188667,0.03875,0.772583,NaN,NaN,NaN
None,hcabs_20,step_20,hcabs_snone,taxpay_snone,412.811,0.384095,NaN,8256.22,0.147625,0.020375,0.832,NaN,NaN,NaN
None,hcabs_20,step_20,hcabs_snone,taxpay_snone,274.669,0.406965,NaN,5493.39,0.17425,0.0759167,0.749833,NaN,NaN,NaN
None,hcabs_20,step_20,hcabs_snone,taxpay_snone,375.754,0.394568,NaN,7515.07,0.13275,0.0419167,0.825333,NaN,NaN,NaN
None,hcabs_20,step_20,hcabs_snone,taxpay_snone,363.183,0.369764,NaN,7263.66,0.175667,0.0353333,0.789,NaN,NaN,NaN
None,hcabs_20,step_20,hcabs_snone,taxpay_snone,436.628,0.328259,NaN,8732.55,0.144708,0.00958333,0.845708,NaN,NaN,NaN
None,hcabs_20,step_20,hcabs_snone,taxpay_snone,355.601,0.316867,NaN,7112.01,0.207875,0.0208333,0.771292,NaN,NaN,NaN
None,hcabs_20,step_20,hcabs_snone,taxpay_snone,386.42,0.305353,NaN,7728.4,0.125083,0.0249167,0.85,NaN,NaN,NaN
None,hcabs_20,step_20,hcabs_snone,taxpay_snone,412.753,0.371091,NaN,8255.06,0.10675,0.026125,0.867125,NaN,NaN,NaN
None,hcabs_20,step_20,hcabs_snone,taxpay_snone,420.796,0.376721,NaN,8415.92,0.154833,0.007625,0.837542,NaN,NaN,NaN
None,hcabs_20,step_20,hcabs_snone,taxpay_snone,271.138,0.399491,NaN,5422.76,0.179167,0.0624583,0.758375,NaN,NaN,NaN
None,hcabs_20,step_20,hcabs_snone,taxpay_snone,354.945,0.378204,NaN,7098.91,0.127583,0.0501667,0.82225,NaN,NaN,NaN
None,hcabs_20,step_20,hcabs_snone,taxpay_snone,382.241,0.361354,NaN,7644.82,0.102042,0.0403333,0.857625,NaN,NaN,NaN
None,hcabs_20,step_20,hcabs_snone,taxpay_snone,313.284,0.340026,NaN,6265.68,0.151542,0.0447917,0.803667,NaN,NaN,NaN
None,hcabs_20,step_20,hcabs_snone,taxpay_snone,255.228,0.407019,NaN,5104.55,0.193208,0.0629167,0.743875,NaN,NaN,NaN
None,hcabs_20,step_20,hcabs_snone,taxpay_snone,458.954,0.341426,NaN,9179.08,0.110458,0.0190417,0.8705,NaN,NaN,NaN
None,hcabs_20,step_20,hcabs_snone,taxpay_snone,312.071,0.369862,NaN,6241.42,0.206875,0.031375,0.76175,NaN,NaN,NaN
None,hcabs_20,step_20,hcabs_snone,taxpay_snone,415.012,0.343144,NaN,8300.23,0.147667,0.0158333,0.8365,NaN,NaN,NaN
None,hcabs_20,step_20,hcabs_snone,taxpay_snone,349.794,0.369071,NaN,6995.89,0.125833,0.0515417,0.822625,NaN,NaN,NaN
None,hcabs_20,step_20,hcabs_snone,taxpay_snone,344.709,0.359958,NaN,6894.19,0.129583,0.0304583,0.839958,NaN,NaN,NaN
None,hcabs_20,step_20,hcabs_snone,taxpay_snone,365.759,0.359468,NaN,7315.19,0.21775,0.01,0.77225,NaN,NaN,NaN
None,hcabs_20,step_20,hcabs_snone,taxpay_snone,413.561,0.308159,NaN,8271.23,0.131042,0.0130417,0.855917,NaN,NaN,NaN
None,hcabs_20,step_20,hcabs_snone,taxpay_snone,407.924,0.359554,NaN,8158.49,0.117625,0.03025,0.852125,NaN,NaN,NaN
None,hcabs_20,step_20,hcabs_snone,taxpay_snone,398.451,0.371526,NaN,7969.02,0.158375,0.015875,0.82575,NaN,NaN,NaN
None,hcabs_20,step_20,hcabs_snone,taxpay_snone,430.024,0.316864,NaN,8600.48,0.141667,0.00866667,0.849667,NaN,NaN,NaN
None,hcabs_20,step_20,hcabs_snone,taxpay_snone,367.496,0.417393,NaN,7349.91,0.195042,0.0346667,0.770292,NaN,NaN,NaN
None,hcabs_20,step_20,hcabs_snone,taxpay_snone,384.226,0.366828,NaN,7684.51,0.144333,0.0219583,0.833708,NaN,NaN,NaN
None,hcabs_20,step_20,hcabs_snone,taxpay_snone,421.739,0.32328,NaN,8434.79,0.135417,0.0128333,0.85175,NaN,NaN,NaN
None,hcabs_20,step_20,hcabs_snone,taxpay_snone,339.966,0.392995,NaN,6799.32,0.200208,0.0360417,0.76375,NaN,NaN,NaN
None,hcabs_20,step_20,hcabs_snone,taxpay_snone,358.51,0.495793,NaN,7170.2,0.141167,0.0575417,0.801292,NaN,NaN,NaN
None,hcabs_20,step_20,hcabs_snone,taxpay_snone,333.349,0.357556,NaN,6666.98,0.111458,0.0471667,0.841375,NaN,NaN,NaN
None,hcabs_20,step_20,hcabs_snone,taxpay_snone,280.205,0.408482,NaN,5604.1,0.220042,0.0520417,0.727917,NaN,NaN,NaN
None,hcabs_20,step_20,hcabs_snone,taxpay_snone,405.664,0.364925,NaN,8113.28,0.1365,0.027375,0.836125,NaN,NaN,NaN
None,hcabs_20,step_20,hcabs_snone,taxpay_snone,393.343,0.355519,NaN,7866.87,0.159875,0.0168333,0.823292,NaN,NaN,NaN
None,hcabs_20,step_20,hcabs_snone,taxpay_snone,436.059,0.312672,NaN,8721.19,0.113,0.0155833,0.871417,NaN,NaN,NaN
None,hcabs_20,step_20,hcabs_snone,taxpay_snone,300.104,0.359679,NaN,6002.08,0.118083,0.072875,0.809042,NaN,NaN,NaN
None,hcabs_20,step_20,hcabs_snone,taxpay_snone,429.516,0.409797,NaN,8590.33,0.100875,0.0215417,0.877583,NaN,NaN,NaN
None,hcabs_20,step_20,hcabs_snone,taxpay_snone,418.459,0.34999,NaN,8369.18,0.147833,0.0344583,0.817708,NaN,NaN,NaN
None,hcabs_20,step_20,hcabs_snone,taxpay_snone,426.297,0.383902,NaN,8525.94,0.172583,0.0159167,0.8115,NaN,NaN,NaN
None,hcabs_20,step_20,hcabs_snone,taxpay_snone,343.098,0.398601,NaN,6861.97,0.191667,0.042375,0.765958,NaN,NaN,NaN
None,hcabs_20,step_20,hcabs_snone,taxpay_snone,309.557,0.432059,NaN,6191.14,0.19975,0.0335833,0.766667,NaN,NaN,NaN
None,hcabs_20,step_20,hcabs_snone,taxpay_snone,367.664,0.393299,NaN,7353.27,0.176958,0.027125,0.795917,NaN,NaN,NaN
None,hcabs_20,step_20,hcabs_snone,taxpay_snone,355.884,0.35234,NaN,7117.68,0.209083,0.0242917,0.766625,NaN,NaN,NaN
None,hcabs_20,step_20,hcabs_snone,taxpay_snone,382.995,0.361969,NaN,7659.89,0.188833,0.0145417,0.796625,NaN,NaN,NaN
None,hcabs_20,step_20,hcabs_snone,taxpay_snone,383.313,0.324998,NaN,7666.26,0.150417,0.012625,0.836958,NaN,NaN,NaN
None,hcabs_20,step_20,hcabs_snone,taxpay_snone,373.2,0.371571,NaN,7464,0.200917,0.00579167,0.793292,NaN,NaN,NaN
None,hcabs_20,step_20,hcabs_snone,taxpay_snone,294.428,0.377871,NaN,5888.56,0.192917,0.0510417,0.756042,NaN,NaN,NaN
None,hcabs_20,step_20,hcabs_snone,taxpay_snone,388.024,0.37939,NaN,7760.47,0.105542,0.0359167,0.858542,NaN,NaN,NaN
None,hcabs_20,step_20,hcabs_snone,taxpay_snone,204.521,0.514352,NaN,4090.42,0.205917,0.0900833,0.704,NaN,NaN,NaN
None,hcabs_20,step_20,hcabs_snone,taxpay_snone,364.704,0.352625,NaN,7294.08,0.16525,0.0409167,0.793833,NaN,NaN,NaN
None,hcabs_20,step_20,hcabs_snone,taxpay_snone,356.585,0.34214,NaN,7131.71,0.230458,0.0197917,0.74975,NaN,NaN,NaN
None,hcabs_20,step_20,hcabs_snone,taxpay_snone,393.922,0.365784,NaN,7878.44,0.142667,0.016625,0.840708,NaN,NaN,NaN
None,hcabs_20,step_20,hcabs_snone,taxpay_snone,392.811,0.34325,NaN,7856.23,0.128417,0.0107917,0.860792,NaN,NaN,NaN
None,hcabs_20,step_20,hcabs_snone,taxpay_snone,272.746,0.391716,NaN,5454.93,0.24725,0.043,0.70975,NaN,NaN,NaN
None,hcabs_20,step_20,hcabs_snone,taxpay_snone,330.118,0.395864,NaN,6602.36,0.168208,0.0272083,0.804583,NaN,NaN,NaN
None,hcabs_20,step_20,hcabs_snone,taxpay_snone,347.367,0.371648,NaN,6947.34,0.147625,0.0295833,0.822792,NaN,NaN,NaN
None,hcabs_20,step_20,hcabs_snone,taxpay_snone,439.355,0.353281,NaN,8787.09,0.0986667,0.0142917,0.887042,NaN,NaN,NaN
None,hcabs_20,step_20,hcabs_snone,taxpay_snone,404.614,0.347523,NaN,8092.28,0.176917,0.0105833,0.8125,NaN,NaN,NaN
None,hcabs_20,step_20,hcabs_snone,taxpay_snone,372.756,0.375691,NaN,7455.13,0.130958,0.0275,0.841542,NaN,NaN,NaN
None,hcabs_20,step_20,hcabs_snone,taxpay_snone,275.307,0.47353,NaN,5506.14,0.196292,0.0651667,0.738542,NaN,NaN,NaN
None,hcabs_20,step_20,hcabs_snone,taxpay_snone,280.53,0.401776,NaN,5610.6,0.192708,0.0499167,0.757375,NaN,NaN,NaN
None,hcabs_20,step_20,hcabs_snone,taxpay_snone,325.946,0.396894,NaN,6518.92,0.182333,0.0368333,0.780833,NaN,NaN,NaN
None,hcabs_20,step_20,hcabs_snone,taxpay_snone,421.48,0.333325,NaN,8429.61,0.168458,4.16667e-05,0.8315,NaN,NaN,NaN
None,hcabs_20,step_20,hcabs_snone,taxpay_snone,329.559,0.392493,NaN,6591.18,0.147958,0.0459167,0.806125,NaN,NaN,NaN
None,hcabs_20,step_20,hcabs_snone,taxpay_snone,389.789,0.449566,NaN,7795.78,0.1585,0.0324167,0.809083,NaN,NaN,NaN
None,hcabs_20,step_20,hcabs_snone,taxpay_snone,423.538,0.346938,NaN,8470.76,0.0955417,0.0352917,0.869167,NaN,NaN,NaN
None,hcabs_20,step_20,hcabs_snone,taxpay_snone,369.058,0.38917,NaN,7381.15,0.132208,0.0340833,0.833708,NaN,NaN,NaN
None,hcabs_20,step_20,hcabs_snone,taxpay_snone,305.601,0.370833,NaN,6112.02,0.157625,0.0625417,0.779833,NaN,NaN,NaN
None,hcabs_20,step_20,hcabs_snone,taxpay_snone,307.53,0.390135,NaN,6150.59,0.1755,0.0499167,0.774583,NaN,NaN,NaN
None,hcabs_20,step_20,hcabs_snone,taxpay_snone,396.26,0.357867,NaN,7925.21,0.150542,0.02575,0.823708,NaN,NaN,NaN
None,hcabs_20,step_20,hcabs_snone,taxpay_snone,389.112,0.346359,NaN,7782.24,0.0795,0.0455417,0.874958,NaN,NaN,NaN
None,hcabs_20,step_20,hcabs_snone,taxpay_snone,405.673,0.354015,NaN,8113.47,0.113083,0.0352083,0.851708,NaN,NaN,NaN
None,hcabs_20,step_20,hcabs_snone,taxpay_snone,264.078,0.382008,NaN,5281.57,0.131042,0.0804583,0.7885,NaN,NaN,NaN
None,hcabs_20,step_20,hcabs_snone,taxpay_snone,429.554,0.325053,NaN,8591.09,0.0815833,0.0372083,0.881208,NaN,NaN,NaN
None,hcabs_20,step_20,hcabs_snone,taxpay_snone,340.19,0.488151,NaN,6803.8,0.189417,0.0428333,0.76775,NaN,NaN,NaN
None,hcabs_20,step_20,hcabs_snone,taxpay_snone,404.425,0.340975,NaN,8088.49,0.182167,0.007,0.810833,NaN,NaN,NaN
None,hcabs_20,step_20,hcabs_snone,taxpay_snone,407.884,0.355898,NaN,8157.69,0.104792,0.0288333,0.866375,NaN,NaN,NaN
None,hcabs_20,step_20,hcabs_snone,taxpay_snone,243.708,0.292849,NaN,4874.16,0.176,0.0634167,0.760583,NaN,NaN,NaN
None,hcabs_20,step_20,hcabs_snone,taxpay_snone,331.229,0.364366,NaN,6624.58,0.172,0.03525,0.79275,NaN,NaN,NaN
None,hcabs_20,step_20,hcabs_snone,taxpay_snone,367.27,0.354435,NaN,7345.39,0.135167,0.0404583,0.824375,NaN,NaN,NaN
None,hcabs_20,step_20,hcabs_snone,taxpay_snone,404.952,0.379337,NaN,8099.03,0.150833,0.0204583,0.828708,NaN,NaN,NaN
None,hcabs_20,step_20,hcabs_snone,taxpay_snone,424.59,0.367843,NaN,8491.81,0.114292,0.0125,0.873208,NaN,NaN,NaN
None,hcabs_20,step_20,hcabs_snone,taxpay_snone,413.27,0.337167,NaN,8265.4,0.126458,0.0138333,0.859708,NaN,NaN,NaN
None,hcabs_20,step_20,hcabs_snone,taxpay_snone,416.164,0.402566,NaN,8323.29,0.13925,0.0203333,0.840417,NaN,NaN,NaN
None,hcabs_20,step_20,hcabs_snone,taxpay_snone,389.887,0.327753,NaN,7797.75,0.136292,0.0359167,0.827792,NaN,NaN,NaN
None,hcabs_20,step_20,hcabs_snone,taxpay_snone,369.112,0.352068,NaN,7382.24,0.159083,0.027125,0.813792,NaN,NaN,NaN
None,hcabs_20,step_20,hcabs_snone,taxpay_snone,380.005,0.343033,NaN,7600.1,0.165125,0.028,0.806875,NaN,NaN,NaN
None,hcabs_20,step_20,hcabs_snone,taxpay_snone,292.536,0.417105,NaN,5850.73,0.215042,0.0525,0.732458,NaN,NaN,NaN
None,hcabs_20,step_20,hcabs_snone,taxpay_snone,351.114,0.357213,NaN,7022.28,0.10375,0.0527083,0.843542,NaN,NaN,NaN
None,hcabs_20,step_20,hcabs_snone,taxpay_snone,233.979,0.364474,NaN,4679.59,0.229083,0.0469167,0.724,NaN,NaN,NaN
None,hcabs_20,step_20,hcabs_snone,taxpay_snone,330.178,0.38286,NaN,6603.55,0.106833,0.044375,0.848792,NaN,NaN,NaN
None,hcabs_20,step_20,hcabs_snone,taxpay_snone,457.674,0.307094,NaN,9153.49,0.097625,0.0116667,0.890708,NaN,NaN,NaN
None,hcabs_20,step_20,hcabs_snone,taxpay_snone,411.655,0.358793,NaN,8233.1,0.129625,0.0206667,0.849708,NaN,NaN,NaN
None,hcabs_20,step_20,hcabs_snone,taxpay_snone,294.928,0.383248,NaN,5898.57,0.204042,0.05725,0.738708,NaN,NaN,NaN
None,hcabs_20,step_20,hcabs_snone,taxpay_snone,418.839,0.338732,NaN,8376.78,0.138042,0.0136667,0.848292,NaN,NaN,NaN
None,hcabs_20,step_20,hcabs_snone,taxpay_snone,350.646,0.318016,NaN,7012.93,0.068375,0.0550417,0.876583,NaN,NaN,NaN
None,hcabs_20,step_20,hcabs_snone,taxpay_snone,384.987,0.328887,NaN,7699.75,0.143625,0.0172083,0.839167,NaN,NaN,NaN
None,hcabs_20,step_20,hcabs_snone,taxpay_snone,361.065,0.359221,NaN,7221.3,0.185292,0.0325833,0.782125,NaN,NaN,NaN
