Government,Players,InitPops,hcabs,taxpay,AvePop,GiniIndex,GovWealth,TotalWealth,Keep,Take,Give,GKeep,GTake,GGive
Prioritize gov. wealth,gov_hcabs16_cats4,equal_21,hcabs_cgpow,taxpay_cgpow,151.76,0.440697,2538.86,5574.05,0.237659,0.012381,0.74996,0.34127,0.0865079,0.572222
Prioritize gov. wealth,gov_hcabs16_cats4,equal_21,hcabs_cgpow,taxpay_cgpow,170.272,0.346154,2758.76,6164.19,0.22254,0.0234921,0.753968,0.387302,0.0396825,0.573016
Prioritize gov. wealth,gov_hcabs16_cats4,equal_21,hcabs_cgpow,taxpay_cgpow,149.807,0.424899,2552.93,5549.07,0.202341,0.0319048,0.765754,0.350794,0.0753968,0.57381
Prioritize gov. wealth,gov_hcabs16_cats4,equal_21,hcabs_cgpow,taxpay_cgpow,159.258,0.35639,2564.53,5749.69,0.234563,0.0134921,0.751944,0.352381,0.0730159,0.574603
Prioritize gov. wealth,gov_hcabs16_cats4,equal_21,hcabs_cgpow,taxpay_cgpow,159.839,0.322434,2670.32,5867.11,0.250873,0.0148016,0.734325,0.375397,0.052381,0.572222
Prioritize gov. wealth,gov_hcabs16_cats4,equal_21,hcabs_cgpow,taxpay_cgpow,158.893,0.456634,2566.31,5744.17,0.268571,0.0205556,0.710873,0.36746,0.0547619,0.577778
Prioritize gov. wealth,gov_hcabs16_cats4,equal_21,hcabs_cgpow,taxpay_cgpow,131.287,0.410236,2212.52,4838.25,0.29004,0.0207937,0.689167,0.310317,0.105556,0.584127
Prioritize gov. wealth,gov_hcabs16_cats4,equal_21,hcabs_cgpow,taxpay_cgpow,162.145,0.454223,2612.31,5855.21,0.300714,0.0109921,0.688294,0.36746,0.0634921,0.569048
Prioritize gov. wealth,gov_hcabs16_cats4,equal_21,hcabs_cgpow,taxpay_cgpow,154.288,0.448838,2430.88,5516.63,0.226865,0.0121429,0.760992,0.327778,0.0968254,0.575397
Prioritize gov. wealth,gov_hcabs16_cats4,equal_21,hcabs_cgpow,taxpay_cgpow,166.205,0.346805,2672.78,5996.89,0.255992,0.0107143,0.733294,0.371429,0.0563492,0.572222
Prioritize gov. wealth,gov_hcabs16_cats4,equal_21,hcabs_cgpow,taxpay_cgpow,170.957,0.365334,2657.9,6077.04,0.232143,0.0125397,0.755317,0.373016,0.0563492,0.570635
Prioritize gov. wealth,gov_hcabs16_cats4,equal_21,hcabs_cgpow,taxpay_cgpow,149.442,0.459203,2493.1,5481.95,0.267183,0.0173016,0.715516,0.349206,0.0785714,0.572222
Prioritize gov. wealth,gov_hcabs16_cats4,equal_21,hcabs_cgpow,taxpay_cgpow,143.713,0.479032,2473.95,5348.2,0.291389,0.0153571,0.693254,0.342857,0.0857143,0.571429
Prioritize gov. wealth,gov_hcabs16_cats4,equal_21,hcabs_cgpow,taxpay_cgpow,168.866,0.375314,2711.18,6088.5,0.232381,0.017381,0.750238,0.38254,0.0460317,0.571429
Prioritize gov. wealth,gov_hcabs16_cats4,equal_21,hcabs_cgpow,taxpay_cgpow,160.317,0.419047,2559.73,5766.08,0.240198,0.0181349,0.741667,0.363492,0.0626984,0.57381
Prioritize gov. wealth,gov_hcabs16_cats4,equal_21,hcabs_cgpow,taxpay_cgpow,172.386,0.342855,2795.67,6243.38,0.213611,0.017619,0.76877,0.386508,0.0436508,0.569841
Prioritize gov. wealth,gov_hcabs16_cats4,equal_21,hcabs_cgpow,taxpay_cgpow,170.352,0.378258,2657.16,6064.21,0.219484,0.0184921,0.762024,0.369048,0.0595238,0.571429
Prioritize gov. wealth,gov_hcabs16_cats4,equal_21,hcabs_cgpow,taxpay_cgpow,166.919,0.354103,2911.4,6249.79,0.231667,0.0128968,0.755437,0.393651,0.0420635,0.564286
Prioritize gov. wealth,gov_hcabs16_cats4,equal_21,hcabs_cgpow,taxpay_cgpow,150.764,0.450828,2474.58,5489.85,0.227421,0.0259921,0.746587,0.349206,0.0753968,0.575397
Prioritize gov. wealth,gov_hcabs16_cats4,equal_21,hcabs_cgpow,taxpay_cgpow,154.095,0.405938,2457.85,5539.75,0.237698,0.0325397,0.729762,0.357937,0.065873,0.57619
Prioritize gov. wealth,gov_hcabs16_cats4,equal_21,hcabs_cgpow,taxpay_cgpow,172.521,0.304148,2797.41,6247.83,0.238413,0.0114683,0.750119,0.388889,0.0412698,0.569841
Prioritize gov. wealth,gov_hcabs16_cats4,equal_21,hcabs_cgpow,taxpay_cgpow,169.446,0.398945,2739.38,6128.31,0.247063,0.0184524,0.734484,0.386508,0.0396825,0.57381
Prioritize gov. wealth,gov_hcabs16_cats4,equal_21,hcabs_cgpow,taxpay_cgpow,148.854,0.514691,2564.44,5541.52,0.26873,0.0127778,0.718492,0.364286,0.0698413,0.565873
Prioritize gov. wealth,gov_hcabs16_cats4,equal_21,hcabs_cgpow,taxpay_cgpow,166.427,0.393934,2621.05,5949.59,0.234524,0.0153571,0.750119,0.369048,0.0595238,0.571429
Prioritize gov. wealth,gov_hcabs16_cats4,equal_21,hcabs_cgpow,taxpay_cgpow,179.232,0.269153,2875.6,6460.25,0.204008,0.0114286,0.784563,0.390476,0.0420635,0.56746
Prioritize gov. wealth,gov_hcabs16_cats4,equal_21,hcabs_cgpow,taxpay_cgpow,157.403,0.410125,2523.08,5671.13,0.221111,0.0347619,0.744127,0.365079,0.0563492,0.578571
Prioritize gov. wealth,gov_hcabs16_cats4,equal_21,hcabs_cgpow,taxpay_cgpow,140.101,0.446829,2469.25,5271.28,0.246825,0.0124206,0.740754,0.320635,0.107937,0.571429
Prioritize gov. wealth,gov_hcabs16_cats4,equal_21,hcabs_cgpow,taxpay_cgpow,157.578,0.344362,2573.84,5725.4,0.20869,0.0302381,0.761071,0.365873,0.0587302,0.575397
Prioritize gov. wealth,gov_hcabs16_cats4,equal_21,hcabs_cgpow,taxpay_cgpow,147.308,0.406258,2481.48,5427.65,0.232381,0.0164683,0.751151,0.335714,0.0928571,0.571429
Prioritize gov. wealth,gov_hcabs16_cats4,equal_21,hcabs_cgpow,taxpay_cgpow,167.691,0.325165,2820.23,6174.06,0.235159,0.010119,0.754722,0.381746,0.0515873,0.566667
Prioritize gov. wealth,gov_hcabs16_cats4,equal_21,hcabs_cgpow,taxpay_cgpow,153.786,0.419488,2470.47,5546.18,0.245794,0.00996032,0.744246,0.334921,0.0944444,0.570635
Prioritize gov. wealth,gov_hcabs16_cats4,equal_21,hcabs_cgpow,taxpay_cgpow,143.706,0.441915,2392.66,5266.78,0.241587,0.0329762,0.725437,0.339683,0.0833333,0.576984
Prioritize gov. wealth,gov_hcabs16_cats4,equal_21,hcabs_cgpow,taxpay_cgpow,159.208,0.44208,2587.24,5771.4,0.252063,0.019881,0.728056,0.362698,0.0650794,0.572222
Prioritize gov. wealth,gov_hcabs16_cats4,equal_21,hcabs_cgpow,taxpay_cgpow,161.904,0.41163,2599.15,5837.23,0.230913,0.027381,0.741706,0.370635,0.0507937,0.578571
Prioritize gov. wealth,gov_hcabs16_cats4,equal_21,hcabs_cgpow,taxpay_cgpow,167.929,0.311613,2655.66,6014.24,0.224048,0.0134921,0.76246,0.369048,0.0579365,0.573016
Prioritize gov. wealth,gov_hcabs16_cats4,equal_21,hcabs_cgpow,taxpay_cgpow,164.353,0.37995,2680.45,5967.5,0.212063,0.0311508,0.756786,0.377778,0.0468254,0.575397
Prioritize gov. wealth,gov_hcabs16_cats4,equal_21,hcabs_cgpow,taxpay_cgpow,166.168,0.410158,2682.92,6006.28,0.220079,0.0419048,0.738016,0.388095,0.034127,0.577778
Prioritize gov. wealth,gov_hcabs16_cats4,equal_21,hcabs_cgpow,taxpay_cgpow,149.705,0.512934,2451.58,5445.68,0.268611,0.0262302,0.705159,0.35,0.0666667,0.583333
Prioritize gov. wealth,gov_hcabs16_cats4,equal_21,hcabs_cgpow,taxpay_cgpow,147.905,0.424116,2533.98,5492.08,0.291151,0.0147619,0.694087,0.351587,0.0769841,0.571429
Prioritize gov. wealth,gov_hcabs16_cats4,equal_21,hcabs_cgpow,taxpay_cgpow,162.935,0.406838,2616.49,5875.18,0.255079,0.0190873,0.725833,0.369048,0.0563492,0.574603
Prioritize gov. wealth,gov_hcabs16_cats4,equal_21,hcabs_cgpow,taxpay_cgpow,151.537,0.401438,2569.03,5599.77,0.247302,0.0309127,0.721786,0.373016,0.0492063,0.577778
Prioritize gov. wealth,gov_hcabs16_cats4,equal_21,hcabs_cgpow,taxpay_cgpow,162.322,0.385541,2627.6,5874.04,0.246349,0.022381,0.73127,0.375397,0.047619,0.576984
Prioritize gov. wealth,gov_hcabs16_cats4,equal_21,hcabs_cgpow,taxpay_cgpow,149.961,0.409272,2523.36,5522.58,0.234127,0.0330952,0.732778,0.357143,0.065873,0.576984
Prioritize gov. wealth,gov_hcabs16_cats4,equal_21,hcabs_cgpow,taxpay_cgpow,158.676,0.424202,2545.81,5719.32,0.255873,0.0206746,0.723452,0.364286,0.0579365,0.577778
Prioritize gov. wealth,gov_hcabs16_cats4,equal_21,hcabs_cgpow,taxpay_cgpow,144.919,0.454409,2544.95,5443.34,0.239206,0.0310714,0.729722,0.355556,0.0690476,0.575397
Prioritize gov. wealth,gov_hcabs16_cats4,equal_21,hcabs_cgpow,taxpay_cgpow,165.681,0.381545,2662.13,5975.75,0.241786,0.0199206,0.738294,0.375397,0.05,0.574603
Prioritize gov. wealth,gov_hcabs16_cats4,equal_21,hcabs_cgpow,taxpay_cgpow,163.508,0.36318,2579.54,5849.7,0.238452,0.0287698,0.732778,0.375397,0.0444444,0.580159
Prioritize gov. wealth,gov_hcabs16_cats4,equal_21,hcabs_cgpow,taxpay_cgpow,165.381,0.378971,2761.69,6069.31,0.221825,0.019881,0.758294,0.385714,0.0428571,0.571429
Prioritize gov. wealth,gov_hcabs16_cats4,equal_21,hcabs_cgpow,taxpay_cgpow,167.55,0.402122,2688.16,6039.17,0.291746,0.0103968,0.697857,0.381746,0.0428571,0.575397
Prioritize gov. wealth,gov_hcabs16_cats4,equal_21,hcabs_cgpow,taxpay_cgpow,161.541,0.38611,2593.03,5823.84,0.238135,0.022619,0.739246,0.368254,0.0555556,0.57619
Prioritize gov. wealth,gov_hcabs16_cats4,equal_21,hcabs_cgpow,taxpay_cgpow,154.38,0.412999,2482.91,5570.52,0.294484,0.0201984,0.685317,0.369048,0.0492063,0.581746
Prioritize gov. wealth,gov_hcabs16_cats4,equal_21,hcabs_cgpow,taxpay_cgpow,143.891,0.450997,2316.03,5193.84,0.270079,0.0336508,0.69627,0.344444,0.0714286,0.584127
Prioritize gov. wealth,gov_hcabs16_cats4,equal_21,hcabs_cgpow,taxpay_cgpow,162.539,0.402589,2623.54,5874.32,0.226032,0.0272619,0.746706,0.366667,0.0634921,0.569841
Prioritize gov. wealth,gov_hcabs16_cats4,equal_21,hcabs_cgpow,taxpay_cgpow,147.328,0.443532,2505.81,5452.36,0.269246,0.0209127,0.709841,0.350794,0.0738095,0.575397
Prioritize gov. wealth,gov_hcabs16_cats4,equal_21,hcabs_cgpow,taxpay_cgpow,133.175,0.420219,2275.1,4938.6,0.203492,0.0453968,0.751111,0.3,0.12381,0.57619
Prioritize gov. wealth,gov_hcabs16_cats4,equal_21,hcabs_cgpow,taxpay_cgpow,162.423,0.395585,2609.12,5857.59,0.219921,0.0358333,0.744246,0.375397,0.0460317,0.578571
Prioritize gov. wealth,gov_hcabs16_cats4,equal_21,hcabs_cgpow,taxpay_cgpow,161.958,0.354064,2631.37,5870.52,0.232262,0.017619,0.750119,0.362698,0.0642857,0.573016
Prioritize gov. wealth,gov_hcabs16_cats4,equal_21,hcabs_cgpow,taxpay_cgpow,166.097,0.415487,2672.39,5994.33,0.239683,0.0147619,0.745556,0.378571,0.05,0.571429
Prioritize gov. wealth,gov_hcabs16_cats4,equal_21,hcabs_cgpow,taxpay_cgpow,164.098,0.396447,2645.83,5927.79,0.264325,0.0149206,0.720754,0.37381,0.0507937,0.575397
Prioritize gov. wealth,gov_hcabs16_cats4,equal_21,hcabs_cgpow,taxpay_cgpow,168.371,0.402038,2701.96,6069.38,0.234286,0.0115873,0.754127,0.374603,0.0579365,0.56746
Prioritize gov. wealth,gov_hcabs16_cats4,equal_21,hcabs_cgpow,taxpay_cgpow,165.651,0.355567,2658.12,5971.13,0.224881,0.0184524,0.756667,0.368254,0.0603175,0.571429
Prioritize gov. wealth,gov_hcabs16_cats4,equal_21,hcabs_cgpow,taxpay_cgpow,163.322,0.351199,2670.23,5936.67,0.225833,0.0286508,0.745516,0.383333,0.0404762,0.57619
Prioritize gov. wealth,gov_hcabs16_cats4,equal_21,hcabs_cgpow,taxpay_cgpow,154.636,0.481473,2503.16,5595.88,0.24373,0.0425397,0.71373,0.369841,0.0484127,0.581746
Prioritize gov. wealth,gov_hcabs16_cats4,equal_21,hcabs_cgpow,taxpay_cgpow,174.358,0.310797,2741.99,6229.15,0.218135,0.0138492,0.768016,0.380952,0.05,0.569048
Prioritize gov. wealth,gov_hcabs16_cats4,equal_21,hcabs_cgpow,taxpay_cgpow,149.9,0.387055,2541.47,5539.48,0.227143,0.0103571,0.7625,0.331746,0.097619,0.570635
Prioritize gov. wealth,gov_hcabs16_cats4,equal_21,hcabs_cgpow,taxpay_cgpow,153.585,0.392249,2624.16,5695.87,0.236587,0.0125,0.750913,0.348413,0.0801587,0.571429
Prioritize gov. wealth,gov_hcabs16_cats4,equal_21,hcabs_cgpow,taxpay_cgpow,161.602,0.442776,2588.01,5820.06,0.228611,0.0320238,0.739365,0.370635,0.052381,0.576984
Prioritize gov. wealth,gov_hcabs16_cats4,equal_21,hcabs_cgpow,taxpay_cgpow,147.535,0.428008,2510.14,5460.84,0.246032,0.0332937,0.720675,0.357143,0.0626984,0.580159
Prioritize gov. wealth,gov_hcabs16_cats4,equal_21,hcabs_cgpow,taxpay_cgpow,170.975,0.32745,2877.79,6297.3,0.240833,0.0100397,0.749127,0.39127,0.0420635,0.566667
Prioritize gov. wealth,gov_hcabs16_cats4,equal_21,hcabs_cgpow,taxpay_cgpow,153.07,0.397805,2469.49,5530.88,0.241825,0.0119841,0.74619,0.347619,0.0849206,0.56746
Prioritize gov. wealth,gov_hcabs16_cats4,equal_21,hcabs_cgpow,taxpay_cgpow,160.016,0.451941,2512.65,5712.98,0.229524,0.028373,0.742103,0.366667,0.0555556,0.577778
Prioritize gov. wealth,gov_hcabs16_cats4,equal_21,hcabs_cgpow,taxpay_cgpow,154.645,0.475025,2500.93,5593.82,0.234921,0.0460714,0.719008,0.36746,0.0555556,0.576984
Prioritize gov. wealth,gov_hcabs16_cats4,equal_21,hcabs_cgpow,taxpay_cgpow,166.664,0.340695,2737.81,6071.08,0.207381,0.0220635,0.770556,0.37619,0.0507937,0.573016
Prioritize gov. wealth,gov_hcabs16_cats4,equal_21,hcabs_cgpow,taxpay_cgpow,164.135,0.363571,2603.01,5885.72,0.215913,0.0331349,0.750952,0.377778,0.0452381,0.576984
Prioritize gov. wealth,gov_hcabs16_cats4,equal_21,hcabs_cgpow,taxpay_cgpow,166.204,0.397941,2688.79,6012.87,0.241389,0.0190873,0.739524,0.381746,0.0436508,0.574603
Prioritize gov. wealth,gov_hcabs16_cats4,equal_21,hcabs_cgpow,taxpay_cgpow,155.392,0.385339,2473.81,5581.65,0.224008,0.0310317,0.74496,0.354762,0.0674603,0.577778
Prioritize gov. wealth,gov_hcabs16_cats4,equal_21,hcabs_cgpow,taxpay_cgpow,171.914,0.332712,2778.13,6216.41,0.223095,0.020119,0.756786,0.392857,0.034127,0.573016
Prioritize gov. wealth,gov_hcabs16_cats4,equal_21,hcabs_cgpow,taxpay_cgpow,154.879,0.395997,2505.67,5603.25,0.241905,0.0165873,0.741508,0.344444,0.081746,0.57381
Prioritize gov. wealth,gov_hcabs16_cats4,equal_21,hcabs_cgpow,taxpay_cgpow,160.708,0.299942,2695.89,5910.05,0.230476,0.0164286,0.753095,0.37619,0.0539683,0.569841
Prioritize gov. wealth,gov_hcabs16_cats4,equal_21,hcabs_cgpow,taxpay_cgpow,143.682,0.424001,2641.11,5514.76,0.247738,0.01,0.742262,0.344444,0.0896825,0.565873
Prioritize gov. wealth,gov_hcabs16_cats4,equal_21,hcabs_cgpow,taxpay_cgpow,169.719,0.348077,2792.57,6186.95,0.232817,0.0113095,0.755873,0.38254,0.0507937,0.566667
Prioritize gov. wealth,gov_hcabs16_cats4,equal_21,hcabs_cgpow,taxpay_cgpow,156.849,0.399403,2536.59,5673.56,0.227619,0.0142857,0.758095,0.346032,0.0833333,0.570635
Prioritize gov. wealth,gov_hcabs16_cats4,equal_21,hcabs_cgpow,taxpay_cgpow,170.529,0.323544,2753.32,6163.89,0.230913,0.015754,0.753333,0.384921,0.0444444,0.570635
Prioritize gov. wealth,gov_hcabs16_cats4,equal_21,hcabs_cgpow,taxpay_cgpow,164.657,0.392301,2634.12,5927.26,0.274087,0.0130159,0.712897,0.368254,0.0619048,0.569841
Prioritize gov. wealth,gov_hcabs16_cats4,equal_21,hcabs_cgpow,taxpay_cgpow,151.432,0.401739,2637.94,5666.57,0.219563,0.0153175,0.765119,0.349206,0.0809524,0.569841
Prioritize gov. wealth,gov_hcabs16_cats4,equal_21,hcabs_cgpow,taxpay_cgpow,156.066,0.424082,2497.33,5618.66,0.254087,0.0184921,0.727421,0.351587,0.0690476,0.579365
Prioritize gov. wealth,gov_hcabs16_cats4,equal_21,hcabs_cgpow,taxpay_cgpow,154.648,0.435308,2496.66,5589.63,0.242579,0.0172222,0.740198,0.344444,0.081746,0.57381
Prioritize gov. wealth,gov_hcabs16_cats4,equal_21,hcabs_cgpow,taxpay_cgpow,158.551,0.381344,2635.78,5806.8,0.238135,0.0167063,0.745159,0.361111,0.068254,0.570635
Prioritize gov. wealth,gov_hcabs16_cats4,equal_21,hcabs_cgpow,taxpay_cgpow,165.961,0.397398,2681.36,6000.59,0.253254,0.020119,0.726627,0.38254,0.0436508,0.57381
Prioritize gov. wealth,gov_hcabs16_cats4,equal_21,hcabs_cgpow,taxpay_cgpow,147.536,0.46262,2393.44,5344.16,0.258175,0.0230952,0.71873,0.335714,0.0880952,0.57619
Prioritize gov. wealth,gov_hcabs16_cats4,equal_21,hcabs_cgpow,taxpay_cgpow,154.092,0.437064,2537.5,5619.33,0.241508,0.0280556,0.730437,0.357937,0.0690476,0.573016
Prioritize gov. wealth,gov_hcabs16_cats4,equal_21,hcabs_cgpow,taxpay_cgpow,153.848,0.440656,2742.8,5819.76,0.235317,0.0125397,0.752143,0.363492,0.0722222,0.564286
Prioritize gov. wealth,gov_hcabs16_cats4,equal_21,hcabs_cgpow,taxpay_cgpow,136.616,0.471048,2580.34,5312.65,0.236468,0.0239286,0.739603,0.342857,0.0873016,0.569841
Prioritize gov. wealth,gov_hcabs16_cats4,equal_21,hcabs_cgpow,taxpay_cgpow,145.759,0.46632,2328.9,5244.08,0.234841,0.0332937,0.731865,0.334921,0.081746,0.583333
Prioritize gov. wealth,gov_hcabs16_cats4,equal_21,hcabs_cgpow,taxpay_cgpow,166.166,0.390242,2676.49,5999.82,0.244127,0.0113889,0.744484,0.369841,0.0587302,0.571429
Prioritize gov. wealth,gov_hcabs16_cats4,equal_21,hcabs_cgpow,taxpay_cgpow,160.276,0.378188,2655.81,5861.33,0.244921,0.0123016,0.742778,0.365873,0.0650794,0.569048
Prioritize gov. wealth,gov_hcabs16_cats4,equal_21,hcabs_cgpow,taxpay_cgpow,164.376,0.375988,2644.13,5931.64,0.232698,0.0214683,0.745833,0.37381,0.0507937,0.575397
Prioritize gov. wealth,gov_hcabs16_cats4,equal_21,hcabs_cgpow,taxpay_cgpow,155.801,0.406321,2461.62,5577.64,0.274563,0.0163492,0.709087,0.359524,0.0634921,0.576984
Prioritize gov. wealth,gov_hcabs16_cats4,equal_21,hcabs_cgpow,taxpay_cgpow,169.597,0.326369,2738.41,6130.36,0.234563,0.0127778,0.752659,0.377778,0.0515873,0.570635
Prioritize gov. wealth,gov_hcabs16_cats4,equal_21,hcabs_cgpow,taxpay_cgpow,158.564,0.373532,2495.05,5666.33,0.248016,0.014881,0.737103,0.35,0.0738095,0.57619
Prioritize equality,gov_hcabs16_cats4,equal_21,hcabs_c2080,taxpay_c2080,110.69,0.310313,1028.77,3242.57,0.195437,0.139524,0.66504,0.0365079,0.315079,0.648413
Prioritize equality,gov_hcabs16_cats4,equal_21,hcabs_c2080,taxpay_c2080,108.04,0.368469,991.219,3152.02,0.288333,0.100278,0.611389,0.034127,0.334127,0.631746
Prioritize equality,gov_hcabs16_cats4,equal_21,hcabs_c2080,taxpay_c2080,90.3268,0.362405,907.288,2713.82,0.321746,0.0886905,0.589563,0.0150794,0.363492,0.621429
Prioritize equality,gov_hcabs16_cats4,equal_21,hcabs_c2080,taxpay_c2080,165.705,0.296791,1416.25,4730.35,0.239286,0.109206,0.651508,0.11746,0.177778,0.704762
Prioritize equality,gov_hcabs16_cats4,equal_21,hcabs_c2080,taxpay_c2080,111.369,0.273222,954.176,3181.56,0.297063,0.103135,0.599802,0.047619,0.280159,0.672222
Prioritize equality,gov_hcabs16_cats4,equal_21,hcabs_c2080,taxpay_c2080,46.0102,0.540758,611.349,1531.55,0.349563,0.10627,0.544167,0.0190476,0.461111,0.519841
Prioritize equality,gov_hcabs16_cats4,equal_21,hcabs_c2080,taxpay_c2080,99.3479,0.301698,856.524,2843.48,0.302103,0.0754762,0.622421,0.00952381,0.346032,0.644444
Prioritize equality,gov_hcabs16_cats4,equal_21,hcabs_c2080,taxpay_c2080,150.918,0.246877,1384.33,4402.68,0.276587,0.0608333,0.662579,0.0873016,0.213492,0.699206
Prioritize equality,gov_hcabs16_cats4,equal_21,hcabs_c2080,taxpay_c2080,127.412,0.282161,1143.39,3691.63,0.253135,0.10381,0.643056,0.0452381,0.293651,0.661111
Prioritize equality,gov_hcabs16_cats4,equal_21,hcabs_c2080,taxpay_c2080,82.9861,0.349902,852.345,2512.07,0.322619,0.112778,0.564603,0.0285714,0.296825,0.674603
Prioritize equality,gov_hcabs16_cats4,equal_21,hcabs_c2080,taxpay_c2080,135.747,0.307957,1117.79,3832.73,0.233611,0.0949603,0.671429,0.034127,0.311111,0.654762
Prioritize equality,gov_hcabs16_cats4,equal_21,hcabs_c2080,taxpay_c2080,113.691,0.265884,1068.23,3342.04,0.269008,0.115198,0.615794,0.0436508,0.219841,0.736508
Prioritize equality,gov_hcabs16_cats4,equal_21,hcabs_c2080,taxpay_c2080,97.763,0.389562,956.49,2911.75,0.271349,0.0879365,0.640714,0.0150794,0.396825,0.588095
Prioritize equality,gov_hcabs16_cats4,equal_21,hcabs_c2080,taxpay_c2080,76.2485,0.371306,742.653,2267.62,0.294841,0.145198,0.55996,0.0238095,0.313492,0.662698
Prioritize equality,gov_hcabs16_cats4,equal_21,hcabs_c2080,taxpay_c2080,114.154,0.254581,1007.19,3290.27,0.250317,0.094246,0.655437,0.0349206,0.32381,0.64127
Prioritize equality,gov_hcabs16_cats4,equal_21,hcabs_c2080,taxpay_c2080,77.2576,0.378115,782.642,2327.79,0.309722,0.107222,0.583056,0.0174603,0.399206,0.583333
Prioritize equality,gov_hcabs16_cats4,equal_21,hcabs_c2080,taxpay_c2080,82.5185,0.344219,841.006,2491.38,0.328929,0.0990476,0.572024,0.00396825,0.327778,0.668254
Prioritize equality,gov_hcabs16_cats4,equal_21,hcabs_c2080,taxpay_c2080,123.52,0.338787,1058.05,3528.44,0.280833,0.0513492,0.667817,0.0365079,0.314286,0.649206
Prioritize equality,gov_hcabs16_cats4,equal_21,hcabs_c2080,taxpay_c2080,116.315,0.35228,1044.36,3370.66,0.250317,0.0867063,0.662976,0.034127,0.299206,0.666667
Prioritize equality,gov_hcabs16_cats4,equal_21,hcabs_c2080,taxpay_c2080,128.773,0.304856,1148.28,3723.74,0.297143,0.0690476,0.63381,0.0492063,0.268254,0.68254
Prioritize equality,gov_hcabs16_cats4,equal_21,hcabs_c2080,taxpay_c2080,127.463,0.343552,1209.06,3758.31,0.174048,0.143929,0.682024,0.0309524,0.309524,0.659524
Prioritize equality,gov_hcabs16_cats4,equal_21,hcabs_c2080,taxpay_c2080,127.888,0.246408,1121.89,3679.65,0.289246,0.0511508,0.659603,0.0380952,0.311111,0.650794
Prioritize equality,gov_hcabs16_cats4,equal_21,hcabs_c2080,taxpay_c2080,90.4995,0.286778,971.445,2781.44,0.322103,0.103016,0.574881,0.0373016,0.340476,0.622222
Prioritize equality,gov_hcabs16_cats4,equal_21,hcabs_c2080,taxpay_c2080,96.1534,0.275601,865.025,2788.09,0.242063,0.171587,0.586349,0.0238095,0.270635,0.705556
Prioritize equality,gov_hcabs16_cats4,equal_21,hcabs_c2080,taxpay_c2080,144.08,0.221691,1185.43,4067.03,0.29381,0.0474603,0.65873,0.0587302,0.27381,0.66746
Prioritize equality,gov_hcabs16_cats4,equal_21,hcabs_c2080,taxpay_c2080,126.151,0.325879,1107.43,3630.45,0.286865,0.0538095,0.659325,0.0293651,0.33254,0.638095
Prioritize equality,gov_hcabs16_cats4,equal_21,hcabs_c2080,taxpay_c2080,98.2463,0.327553,1043.22,3008.15,0.246746,0.121825,0.631429,0.0293651,0.346032,0.624603
Prioritize equality,gov_hcabs16_cats4,equal_21,hcabs_c2080,taxpay_c2080,71.8379,0.308574,705.048,2141.8,0.320556,0.11619,0.563254,0,0.373016,0.626984
Prioritize equality,gov_hcabs16_cats4,equal_21,hcabs_c2080,taxpay_c2080,82.2768,0.365384,862.573,2508.11,0.251905,0.128532,0.619563,0.0047619,0.343651,0.651587
Prioritize equality,gov_hcabs16_cats4,equal_21,hcabs_c2080,taxpay_c2080,110.4,0.26731,1000.83,3208.83,0.233849,0.154524,0.611627,0.031746,0.26746,0.700794
Prioritize equality,gov_hcabs16_cats4,equal_21,hcabs_c2080,taxpay_c2080,88.2071,0.326695,896.071,2660.21,0.281151,0.129206,0.589643,0.0166667,0.373016,0.610317
Prioritize equality,gov_hcabs16_cats4,equal_21,hcabs_c2080,taxpay_c2080,113.493,0.365147,1038.26,3308.11,0.209167,0.159643,0.63119,0.047619,0.271429,0.680952
Prioritize equality,gov_hcabs16_cats4,equal_21,hcabs_c2080,taxpay_c2080,129.504,0.271576,1176.28,3766.36,0.247262,0.109722,0.643016,0.0412698,0.276984,0.681746
Prioritize equality,gov_hcabs16_cats4,equal_21,hcabs_c2080,taxpay_c2080,101.982,0.357939,938.88,2978.52,0.136508,0.206627,0.656865,0.0380952,0.292063,0.669841
Prioritize equality,gov_hcabs16_cats4,equal_21,hcabs_c2080,taxpay_c2080,119.759,0.265433,1046.62,3441.8,0.309286,0.0682937,0.622421,0.0325397,0.280159,0.687302
Prioritize equality,gov_hcabs16_cats4,equal_21,hcabs_c2080,taxpay_c2080,105.861,0.340949,929.024,3046.24,0.174563,0.17246,0.652976,0.0420635,0.301587,0.656349
Prioritize equality,gov_hcabs16_cats4,equal_21,hcabs_c2080,taxpay_c2080,105.054,0.32709,953.787,3054.87,0.166825,0.189087,0.644087,0.0492063,0.280952,0.669841
Prioritize equality,gov_hcabs16_cats4,equal_21,hcabs_c2080,taxpay_c2080,152.846,0.234682,1286.74,4343.67,0.25754,0.0886905,0.65377,0.0611111,0.248413,0.690476
Prioritize equality,gov_hcabs16_cats4,equal_21,hcabs_c2080,taxpay_c2080,132.747,0.375839,1266.95,3921.89,0.195,0.145516,0.659484,0.0793651,0.257937,0.662698
Prioritize equality,gov_hcabs16_cats4,equal_21,hcabs_c2080,taxpay_c2080,105.143,0.300631,946.819,3049.68,0.377222,0.0514286,0.571349,0.0198413,0.33254,0.647619
Prioritize equality,gov_hcabs16_cats4,equal_21,hcabs_c2080,taxpay_c2080,93.4207,0.326063,975.086,2843.5,0.261548,0.130317,0.608135,0.018254,0.353968,0.627778
Prioritize equality,gov_hcabs16_cats4,equal_21,hcabs_c2080,taxpay_c2080,85.2962,0.350019,886.726,2592.65,0.2625,0.13369,0.60381,0.0373016,0.286508,0.67619
Prioritize equality,gov_hcabs16_cats4,equal_21,hcabs_c2080,taxpay_c2080,117.962,0.27774,1129.91,3489.15,0.282063,0.084881,0.633056,0.0380952,0.292063,0.669841
Prioritize equality,gov_hcabs16_cats4,equal_21,hcabs_c2080,taxpay_c2080,82.2127,0.329814,754.941,2399.19,0.202738,0.190595,0.606667,0.0222222,0.315079,0.662698
Prioritize equality,gov_hcabs16_cats4,equal_21,hcabs_c2080,taxpay_c2080,89.4375,0.282418,874.362,2663.11,0.219325,0.158056,0.622619,0.0261905,0.375397,0.598413
Prioritize equality,gov_hcabs16_cats4,equal_21,hcabs_c2080,taxpay_c2080,116.812,0.23058,1012.81,3349.06,0.225238,0.152897,0.621865,0.0444444,0.234127,0.721429
Prioritize equality,gov_hcabs16_cats4,equal_21,hcabs_c2080,taxpay_c2080,137.068,0.334978,1262.61,4003.96,0.206071,0.113929,0.68,0.0555556,0.262698,0.681746
Prioritize equality,gov_hcabs16_cats4,equal_21,hcabs_c2080,taxpay_c2080,90.5277,0.325885,794.903,2605.46,0.240159,0.147262,0.612579,0.0253968,0.351587,0.623016
Prioritize equality,gov_hcabs16_cats4,equal_21,hcabs_c2080,taxpay_c2080,142.081,0.307685,1167.64,4009.27,0.247738,0.0768651,0.675397,0.0436508,0.262698,0.693651
Prioritize equality,gov_hcabs16_cats4,equal_21,hcabs_c2080,taxpay_c2080,108.182,0.286655,901.901,3065.55,0.281865,0.113849,0.604286,0.031746,0.280159,0.688095
Prioritize equality,gov_hcabs16_cats4,equal_21,hcabs_c2080,taxpay_c2080,120.926,0.293909,1140.56,3559.08,0.240079,0.116786,0.643135,0.0603175,0.237302,0.702381
Prioritize equality,gov_hcabs16_cats4,equal_21,hcabs_c2080,taxpay_c2080,89.9426,0.290726,856.362,2655.21,0.316151,0.0721825,0.611667,0.0015873,0.36746,0.630952
Prioritize equality,gov_hcabs16_cats4,equal_21,hcabs_c2080,taxpay_c2080,119.58,0.350343,1205.49,3597.1,0.179246,0.152857,0.667897,0.0507937,0.297619,0.651587
Prioritize equality,gov_hcabs16_cats4,equal_21,hcabs_c2080,taxpay_c2080,162.096,0.32272,1422.07,4664,0.199762,0.1125,0.687738,0.081746,0.20873,0.709524
Prioritize equality,gov_hcabs16_cats4,equal_21,hcabs_c2080,taxpay_c2080,140.45,0.266154,1241.91,4050.91,0.289881,0.0521825,0.657937,0.0706349,0.231746,0.697619
Prioritize equality,gov_hcabs16_cats4,equal_21,hcabs_c2080,taxpay_c2080,54.832,0.387688,670.729,1767.37,0.367143,0.0911508,0.541706,0.0206349,0.440476,0.538889
Prioritize equality,gov_hcabs16_cats4,equal_21,hcabs_c2080,taxpay_c2080,71.7124,0.403547,825.726,2259.97,0.28619,0.117778,0.596032,0.0190476,0.431746,0.549206
Prioritize equality,gov_hcabs16_cats4,equal_21,hcabs_c2080,taxpay_c2080,157.451,0.289731,1315.29,4464.31,0.26,0.0877381,0.652262,0.068254,0.242857,0.688889
Prioritize equality,gov_hcabs16_cats4,equal_21,hcabs_c2080,taxpay_c2080,89.9074,0.402219,767.885,2566.03,0.292421,0.136349,0.57123,0.0285714,0.307937,0.663492
Prioritize equality,gov_hcabs16_cats4,equal_21,hcabs_c2080,taxpay_c2080,116.144,0.232522,965.769,3288.64,0.30119,0.0859127,0.612897,0.0198413,0.330159,0.65
Prioritize equality,gov_hcabs16_cats4,equal_21,hcabs_c2080,taxpay_c2080,106.589,0.308354,1050,3181.79,0.308294,0.0641667,0.62754,0.0460317,0.315873,0.638095
Prioritize equality,gov_hcabs16_cats4,equal_21,hcabs_c2080,taxpay_c2080,142.676,0.271009,1321.71,4175.24,0.30004,0.0592857,0.640675,0.0650794,0.254762,0.680159
Prioritize equality,gov_hcabs16_cats4,equal_21,hcabs_c2080,taxpay_c2080,86.3095,0.379887,939.023,2665.21,0.286071,0.129603,0.584325,0.0198413,0.349206,0.630952
Prioritize equality,gov_hcabs16_cats4,equal_21,hcabs_c2080,taxpay_c2080,146.232,0.252548,1314.78,4239.42,0.2075,0.111468,0.681032,0.0825397,0.249206,0.668254
Prioritize equality,gov_hcabs16_cats4,equal_21,hcabs_c2080,taxpay_c2080,117.411,0.303653,1141.67,3489.9,0.287778,0.0521429,0.660079,0.0190476,0.328571,0.652381
Prioritize equality,gov_hcabs16_cats4,equal_21,hcabs_c2080,taxpay_c2080,85.9689,0.280654,848.299,2567.68,0.335992,0.0673016,0.596706,0.0222222,0.372222,0.605556
Prioritize equality,gov_hcabs16_cats4,equal_21,hcabs_c2080,taxpay_c2080,82.9755,0.296113,788.619,2448.13,0.297897,0.136627,0.565476,0,0.377778,0.622222
Prioritize equality,gov_hcabs16_cats4,equal_21,hcabs_c2080,taxpay_c2080,70.1172,0.463819,793.547,2195.89,0.315516,0.107619,0.576865,0.0253968,0.394444,0.580159
Prioritize equality,gov_hcabs16_cats4,equal_21,hcabs_c2080,taxpay_c2080,157.38,0.229717,1329.61,4477.21,0.283095,0.109008,0.607897,0.102381,0.164286,0.733333
Prioritize equality,gov_hcabs16_cats4,equal_21,hcabs_c2080,taxpay_c2080,116.917,0.268004,1084.22,3422.55,0.296349,0.0536508,0.65,0.0206349,0.334127,0.645238
Prioritize equality,gov_hcabs16_cats4,equal_21,hcabs_c2080,taxpay_c2080,150.099,0.302451,1348.57,4350.56,0.224802,0.07,0.705198,0.0619048,0.253175,0.684921
Prioritize equality,gov_hcabs16_cats4,equal_21,hcabs_c2080,taxpay_c2080,79.6827,0.290002,788.13,2381.78,0.252937,0.164603,0.58246,0.0214286,0.329365,0.649206
Prioritize equality,gov_hcabs16_cats4,equal_21,hcabs_c2080,taxpay_c2080,102.396,0.412545,982.305,3030.23,0.401032,0.0785317,0.520437,0.052381,0.268254,0.679365
Prioritize equality,gov_hcabs16_cats4,equal_21,hcabs_c2080,taxpay_c2080,96.0652,0.322514,960.605,2881.91,0.367262,0.0468651,0.585873,0.0253968,0.364286,0.610317
Prioritize equality,gov_hcabs16_cats4,equal_21,hcabs_c2080,taxpay_c2080,155.633,0.240945,1257.63,4370.29,0.134127,0.160397,0.705476,0.0698413,0.243651,0.686508
Prioritize equality,gov_hcabs16_cats4,equal_21,hcabs_c2080,taxpay_c2080,82.1491,0.359582,794.018,2437,0.226032,0.153214,0.620754,0.0198413,0.335714,0.644444
Prioritize equality,gov_hcabs16_cats4,equal_21,hcabs_c2080,taxpay_c2080,96.7778,0.389797,878.54,2814.1,0.272619,0.0874206,0.63996,0.0253968,0.36746,0.607143
Prioritize equality,gov_hcabs16_cats4,equal_21,hcabs_c2080,taxpay_c2080,128.15,0.23878,1092.22,3655.22,0.305278,0.0751984,0.619524,0.0388889,0.257143,0.703968
Prioritize equality,gov_hcabs16_cats4,equal_21,hcabs_c2080,taxpay_c2080,86.9394,0.331166,829.982,2568.77,0.286627,0.0996825,0.61369,0.0230159,0.346825,0.630159
Prioritize equality,gov_hcabs16_cats4,equal_21,hcabs_c2080,taxpay_c2080,96.7201,0.295773,944.542,2878.94,0.22119,0.160675,0.618135,0.0285714,0.281746,0.689683
Prioritize equality,gov_hcabs16_cats4,equal_21,hcabs_c2080,taxpay_c2080,83.4092,0.34325,907.674,2575.86,0.267778,0.114405,0.617817,0.0238095,0.362698,0.613492
Prioritize equality,gov_hcabs16_cats4,equal_21,hcabs_c2080,taxpay_c2080,152.822,0.278473,1290.01,4346.44,0.212857,0.121746,0.665397,0.10873,0.214286,0.676984
Prioritize equality,gov_hcabs16_cats4,equal_21,hcabs_c2080,taxpay_c2080,120.739,0.347831,1037.65,3452.42,0.216706,0.153373,0.629921,0.047619,0.287302,0.665079
Prioritize equality,gov_hcabs16_cats4,equal_21,hcabs_c2080,taxpay_c2080,128.563,0.264627,1118.71,3689.98,0.277143,0.067381,0.655476,0.0420635,0.276984,0.680952
Prioritize equality,gov_hcabs16_cats4,equal_21,hcabs_c2080,taxpay_c2080,83.4898,0.330045,792.246,2462.04,0.262976,0.166944,0.570079,0.0261905,0.365079,0.60873
Prioritize equality,gov_hcabs16_cats4,equal_21,hcabs_c2080,taxpay_c2080,130.574,0.239989,1079.82,3691.29,0.259881,0.0880952,0.652024,0.0285714,0.27381,0.697619
Prioritize equality,gov_hcabs16_cats4,equal_21,hcabs_c2080,taxpay_c2080,89.8975,0.308333,874.769,2672.72,0.357778,0.0581746,0.584048,0.0047619,0.339683,0.655556
Prioritize equality,gov_hcabs16_cats4,equal_21,hcabs_c2080,taxpay_c2080,100.067,0.348346,930.689,2932.04,0.19623,0.164167,0.639603,0.0301587,0.339683,0.630159
Prioritize equality,gov_hcabs16_cats4,equal_21,hcabs_c2080,taxpay_c2080,85.6845,0.357737,826.435,2540.13,0.239444,0.148532,0.612024,0.0190476,0.297619,0.683333
Prioritize equality,gov_hcabs16_cats4,equal_21,hcabs_c2080,taxpay_c2080,102.457,0.348006,976.166,3025.31,0.193889,0.145873,0.660238,0.0230159,0.362698,0.614286
Prioritize equality,gov_hcabs16_cats4,equal_21,hcabs_c2080,taxpay_c2080,69.2252,0.353498,760.329,2144.83,0.20873,0.18369,0.607579,0.0190476,0.4,0.580952
Prioritize equality,gov_hcabs16_cats4,equal_21,hcabs_c2080,taxpay_c2080,133.048,0.365736,1226.12,3887.09,0.247143,0.0809921,0.671865,0.0404762,0.293651,0.665873
Prioritize equality,gov_hcabs16_cats4,equal_21,hcabs_c2080,taxpay_c2080,104.659,0.281619,1026,3119.17,0.277778,0.0754365,0.646786,0.0222222,0.306349,0.671429
Prioritize equality,gov_hcabs16_cats4,equal_21,hcabs_c2080,taxpay_c2080,149.061,0.285647,1204.13,4185.34,0.196905,0.129127,0.673968,0.0714286,0.23254,0.696032
Prioritize equality,gov_hcabs16_cats4,equal_21,hcabs_c2080,taxpay_c2080,141.617,0.288385,1209.08,4041.41,0.307738,0.100119,0.592143,0.0833333,0.215873,0.700794
Prioritize equality,gov_hcabs16_cats4,equal_21,hcabs_c2080,taxpay_c2080,101.194,0.290493,907.005,2930.88,0.242302,0.157063,0.600635,0.031746,0.31746,0.650794
Prioritize equality,gov_hcabs16_cats4,equal_21,hcabs_c2080,taxpay_c2080,140.278,0.371133,1095.98,3901.54,0.265675,0.104841,0.629484,0.0452381,0.283333,0.671429
Prioritize equality,gov_hcabs16_cats4,equal_21,hcabs_c2080,taxpay_c2080,139.361,0.298207,1186.71,3973.93,0.285913,0.115595,0.598492,0.0992063,0.159524,0.74127
Prioritize equality,gov_hcabs16_cats4,equal_21,hcabs_c2080,taxpay_c2080,109.17,0.374785,944.571,3127.96,0.285,0.0764683,0.638532,0.0126984,0.375397,0.611905
Prioritize equality,gov_hcabs16_cats4,equal_21,hcabs_c2080,taxpay_c2080,110.522,0.316077,992.072,3202.52,0.308333,0.0577381,0.633929,0.0277778,0.339683,0.63254
Balanced priorities,gov_hcabs16_cats4,equal_21,hcabs_c5050,taxpay_c5050,101.288,0.297557,948.751,2974.51,0.230556,0.0994048,0.67004,0.0261905,0.36746,0.606349
Balanced priorities,gov_hcabs16_cats4,equal_21,hcabs_c5050,taxpay_c5050,138.688,0.246427,1182.42,3956.17,0.272222,0.0633333,0.664444,0.068254,0.269048,0.662698
Balanced priorities,gov_hcabs16_cats4,equal_21,hcabs_c5050,taxpay_c5050,123.55,0.309285,1053.62,3524.62,0.252579,0.0976587,0.649762,0.0373016,0.293651,0.669048
Balanced priorities,gov_hcabs16_cats4,equal_21,hcabs_c5050,taxpay_c5050,90.8235,0.263666,847.924,2664.4,0.3575,0.0629365,0.579563,0.015873,0.348413,0.635714
Balanced priorities,gov_hcabs16_cats4,equal_21,hcabs_c5050,taxpay_c5050,114.301,0.321133,1096.64,3382.65,0.25869,0.075754,0.665556,0.0150794,0.338889,0.646032
Balanced priorities,gov_hcabs16_cats4,equal_21,hcabs_c5050,taxpay_c5050,71.0556,0.316894,735.272,2156.38,0.317897,0.117183,0.564921,0.0174603,0.35873,0.62381
Balanced priorities,gov_hcabs16_cats4,equal_21,hcabs_c5050,taxpay_c5050,136.435,0.249531,1210.67,3939.37,0.285516,0.0635317,0.650952,0.0492063,0.268254,0.68254
Balanced priorities,gov_hcabs16_cats4,equal_21,hcabs_c5050,taxpay_c5050,99.9225,0.305152,917.048,2915.5,0.280317,0.112341,0.607341,0.0309524,0.306349,0.662698
Balanced priorities,gov_hcabs16_cats4,equal_21,hcabs_c5050,taxpay_c5050,135.374,0.297911,1188.61,3896.08,0.16131,0.164008,0.674683,0.0666667,0.233333,0.7
Balanced priorities,gov_hcabs16_cats4,equal_21,hcabs_c5050,taxpay_c5050,115.454,0.226077,936.264,3245.35,0.276984,0.0902381,0.632778,0.0230159,0.283333,0.693651
Balanced priorities,gov_hcabs16_cats4,equal_21,hcabs_c5050,taxpay_c5050,147.545,0.26638,1340.37,4291.28,0.144008,0.158333,0.697659,0.0619048,0.253968,0.684127
Balanced priorities,gov_hcabs16_cats4,equal_21,hcabs_c5050,taxpay_c5050,139.903,0.299854,1228.29,4026.35,0.238214,0.13,0.631786,0.0777778,0.210317,0.711905
Balanced priorities,gov_hcabs16_cats4,equal_21,hcabs_c5050,taxpay_c5050,177.537,0.303162,1493.02,5043.76,0.220952,0.0812698,0.697778,0.103968,0.196032,0.7
Balanced priorities,gov_hcabs16_cats4,equal_21,hcabs_c5050,taxpay_c5050,77.5216,0.400237,667.876,2218.31,0.346389,0.105794,0.547817,0.0214286,0.385714,0.592857
Balanced priorities,gov_hcabs16_cats4,equal_21,hcabs_c5050,taxpay_c5050,153.586,0.274643,1254.67,4326.4,0.341984,0.0486905,0.609325,0.0690476,0.23254,0.698413
Balanced priorities,gov_hcabs16_cats4,equal_21,hcabs_c5050,taxpay_c5050,67.129,0.36721,698.525,2041.11,0.261389,0.127937,0.610675,0.0206349,0.381746,0.597619
Balanced priorities,gov_hcabs16_cats4,equal_21,hcabs_c5050,taxpay_c5050,95.2626,0.314644,935.568,2840.82,0.27373,0.118135,0.608135,0.0444444,0.30873,0.646825
Balanced priorities,gov_hcabs16_cats4,equal_21,hcabs_c5050,taxpay_c5050,61.5344,0.26953,618.962,1849.65,0.345119,0.11881,0.536071,0.0206349,0.392063,0.587302
Balanced priorities,gov_hcabs16_cats4,equal_21,hcabs_c5050,taxpay_c5050,152.146,0.304332,1423.36,4466.28,0.255476,0.0426984,0.701825,0.0761905,0.245238,0.678571
Balanced priorities,gov_hcabs16_cats4,equal_21,hcabs_c5050,taxpay_c5050,162.353,0.247832,1426.23,4673.3,0.247857,0.0729762,0.679167,0.101587,0.178571,0.719841
Balanced priorities,gov_hcabs16_cats4,equal_21,hcabs_c5050,taxpay_c5050,106.454,0.267768,1007.72,3136.8,0.256151,0.086746,0.657103,0.0198413,0.288095,0.692063
Balanced priorities,gov_hcabs16_cats4,equal_21,hcabs_c5050,taxpay_c5050,63.7311,0.325473,683.129,1957.75,0.286627,0.111111,0.602262,0.0198413,0.384127,0.596032
Balanced priorities,gov_hcabs16_cats4,equal_21,hcabs_c5050,taxpay_c5050,61.405,0.323019,754.699,1982.8,0.199087,0.210833,0.590079,0.0206349,0.362698,0.616667
Balanced priorities,gov_hcabs16_cats4,equal_21,hcabs_c5050,taxpay_c5050,131.057,0.296361,1075.43,3696.57,0.250556,0.0780952,0.671349,0.0373016,0.286508,0.67619
Balanced priorities,gov_hcabs16_cats4,equal_21,hcabs_c5050,taxpay_c5050,87.6379,0.350603,799.642,2552.4,0.311746,0.087381,0.600873,0.0238095,0.357937,0.618254
Balanced priorities,gov_hcabs16_cats4,equal_21,hcabs_c5050,taxpay_c5050,119.85,0.241755,1043.74,3440.74,0.278254,0.0715476,0.650198,0.0261905,0.29127,0.68254
Balanced priorities,gov_hcabs16_cats4,equal_21,hcabs_c5050,taxpay_c5050,158.345,0.220427,1261.57,4428.47,0.233452,0.100397,0.666151,0.084127,0.222222,0.693651
Balanced priorities,gov_hcabs16_cats4,equal_21,hcabs_c5050,taxpay_c5050,68.6205,0.339485,730.191,2102.6,0.258333,0.147421,0.594246,0.0206349,0.407143,0.572222
Balanced priorities,gov_hcabs16_cats4,equal_21,hcabs_c5050,taxpay_c5050,151.258,0.347544,1274.75,4299.92,0.259802,0.147302,0.592897,0.0904762,0.205556,0.703968
Balanced priorities,gov_hcabs16_cats4,equal_21,hcabs_c5050,taxpay_c5050,65.2054,0.29715,730.31,2034.42,0.300754,0.126032,0.573214,0.0206349,0.368254,0.611111
Balanced priorities,gov_hcabs16_cats4,equal_21,hcabs_c5050,taxpay_c5050,113.806,0.234418,965.306,3241.42,0.257937,0.106587,0.635476,0.0174603,0.333333,0.649206
Balanced priorities,gov_hcabs16_cats4,equal_21,hcabs_c5050,taxpay_c5050,69.4807,0.326914,681.555,2071.17,0.218452,0.186706,0.594841,0.0190476,0.374603,0.606349
Balanced priorities,gov_hcabs16_cats4,equal_21,hcabs_c5050,taxpay_c5050,135.822,0.273395,1353.27,4069.71,0.159841,0.12127,0.718889,0.0404762,0.303968,0.655556
Balanced priorities,gov_hcabs16_cats4,equal_21,hcabs_c5050,taxpay_c5050,112.725,0.276811,1073.26,3327.76,0.268889,0.111071,0.62004,0.0357143,0.276984,0.687302
Balanced priorities,gov_hcabs16_cats4,equal_21,hcabs_c5050,taxpay_c5050,85.7739,0.325921,864.453,2579.93,0.333889,0.0951984,0.570913,0.00793651,0.36746,0.624603
Balanced priorities,gov_hcabs16_cats4,equal_21,hcabs_c5050,taxpay_c5050,141.97,0.364296,1313.31,4152.7,0.324643,0.0514286,0.623929,0.0761905,0.256349,0.66746
Balanced priorities,gov_hcabs16_cats4,equal_21,hcabs_c5050,taxpay_c5050,137.402,0.303535,1243.28,3991.32,0.29746,0.0711905,0.631349,0.0706349,0.245238,0.684127
Balanced priorities,gov_hcabs16_cats4,equal_21,hcabs_c5050,taxpay_c5050,155.415,0.287241,1203.8,4312.09,0.242976,0.0915079,0.665516,0.065873,0.223016,0.711111
Balanced priorities,gov_hcabs16_cats4,equal_21,hcabs_c5050,taxpay_c5050,156.827,0.233472,1390.73,4527.26,0.296984,0.0451984,0.657817,0.0706349,0.238095,0.69127
Balanced priorities,gov_hcabs16_cats4,equal_21,hcabs_c5050,taxpay_c5050,113.856,0.255709,1118.47,3395.6,0.214365,0.127937,0.657698,0.0531746,0.243651,0.703175
Balanced priorities,gov_hcabs16_cats4,equal_21,hcabs_c5050,taxpay_c5050,108.193,0.290392,986.387,3150.25,0.290556,0.0818651,0.627579,0.0214286,0.326984,0.651587
Balanced priorities,gov_hcabs16_cats4,equal_21,hcabs_c5050,taxpay_c5050,121.972,0.381668,971.274,3410.71,0.264762,0.103492,0.631746,0.0388889,0.273016,0.688095
Balanced priorities,gov_hcabs16_cats4,equal_21,hcabs_c5050,taxpay_c5050,70.4279,0.278198,759.574,2168.13,0.206627,0.189603,0.60377,0.00793651,0.370635,0.621429
Balanced priorities,gov_hcabs16_cats4,equal_21,hcabs_c5050,taxpay_c5050,147.943,0.246837,1375.48,4334.35,0.256825,0.0672222,0.675952,0.0619048,0.265079,0.673016
Balanced priorities,gov_hcabs16_cats4,equal_21,hcabs_c5050,taxpay_c5050,97.2103,0.300492,1033.82,2978.03,0.330675,0.0721429,0.597183,0.00873016,0.325397,0.665873
Balanced priorities,gov_hcabs16_cats4,equal_21,hcabs_c5050,taxpay_c5050,128.488,0.258295,1175.13,3744.89,0.230079,0.10873,0.66119,0.0452381,0.298413,0.656349
Balanced priorities,gov_hcabs16_cats4,equal_21,hcabs_c5050,taxpay_c5050,119.269,0.307841,1055.05,3440.43,0.308968,0.0718254,0.619206,0.0357143,0.301587,0.662698
Balanced priorities,gov_hcabs16_cats4,equal_21,hcabs_c5050,taxpay_c5050,131.911,0.258508,1193.95,3832.17,0.285873,0.0734524,0.640675,0.0452381,0.253968,0.700794
Balanced priorities,gov_hcabs16_cats4,equal_21,hcabs_c5050,taxpay_c5050,85.9016,0.277653,824.946,2542.98,0.282024,0.0866667,0.63131,0.0214286,0.369048,0.609524
Balanced priorities,gov_hcabs16_cats4,equal_21,hcabs_c5050,taxpay_c5050,82.5444,0.245903,823.662,2474.55,0.26631,0.112063,0.621627,0.0246032,0.395238,0.580159
Balanced priorities,gov_hcabs16_cats4,equal_21,hcabs_c5050,taxpay_c5050,118.145,0.2879,1271.96,3634.87,0.264325,0.0603968,0.675278,0.0325397,0.30873,0.65873
Balanced priorities,gov_hcabs16_cats4,equal_21,hcabs_c5050,taxpay_c5050,108.245,0.323897,1007.37,3172.27,0.228135,0.120714,0.651151,0.0261905,0.280952,0.692857
Balanced priorities,gov_hcabs16_cats4,equal_21,hcabs_c5050,taxpay_c5050,92.1889,0.281305,797.155,2640.93,0.276786,0.099881,0.623333,0.0246032,0.326984,0.648413
Balanced priorities,gov_hcabs16_cats4,equal_21,hcabs_c5050,taxpay_c5050,106.641,0.282387,950.231,3083.06,0.250754,0.129405,0.619841,0.0293651,0.265079,0.705556
Balanced priorities,gov_hcabs16_cats4,equal_21,hcabs_c5050,taxpay_c5050,154.698,0.260541,1446.22,4540.17,0.167024,0.16631,0.666667,0.101587,0.188095,0.710317
Balanced priorities,gov_hcabs16_cats4,equal_21,hcabs_c5050,taxpay_c5050,110.482,0.285842,1117.38,3327.03,0.335198,0.0661111,0.59869,0.0436508,0.279365,0.676984
Balanced priorities,gov_hcabs16_cats4,equal_21,hcabs_c5050,taxpay_c5050,131.186,0.314042,1133.58,3757.3,0.192421,0.157857,0.649722,0.0436508,0.266667,0.689683
Balanced priorities,gov_hcabs16_cats4,equal_21,hcabs_c5050,taxpay_c5050,107.155,0.376638,1186.49,3329.58,0.294365,0.0486905,0.656944,0.0309524,0.360317,0.60873
Balanced priorities,gov_hcabs16_cats4,equal_21,hcabs_c5050,taxpay_c5050,82.5004,0.396434,906.777,2556.79,0.306786,0.0981349,0.595079,0.0015873,0.388889,0.609524
Balanced priorities,gov_hcabs16_cats4,equal_21,hcabs_c5050,taxpay_c5050,153.256,0.250904,1368.34,4433.46,0.279048,0.0740079,0.646944,0.0857143,0.20873,0.705556
Balanced priorities,gov_hcabs16_cats4,equal_21,hcabs_c5050,taxpay_c5050,128.688,0.240054,1220.45,3794.2,0.287262,0.0860714,0.626667,0.0444444,0.261905,0.693651
Balanced priorities,gov_hcabs16_cats4,equal_21,hcabs_c5050,taxpay_c5050,154.504,0.286956,1521.94,4612.02,0.214881,0.0803175,0.704802,0.0968254,0.227778,0.675397
Balanced priorities,gov_hcabs16_cats4,equal_21,hcabs_c5050,taxpay_c5050,80.8615,0.292769,899.424,2516.65,0.217778,0.136746,0.645476,0.00396825,0.361905,0.634127
Balanced priorities,gov_hcabs16_cats4,equal_21,hcabs_c5050,taxpay_c5050,151.152,0.251787,1313.28,4336.33,0.251032,0.0838492,0.665119,0.0642857,0.252381,0.683333
Balanced priorities,gov_hcabs16_cats4,equal_21,hcabs_c5050,taxpay_c5050,101.297,0.235202,842.156,2868.09,0.274365,0.102857,0.622778,0.0246032,0.277778,0.697619
Balanced priorities,gov_hcabs16_cats4,equal_21,hcabs_c5050,taxpay_c5050,176.962,0.256556,1538.34,5077.57,0.108214,0.154325,0.73746,0.0960317,0.204762,0.699206
Balanced priorities,gov_hcabs16_cats4,equal_21,hcabs_c5050,taxpay_c5050,94.9024,0.253971,872.748,2770.8,0.195317,0.186786,0.617897,0.0174603,0.268254,0.714286
Balanced priorities,gov_hcabs16_cats4,equal_21,hcabs_c5050,taxpay_c5050,124.437,0.314809,1108.96,3597.7,0.184087,0.141706,0.674206,0.0428571,0.296032,0.661111
Balanced priorities,gov_hcabs16_cats4,equal_21,hcabs_c5050,taxpay_c5050,88.2048,0.249286,811.636,2575.73,0.31254,0.0747222,0.612738,0.0246032,0.377778,0.597619
Balanced priorities,gov_hcabs16_cats4,equal_21,hcabs_c5050,taxpay_c5050,111.06,0.227812,1041.57,3262.77,0.322778,0.0724603,0.604762,0.0388889,0.266667,0.694444
Balanced priorities,gov_hcabs16_cats4,equal_21,hcabs_c5050,taxpay_c5050,140.944,0.227591,1066.1,3884.98,0.254405,0.0969048,0.64869,0.0452381,0.239683,0.715079
Balanced priorities,gov_hcabs16_cats4,equal_21,hcabs_c5050,taxpay_c5050,111.485,0.240483,1045.9,3275.61,0.195119,0.131984,0.672897,0.0452381,0.333333,0.621429
Balanced priorities,gov_hcabs16_cats4,equal_21,hcabs_c5050,taxpay_c5050,76.1599,0.245337,756.016,2279.21,0.241389,0.177619,0.580992,0.0214286,0.356349,0.622222
Balanced priorities,gov_hcabs16_cats4,equal_21,hcabs_c5050,taxpay_c5050,129.285,0.338075,1135.26,3720.96,0.235913,0.0632937,0.700794,0.0285714,0.3,0.671429
Balanced priorities,gov_hcabs16_cats4,equal_21,hcabs_c5050,taxpay_c5050,69.9028,0.346963,841.84,2239.9,0.272103,0.103135,0.624762,0.0134921,0.393651,0.592857
Balanced priorities,gov_hcabs16_cats4,equal_21,hcabs_c5050,taxpay_c5050,133.47,0.263563,1165.66,3835.05,0.228214,0.102024,0.669762,0.0396825,0.298413,0.661905
Balanced priorities,gov_hcabs16_cats4,equal_21,hcabs_c5050,taxpay_c5050,113.707,0.278822,985.215,3259.36,0.223214,0.178849,0.597937,0.0333333,0.265873,0.700794
Balanced priorities,gov_hcabs16_cats4,equal_21,hcabs_c5050,taxpay_c5050,163.177,0.375598,1413.36,4676.9,0.235437,0.108373,0.65619,0.101587,0.228571,0.669841
Balanced priorities,gov_hcabs16_cats4,equal_21,hcabs_c5050,taxpay_c5050,111.344,0.263209,1133.44,3360.32,0.256151,0.0928571,0.650992,0.0412698,0.334921,0.62381
Balanced priorities,gov_hcabs16_cats4,equal_21,hcabs_c5050,taxpay_c5050,105.133,0.31617,940.769,3043.44,0.315952,0.0797222,0.604325,0.0222222,0.28254,0.695238
Balanced priorities,gov_hcabs16_cats4,equal_21,hcabs_c5050,taxpay_c5050,108.624,0.269687,963.19,3135.67,0.305913,0.0472619,0.646825,0.00555556,0.374603,0.619841
Balanced priorities,gov_hcabs16_cats4,equal_21,hcabs_c5050,taxpay_c5050,104.891,0.25241,983.328,3081.14,0.19504,0.155952,0.649008,0.00793651,0.309524,0.68254
Balanced priorities,gov_hcabs16_cats4,equal_21,hcabs_c5050,taxpay_c5050,104.978,0.268669,1020.55,3120.12,0.244643,0.0994048,0.655952,0.0174603,0.36746,0.615079
Balanced priorities,gov_hcabs16_cats4,equal_21,hcabs_c5050,taxpay_c5050,89.3269,0.25532,872.964,2659.5,0.292222,0.120794,0.586984,0.015873,0.303968,0.680159
Balanced priorities,gov_hcabs16_cats4,equal_21,hcabs_c5050,taxpay_c5050,164.301,0.273067,1360.29,4646.32,0.222421,0.105437,0.672143,0.0825397,0.220635,0.696825
Balanced priorities,gov_hcabs16_cats4,equal_21,hcabs_c5050,taxpay_c5050,132.886,0.29074,1134.55,3792.27,0.205,0.111984,0.683016,0.0460317,0.263492,0.690476
Balanced priorities,gov_hcabs16_cats4,equal_21,hcabs_c5050,taxpay_c5050,139.314,0.336838,1147.81,3934.1,0.277183,0.0581746,0.664643,0.0468254,0.293651,0.659524
Balanced priorities,gov_hcabs16_cats4,equal_21,hcabs_c5050,taxpay_c5050,94.7728,0.265257,809.05,2704.51,0.250198,0.0934127,0.656389,0.0222222,0.34127,0.636508
Balanced priorities,gov_hcabs16_cats4,equal_21,hcabs_c5050,taxpay_c5050,108.539,0.251564,1049.42,3220.19,0.281429,0.100119,0.618452,0.0396825,0.293651,0.666667
Balanced priorities,gov_hcabs16_cats4,equal_21,hcabs_c5050,taxpay_c5050,154.046,0.227322,1411.61,4492.54,0.227024,0.0530159,0.71996,0.0753968,0.249206,0.675397
Balanced priorities,gov_hcabs16_cats4,equal_21,hcabs_c5050,taxpay_c5050,87.5175,0.254994,864.133,2614.48,0.254921,0.146746,0.598333,0.00555556,0.330159,0.664286
Balanced priorities,gov_hcabs16_cats4,equal_21,hcabs_c5050,taxpay_c5050,146.938,0.289427,1214.14,4152.89,0.290952,0.0565873,0.65246,0.0452381,0.268254,0.686508
Balanced priorities,gov_hcabs16_cats4,equal_21,hcabs_c5050,taxpay_c5050,93.396,0.253613,800.679,2668.6,0.23,0.167579,0.602421,0.0134921,0.337302,0.649206
Balanced priorities,gov_hcabs16_cats4,equal_21,hcabs_c5050,taxpay_c5050,147.546,0.233974,1206.17,4157.09,0.238571,0.0832937,0.678135,0.0484127,0.257143,0.694444
Balanced priorities,gov_hcabs16_cats4,equal_21,hcabs_c5050,taxpay_c5050,110.069,0.2891,1027.94,3229.31,0.300278,0.112262,0.58746,0.0365079,0.27619,0.687302
Balanced priorities,gov_hcabs16_cats4,equal_21,hcabs_c5050,taxpay_c5050,159.429,0.25612,1422.34,4610.92,0.28496,0.0671825,0.647857,0.107937,0.188889,0.703175
Balanced priorities,gov_hcabs16_cats4,equal_21,hcabs_c5050,taxpay_c5050,117.294,0.246499,1094.06,3439.94,0.216825,0.11004,0.673135,0.0309524,0.330952,0.638095
Balanced priorities,gov_hcabs16_cats4,equal_21,hcabs_c5050,taxpay_c5050,80.4253,0.271551,876.08,2484.59,0.316508,0.0837698,0.599722,0.00793651,0.372222,0.619841
Balanced priorities,gov_hcabs16_cats4,equal_21,hcabs_c5050,taxpay_c5050,136.661,0.283418,1230.74,3963.96,0.209563,0.101825,0.688611,0.0492063,0.3,0.650794
Balanced priorities,gov_hcabs16_cats4,equal_21,hcabs_c5050,taxpay_c5050,143.043,0.285376,1238.05,4098.91,0.311032,0.0547222,0.634246,0.0753968,0.261905,0.662698
Prioritize ave. wealth,gov_hcabs16_cats4,equal_21,hcabs_c8020,taxpay_c8020,197.459,0.380647,1320.44,5269.61,0.272143,0.0427381,0.685119,0.0880952,0.171429,0.740476
Prioritize ave. wealth,gov_hcabs16_cats4,equal_21,hcabs_c8020,taxpay_c8020,207.002,0.365864,1408.95,5548.99,0.263294,0.0336508,0.703056,0.0746032,0.202381,0.723016
Prioritize ave. wealth,gov_hcabs16_cats4,equal_21,hcabs_c8020,taxpay_c8020,196.394,0.392493,1368.06,5295.95,0.220278,0.0609127,0.71881,0.0785714,0.192857,0.728571
Prioritize ave. wealth,gov_hcabs16_cats4,equal_21,hcabs_c8020,taxpay_c8020,224.295,0.374099,1431.11,5917.01,0.237063,0.0898016,0.673135,0.114286,0.147619,0.738095
Prioritize ave. wealth,gov_hcabs16_cats4,equal_21,hcabs_c8020,taxpay_c8020,261.43,0.323597,1580.02,6808.62,0.254325,0.0195238,0.726151,0.169841,0.0833333,0.746825
Prioritize ave. wealth,gov_hcabs16_cats4,equal_21,hcabs_c8020,taxpay_c8020,214.729,0.31029,1436.87,5731.46,0.246905,0.0592063,0.693889,0.103968,0.161905,0.734127
Prioritize ave. wealth,gov_hcabs16_cats4,equal_21,hcabs_c8020,taxpay_c8020,192.012,0.370031,1315.34,5155.58,0.267698,0.0447619,0.68754,0.0928571,0.202381,0.704762
Prioritize ave. wealth,gov_hcabs16_cats4,equal_21,hcabs_c8020,taxpay_c8020,214.929,0.345872,1393.51,5692.09,0.269167,0.0260714,0.704762,0.0904762,0.176984,0.73254
Prioritize ave. wealth,gov_hcabs16_cats4,equal_21,hcabs_c8020,taxpay_c8020,247.025,0.303489,1568.39,6508.89,0.199524,0.0576587,0.742817,0.145238,0.128571,0.72619
Prioritize ave. wealth,gov_hcabs16_cats4,equal_21,hcabs_c8020,taxpay_c8020,208.948,0.356807,1386.03,5564.98,0.288968,0.0336508,0.677381,0.0857143,0.185714,0.728571
Prioritize ave. wealth,gov_hcabs16_cats4,equal_21,hcabs_c8020,taxpay_c8020,213.516,0.370153,1295.03,5565.34,0.297937,0.053254,0.64881,0.103968,0.145238,0.750794
Prioritize ave. wealth,gov_hcabs16_cats4,equal_21,hcabs_c8020,taxpay_c8020,199.419,0.356328,1276.72,5265.1,0.270556,0.0440873,0.685357,0.103175,0.138889,0.757937
Prioritize ave. wealth,gov_hcabs16_cats4,equal_21,hcabs_c8020,taxpay_c8020,181.023,0.421634,1199.98,4820.43,0.271508,0.0388889,0.689603,0.0761905,0.234921,0.688889
Prioritize ave. wealth,gov_hcabs16_cats4,equal_21,hcabs_c8020,taxpay_c8020,203.156,0.383714,1238.57,5301.69,0.327381,0.0426587,0.62996,0.107937,0.130952,0.761111
Prioritize ave. wealth,gov_hcabs16_cats4,equal_21,hcabs_c8020,taxpay_c8020,218.419,0.355364,1448.98,5817.35,0.291429,0.0214683,0.687103,0.115873,0.165873,0.718254
Prioritize ave. wealth,gov_hcabs16_cats4,equal_21,hcabs_c8020,taxpay_c8020,206.261,0.45112,1299.34,5424.55,0.313651,0.0571429,0.629206,0.147619,0.122222,0.730159
Prioritize ave. wealth,gov_hcabs16_cats4,equal_21,hcabs_c8020,taxpay_c8020,231.733,0.292494,1405.28,6039.94,0.282143,0.0266667,0.69119,0.131746,0.143651,0.724603
Prioritize ave. wealth,gov_hcabs16_cats4,equal_21,hcabs_c8020,taxpay_c8020,190.994,0.380671,1183.93,5003.81,0.293889,0.0364683,0.669643,0.0865079,0.200794,0.712698
Prioritize ave. wealth,gov_hcabs16_cats4,equal_21,hcabs_c8020,taxpay_c8020,219.398,0.348369,1314.25,5702.22,0.304325,0.0177381,0.677937,0.0968254,0.176984,0.72619
Prioritize ave. wealth,gov_hcabs16_cats4,equal_21,hcabs_c8020,taxpay_c8020,214.618,0.416621,1302.97,5595.33,0.248373,0.054127,0.6975,0.128571,0.113492,0.757937
Prioritize ave. wealth,gov_hcabs16_cats4,equal_21,hcabs_c8020,taxpay_c8020,226.587,0.366113,1382.36,5914.09,0.247698,0.034246,0.718056,0.114286,0.157937,0.727778
Prioritize ave. wealth,gov_hcabs16_cats4,equal_21,hcabs_c8020,taxpay_c8020,203.586,0.346162,1420.88,5492.6,0.282976,0.0430952,0.673929,0.119841,0.153175,0.726984
Prioritize ave. wealth,gov_hcabs16_cats4,equal_21,hcabs_c8020,taxpay_c8020,244.643,0.326928,1504.43,6397.3,0.25131,0.0330159,0.715675,0.153175,0.0960317,0.750794
Prioritize ave. wealth,gov_hcabs16_cats4,equal_21,hcabs_c8020,taxpay_c8020,198.11,0.360334,1256.81,5219.01,0.2675,0.0646429,0.667857,0.111905,0.148413,0.739683
Prioritize ave. wealth,gov_hcabs16_cats4,equal_21,hcabs_c8020,taxpay_c8020,224.609,0.387493,1456.14,5948.31,0.253968,0.0319048,0.714127,0.111111,0.15873,0.730159
Prioritize ave. wealth,gov_hcabs16_cats4,equal_21,hcabs_c8020,taxpay_c8020,208.471,0.360366,1344.66,5514.07,0.253294,0.0360714,0.710635,0.0912698,0.179365,0.729365
Prioritize ave. wealth,gov_hcabs16_cats4,equal_21,hcabs_c8020,taxpay_c8020,208.873,0.40474,1260.25,5437.71,0.25381,0.0628968,0.683294,0.0896825,0.151587,0.75873
Prioritize ave. wealth,gov_hcabs16_cats4,equal_21,hcabs_c8020,taxpay_c8020,180.095,0.445814,1353.41,4955.31,0.313175,0.0351587,0.651667,0.106349,0.197619,0.696032
Prioritize ave. wealth,gov_hcabs16_cats4,equal_21,hcabs_c8020,taxpay_c8020,230.369,0.33724,1481.16,6088.55,0.231429,0.0246825,0.743889,0.101587,0.180952,0.71746
Prioritize ave. wealth,gov_hcabs16_cats4,equal_21,hcabs_c8020,taxpay_c8020,226.768,0.390716,1448.41,5983.78,0.288254,0.0249603,0.686786,0.113492,0.172222,0.714286
Prioritize ave. wealth,gov_hcabs16_cats4,equal_21,hcabs_c8020,taxpay_c8020,217.205,0.337144,1388.93,5733.03,0.275833,0.0346032,0.689563,0.0952381,0.163492,0.74127
Prioritize ave. wealth,gov_hcabs16_cats4,equal_21,hcabs_c8020,taxpay_c8020,258.219,0.323271,1575.87,6740.25,0.261548,0.0349206,0.703532,0.16746,0.0809524,0.751587
Prioritize ave. wealth,gov_hcabs16_cats4,equal_21,hcabs_c8020,taxpay_c8020,176.489,0.43968,1261.14,4790.92,0.268571,0.0309921,0.700437,0.081746,0.225397,0.692857
Prioritize ave. wealth,gov_hcabs16_cats4,equal_21,hcabs_c8020,taxpay_c8020,209.381,0.404096,1340.43,5528.06,0.294881,0.0289286,0.67619,0.10873,0.181746,0.709524
Prioritize ave. wealth,gov_hcabs16_cats4,equal_21,hcabs_c8020,taxpay_c8020,202.243,0.374697,1264.28,5309.13,0.265437,0.0275,0.707063,0.100794,0.195238,0.703968
Prioritize ave. wealth,gov_hcabs16_cats4,equal_21,hcabs_c8020,taxpay_c8020,213.754,0.393182,1344.53,5619.61,0.264127,0.0668651,0.669008,0.125397,0.146825,0.727778
Prioritize ave. wealth,gov_hcabs16_cats4,equal_21,hcabs_c8020,taxpay_c8020,205.353,0.328181,1283.92,5390.99,0.301111,0.0500397,0.648849,0.0960317,0.165873,0.738095
Prioritize ave. wealth,gov_hcabs16_cats4,equal_21,hcabs_c8020,taxpay_c8020,226.583,0.376032,1502.82,6034.48,0.283452,0.0316667,0.684881,0.140476,0.122222,0.737302
Prioritize ave. wealth,gov_hcabs16_cats4,equal_21,hcabs_c8020,taxpay_c8020,203.734,0.477695,1291.98,5366.65,0.274603,0.0421429,0.683254,0.0801587,0.196825,0.723016
Prioritize ave. wealth,gov_hcabs16_cats4,equal_21,hcabs_c8020,taxpay_c8020,223.813,0.338999,1455.4,5931.66,0.247897,0.0404365,0.711667,0.103968,0.157937,0.738095
Prioritize ave. wealth,gov_hcabs16_cats4,equal_21,hcabs_c8020,taxpay_c8020,217.708,0.389894,1410.3,5764.46,0.259484,0.0675397,0.672976,0.128571,0.111111,0.760317
Prioritize ave. wealth,gov_hcabs16_cats4,equal_21,hcabs_c8020,taxpay_c8020,231.584,0.354513,1373.26,6004.94,0.266111,0.0494048,0.684484,0.124603,0.11746,0.757937
Prioritize ave. wealth,gov_hcabs16_cats4,equal_21,hcabs_c8020,taxpay_c8020,167.362,0.485905,1095.06,4442.31,0.266349,0.0892857,0.644365,0.0626984,0.24127,0.696032
Prioritize ave. wealth,gov_hcabs16_cats4,equal_21,hcabs_c8020,taxpay_c8020,226.44,0.330619,1322.14,5850.94,0.285873,0.0246825,0.689444,0.119841,0.138889,0.74127
Prioritize ave. wealth,gov_hcabs16_cats4,equal_21,hcabs_c8020,taxpay_c8020,211.918,0.34192,1335.59,5573.95,0.273651,0.0329762,0.693373,0.1,0.164286,0.735714
Prioritize ave. wealth,gov_hcabs16_cats4,equal_21,hcabs_c8020,taxpay_c8020,183.558,0.43074,1177.27,4848.42,0.280794,0.0613095,0.657897,0.065873,0.199206,0.734921
Prioritize ave. wealth,gov_hcabs16_cats4,equal_21,hcabs_c8020,taxpay_c8020,243.826,0.314514,1407.59,6284.11,0.270794,0.0219048,0.707302,0.145238,0.121429,0.733333
Prioritize ave. wealth,gov_hcabs16_cats4,equal_21,hcabs_c8020,taxpay_c8020,227.311,0.407962,1502.31,6048.52,0.262222,0.0344841,0.703294,0.0888889,0.17619,0.734921
Prioritize ave. wealth,gov_hcabs16_cats4,equal_21,hcabs_c8020,taxpay_c8020,168.957,0.455734,1140.63,4519.78,0.277222,0.0425397,0.680238,0.065873,0.242063,0.692063
Prioritize ave. wealth,gov_hcabs16_cats4,equal_21,hcabs_c8020,taxpay_c8020,236.294,0.370332,1429.18,6155.07,0.248135,0.039246,0.712619,0.15,0.128571,0.721429
Prioritize ave. wealth,gov_hcabs16_cats4,equal_21,hcabs_c8020,taxpay_c8020,222.28,0.352091,1478.11,5923.71,0.243651,0.0504365,0.705913,0.109524,0.154762,0.735714
Prioritize ave. wealth,gov_hcabs16_cats4,equal_21,hcabs_c8020,taxpay_c8020,230.825,0.315509,1398.72,6015.21,0.215278,0.0692063,0.715516,0.107143,0.161905,0.730952
Prioritize ave. wealth,gov_hcabs16_cats4,equal_21,hcabs_c8020,taxpay_c8020,202.461,0.398685,1325.25,5374.48,0.285357,0.0433333,0.67131,0.0753968,0.199206,0.725397
Prioritize ave. wealth,gov_hcabs16_cats4,equal_21,hcabs_c8020,taxpay_c8020,163.574,0.431458,1067.69,4339.16,0.314603,0.0547619,0.630635,0.0785714,0.20873,0.712698
Prioritize ave. wealth,gov_hcabs16_cats4,equal_21,hcabs_c8020,taxpay_c8020,192.825,0.397157,1314.4,5170.9,0.233968,0.0705159,0.695516,0.0904762,0.192857,0.716667
Prioritize ave. wealth,gov_hcabs16_cats4,equal_21,hcabs_c8020,taxpay_c8020,197.868,0.38561,1421.68,5379.03,0.262143,0.064246,0.673611,0.106349,0.15873,0.734921
Prioritize ave. wealth,gov_hcabs16_cats4,equal_21,hcabs_c8020,taxpay_c8020,251.913,0.316093,1510.83,6549.09,0.255,0.0215873,0.723413,0.138095,0.116667,0.745238
Prioritize ave. wealth,gov_hcabs16_cats4,equal_21,hcabs_c8020,taxpay_c8020,223.167,0.347733,1364.63,5827.97,0.273095,0.0397619,0.687143,0.12381,0.11746,0.75873
Prioritize ave. wealth,gov_hcabs16_cats4,equal_21,hcabs_c8020,taxpay_c8020,220.338,0.405137,1411.67,5818.44,0.265556,0.0469048,0.68754,0.107143,0.157143,0.735714
Prioritize ave. wealth,gov_hcabs16_cats4,equal_21,hcabs_c8020,taxpay_c8020,216.813,0.346536,1316.15,5652.41,0.273968,0.0164683,0.709563,0.0793651,0.213492,0.707143
Prioritize ave. wealth,gov_hcabs16_cats4,equal_21,hcabs_c8020,taxpay_c8020,198.5,0.347195,1224.41,5194.4,0.31373,0.0251984,0.661071,0.0777778,0.180952,0.74127
Prioritize ave. wealth,gov_hcabs16_cats4,equal_21,hcabs_c8020,taxpay_c8020,225.661,0.340159,1382.83,5896.04,0.237063,0.0658333,0.697103,0.109524,0.139683,0.750794
Prioritize ave. wealth,gov_hcabs16_cats4,equal_21,hcabs_c8020,taxpay_c8020,254.343,0.313199,1575.26,6662.12,0.246151,0.0169444,0.736905,0.130952,0.134127,0.734921
Prioritize ave. wealth,gov_hcabs16_cats4,equal_21,hcabs_c8020,taxpay_c8020,164.571,0.454439,1005.05,4296.47,0.327778,0.0538095,0.618413,0.0833333,0.196032,0.720635
Prioritize ave. wealth,gov_hcabs16_cats4,equal_21,hcabs_c8020,taxpay_c8020,235.62,0.330579,1407.58,6119.98,0.245952,0.0399603,0.714087,0.115873,0.154762,0.729365
Prioritize ave. wealth,gov_hcabs16_cats4,equal_21,hcabs_c8020,taxpay_c8020,220.894,0.415742,1328.91,5746.8,0.265714,0.0234921,0.710794,0.0904762,0.178571,0.730952
Prioritize ave. wealth,gov_hcabs16_cats4,equal_21,hcabs_c8020,taxpay_c8020,238.629,0.342666,1584.48,6357.07,0.239841,0.0227778,0.737381,0.130952,0.152381,0.716667
Prioritize ave. wealth,gov_hcabs16_cats4,equal_21,hcabs_c8020,taxpay_c8020,230.105,0.344846,1428.54,6030.64,0.264127,0.0190476,0.716825,0.105556,0.169841,0.724603
Prioritize ave. wealth,gov_hcabs16_cats4,equal_21,hcabs_c8020,taxpay_c8020,219.91,0.371223,1337.14,5735.34,0.248175,0.0719048,0.679921,0.121429,0.116667,0.761905
Prioritize ave. wealth,gov_hcabs16_cats4,equal_21,hcabs_c8020,taxpay_c8020,194.489,0.320919,1216.18,5105.96,0.254246,0.0725,0.673254,0.0793651,0.188889,0.731746
Prioritize ave. wealth,gov_hcabs16_cats4,equal_21,hcabs_c8020,taxpay_c8020,195.713,0.302626,1265.37,5179.63,0.242937,0.0617857,0.695278,0.0912698,0.177778,0.730952
Prioritize ave. wealth,gov_hcabs16_cats4,equal_21,hcabs_c8020,taxpay_c8020,196.13,0.360624,1531.22,5453.83,0.245119,0.0661111,0.68877,0.0968254,0.189683,0.713492
Prioritize ave. wealth,gov_hcabs16_cats4,equal_21,hcabs_c8020,taxpay_c8020,182.412,0.431665,1168.46,4816.7,0.279563,0.0529762,0.66746,0.0698413,0.179365,0.750794
Prioritize ave. wealth,gov_hcabs16_cats4,equal_21,hcabs_c8020,taxpay_c8020,194.139,0.347994,1213.29,5096.06,0.266905,0.0375,0.695595,0.0730159,0.204762,0.722222
Prioritize ave. wealth,gov_hcabs16_cats4,equal_21,hcabs_c8020,taxpay_c8020,201.566,0.473331,1232.5,5263.82,0.292222,0.0349603,0.672817,0.103968,0.188095,0.707937
Prioritize ave. wealth,gov_hcabs16_cats4,equal_21,hcabs_c8020,taxpay_c8020,231.397,0.341219,1510.01,6137.96,0.287302,0.0200794,0.692619,0.137302,0.124603,0.738095
Prioritize ave. wealth,gov_hcabs16_cats4,equal_21,hcabs_c8020,taxpay_c8020,218.676,0.407769,1470.88,5844.4,0.223571,0.0571032,0.719325,0.119048,0.142063,0.738889
Prioritize ave. wealth,gov_hcabs16_cats4,equal_21,hcabs_c8020,taxpay_c8020,234.95,0.341403,1553.47,6252.48,0.187738,0.0786111,0.733651,0.113492,0.170635,0.715873
Prioritize ave. wealth,gov_hcabs16_cats4,equal_21,hcabs_c8020,taxpay_c8020,208.558,0.434371,1297.97,5469.13,0.273095,0.0478968,0.679008,0.129365,0.149206,0.721429
Prioritize ave. wealth,gov_hcabs16_cats4,equal_21,hcabs_c8020,taxpay_c8020,240.355,0.303876,1462.37,6269.48,0.246151,0.0185714,0.735278,0.13254,0.147619,0.719841
Prioritize ave. wealth,gov_hcabs16_cats4,equal_21,hcabs_c8020,taxpay_c8020,166.488,0.404521,1216.58,4546.34,0.27123,0.0563492,0.672421,0.0690476,0.25,0.680952
Prioritize ave. wealth,gov_hcabs16_cats4,equal_21,hcabs_c8020,taxpay_c8020,198.701,0.378675,1357.54,5331.57,0.299246,0.0273016,0.673452,0.0873016,0.180952,0.731746
Prioritize ave. wealth,gov_hcabs16_cats4,equal_21,hcabs_c8020,taxpay_c8020,228.231,0.403152,1504.71,6069.33,0.248294,0.0480556,0.703651,0.113492,0.157937,0.728571
Prioritize ave. wealth,gov_hcabs16_cats4,equal_21,hcabs_c8020,taxpay_c8020,222.3,0.33242,1360.68,5806.68,0.244921,0.0517857,0.703294,0.0984127,0.169841,0.731746
Prioritize ave. wealth,gov_hcabs16_cats4,equal_21,hcabs_c8020,taxpay_c8020,172.233,0.403302,1167.66,4612.31,0.26504,0.0552778,0.679683,0.0888889,0.209524,0.701587
Prioritize ave. wealth,gov_hcabs16_cats4,equal_21,hcabs_c8020,taxpay_c8020,238.494,0.346761,1450.21,6220.09,0.272976,0.0234921,0.703532,0.107937,0.154762,0.737302
Prioritize ave. wealth,gov_hcabs16_cats4,equal_21,hcabs_c8020,taxpay_c8020,187.46,0.422772,1164.67,4913.87,0.250913,0.0827381,0.666349,0.0746032,0.189683,0.735714
Prioritize ave. wealth,gov_hcabs16_cats4,equal_21,hcabs_c8020,taxpay_c8020,215.666,0.436959,1284.76,5598.09,0.249246,0.0428175,0.707937,0.0944444,0.152381,0.753175
Prioritize ave. wealth,gov_hcabs16_cats4,equal_21,hcabs_c8020,taxpay_c8020,199.368,0.391113,1353.15,5340.5,0.321984,0.0149603,0.663056,0.0706349,0.227778,0.701587
Prioritize ave. wealth,gov_hcabs16_cats4,equal_21,hcabs_c8020,taxpay_c8020,189.008,0.438638,1242.22,5022.38,0.252421,0.0651984,0.682381,0.103175,0.150794,0.746032
Prioritize ave. wealth,gov_hcabs16_cats4,equal_21,hcabs_c8020,taxpay_c8020,228.662,0.364681,1386.25,5959.49,0.309167,0.0218651,0.668968,0.109524,0.153175,0.737302
Prioritize ave. wealth,gov_hcabs16_cats4,equal_21,hcabs_c8020,taxpay_c8020,219.78,0.386511,1532.04,5927.63,0.246984,0.0461905,0.706825,0.119048,0.138889,0.742063
Prioritize ave. wealth,gov_hcabs16_cats4,equal_21,hcabs_c8020,taxpay_c8020,218.838,0.319393,1379.56,5756.32,0.244603,0.0519444,0.703452,0.0849206,0.185714,0.729365
Prioritize ave. wealth,gov_hcabs16_cats4,equal_21,hcabs_c8020,taxpay_c8020,206.83,0.35076,1328.15,5464.76,0.247857,0.060119,0.692024,0.0507937,0.227778,0.721429
Prioritize ave. wealth,gov_hcabs16_cats4,equal_21,hcabs_c8020,taxpay_c8020,237.838,0.348543,1483.8,6240.57,0.26246,0.0307937,0.706746,0.12619,0.129365,0.744444
Prioritize ave. wealth,gov_hcabs16_cats4,equal_21,hcabs_c8020,taxpay_c8020,212.76,0.35099,1352.86,5608.05,0.284841,0.0360714,0.679087,0.102381,0.162698,0.734921
Prioritize ave. wealth,gov_hcabs16_cats4,equal_21,hcabs_c8020,taxpay_c8020,238.27,0.370646,1475.44,6240.84,0.250079,0.0453968,0.704524,0.148413,0.130159,0.721429
Prioritize ave. wealth,gov_hcabs16_cats4,equal_21,hcabs_c8020,taxpay_c8020,189.723,0.407874,1159.22,4953.68,0.193413,0.139048,0.66754,0.103175,0.180159,0.716667
Prioritize ave. wealth,gov_hcabs16_cats4,equal_21,hcabs_c8020,taxpay_c8020,252.729,0.310725,1593.29,6647.87,0.220198,0.0306349,0.749167,0.142063,0.125397,0.73254
Prioritize ave. wealth,gov_hcabs16_cats4,equal_21,hcabs_c8020,taxpay_c8020,159.5,0.455849,1324.89,4514.89,0.33127,0.0479365,0.620794,0.0515873,0.242857,0.705556
None,hcabs16_cats4,equal_20,hcabs_cnone,taxpay_cnone,64.6605,0.603255,NaN,1293.21,0.273292,0.224583,0.502125,NaN,NaN,NaN
None,hcabs16_cats4,equal_20,hcabs_cnone,taxpay_cnone,93.8982,0.267178,NaN,1877.96,0.362833,0.0939167,0.54325,NaN,NaN,NaN
None,hcabs16_cats4,equal_20,hcabs_cnone,taxpay_cnone,101.802,0.249205,NaN,2036.04,0.37,0.0765417,0.553458,NaN,NaN,NaN
None,hcabs16_cats4,equal_20,hcabs_cnone,taxpay_cnone,101.343,0.257689,NaN,2026.85,0.366542,0.0896667,0.543792,NaN,NaN,NaN
None,hcabs16_cats4,equal_20,hcabs_cnone,taxpay_cnone,71.2475,0.521254,NaN,1424.95,0.253667,0.21525,0.531083,NaN,NaN,NaN
None,hcabs16_cats4,equal_20,hcabs_cnone,taxpay_cnone,80.1935,0.345407,NaN,1603.87,0.338875,0.119625,0.5415,NaN,NaN,NaN
None,hcabs16_cats4,equal_20,hcabs_cnone,taxpay_cnone,75.3423,0.477803,NaN,1506.85,0.445083,0.0954167,0.4595,NaN,NaN,NaN
None,hcabs16_cats4,equal_20,hcabs_cnone,taxpay_cnone,101.242,0.366128,NaN,2024.83,0.314208,0.07375,0.612042,NaN,NaN,NaN
None,hcabs16_cats4,equal_20,hcabs_cnone,taxpay_cnone,88.2574,0.363984,NaN,1765.15,0.383875,0.0857917,0.530333,NaN,NaN,NaN
None,hcabs16_cats4,equal_20,hcabs_cnone,taxpay_cnone,149.118,0.517,NaN,2982.36,0.22225,0.19525,0.5825,NaN,NaN,NaN
None,hcabs16_cats4,equal_20,hcabs_cnone,taxpay_cnone,90.3467,0.362126,NaN,1806.93,0.415792,0.0870833,0.497125,NaN,NaN,NaN
None,hcabs16_cats4,equal_20,hcabs_cnone,taxpay_cnone,69.208,0.3953,NaN,1384.16,0.258083,0.150375,0.591542,NaN,NaN,NaN
None,hcabs16_cats4,equal_20,hcabs_cnone,taxpay_cnone,87.6367,0.344623,NaN,1752.73,0.438083,0.0721667,0.48975,NaN,NaN,NaN
None,hcabs16_cats4,equal_20,hcabs_cnone,taxpay_cnone,85.0425,0.647941,NaN,1700.85,0.319875,0.218,0.462125,NaN,NaN,NaN
None,hcabs16_cats4,equal_20,hcabs_cnone,taxpay_cnone,86.9149,0.312965,NaN,1738.3,0.340375,0.0986667,0.560958,NaN,NaN,NaN
None,hcabs16_cats4,equal_20,hcabs_cnone,taxpay_cnone,83.3731,0.406287,NaN,1667.46,0.413,0.077125,0.509875,NaN,NaN,NaN
None,hcabs16_cats4,equal_20,hcabs_cnone,taxpay_cnone,102.726,0.696472,NaN,2054.52,0.347167,0.192292,0.460542,NaN,NaN,NaN
None,hcabs16_cats4,equal_20,hcabs_cnone,taxpay_cnone,66.8901,0.376655,NaN,1337.8,0.268583,0.184125,0.547292,NaN,NaN,NaN
None,hcabs16_cats4,equal_20,hcabs_cnone,taxpay_cnone,113.095,0.609731,NaN,2261.9,0.277167,0.196,0.526833,NaN,NaN,NaN
None,hcabs16_cats4,equal_20,hcabs_cnone,taxpay_cnone,65.51,0.617378,NaN,1310.2,0.414333,0.1005,0.485167,NaN,NaN,NaN
None,hcabs16_cats4,equal_20,hcabs_cnone,taxpay_cnone,98.7344,0.620775,NaN,1974.69,0.199917,0.232792,0.567292,NaN,NaN,NaN
None,hcabs16_cats4,equal_20,hcabs_cnone,taxpay_cnone,71.2744,0.469272,NaN,1425.49,0.445042,0.0883333,0.466625,NaN,NaN,NaN
None,hcabs16_cats4,equal_20,hcabs_cnone,taxpay_cnone,102.539,0.506925,NaN,2050.78,0.245833,0.199375,0.554792,NaN,NaN,NaN
None,hcabs16_cats4,equal_20,hcabs_cnone,taxpay_cnone,82.006,0.460427,NaN,1640.12,0.295542,0.114792,0.589667,NaN,NaN,NaN
None,hcabs16_cats4,equal_20,hcabs_cnone,taxpay_cnone,102.256,0.330537,NaN,2045.12,0.323333,0.0861667,0.5905,NaN,NaN,NaN
None,hcabs16_cats4,equal_20,hcabs_cnone,taxpay_cnone,79.2443,0.349182,NaN,1584.89,0.276292,0.123875,0.599833,NaN,NaN,NaN
None,hcabs16_cats4,equal_20,hcabs_cnone,taxpay_cnone,71.8046,0.637074,NaN,1436.09,0.264958,0.21125,0.523792,NaN,NaN,NaN
None,hcabs16_cats4,equal_20,hcabs_cnone,taxpay_cnone,65.9941,0.31482,NaN,1319.88,0.337708,0.158458,0.503833,NaN,NaN,NaN
None,hcabs16_cats4,equal_20,hcabs_cnone,taxpay_cnone,99.4253,0.542781,NaN,1988.51,0.258792,0.189125,0.552083,NaN,NaN,NaN
None,hcabs16_cats4,equal_20,hcabs_cnone,taxpay_cnone,83.522,0.35836,NaN,1670.44,0.392667,0.094,0.513333,NaN,NaN,NaN
None,hcabs16_cats4,equal_20,hcabs_cnone,taxpay_cnone,83.1013,0.352455,NaN,1662.03,0.311167,0.126958,0.561875,NaN,NaN,NaN
None,hcabs16_cats4,equal_20,hcabs_cnone,taxpay_cnone,84.802,0.390099,NaN,1696.04,0.321042,0.118292,0.560667,NaN,NaN,NaN
None,hcabs16_cats4,equal_20,hcabs_cnone,taxpay_cnone,83.7026,0.27559,NaN,1674.05,0.335292,0.110583,0.554125,NaN,NaN,NaN
None,hcabs16_cats4,equal_20,hcabs_cnone,taxpay_cnone,93.5345,0.300995,NaN,1870.69,0.318667,0.101917,0.579417,NaN,NaN,NaN
None,hcabs16_cats4,equal_20,hcabs_cnone,taxpay_cnone,133.887,0.57515,NaN,2677.75,0.252125,0.210708,0.537167,NaN,NaN,NaN
None,hcabs16_cats4,equal_20,hcabs_cnone,taxpay_cnone,94.8628,0.351218,NaN,1897.26,0.305792,0.0964167,0.597792,NaN,NaN,NaN
None,hcabs16_cats4,equal_20,hcabs_cnone,taxpay_cnone,137.714,0.574997,NaN,2754.28,0.228125,0.216417,0.555458,NaN,NaN,NaN
None,hcabs16_cats4,equal_20,hcabs_cnone,taxpay_cnone,114.135,0.616567,NaN,2282.7,0.245958,0.221917,0.532125,NaN,NaN,NaN
None,hcabs16_cats4,equal_20,hcabs_cnone,taxpay_cnone,68.9948,0.389436,NaN,1379.9,0.352833,0.108333,0.538833,NaN,NaN,NaN
None,hcabs16_cats4,equal_20,hcabs_cnone,taxpay_cnone,83.9459,0.232708,NaN,1678.92,0.288625,0.146708,0.564667,NaN,NaN,NaN
None,hcabs16_cats4,equal_20,hcabs_cnone,taxpay_cnone,99.8857,0.608128,NaN,1997.71,0.26225,0.193083,0.544667,NaN,NaN,NaN
None,hcabs16_cats4,equal_20,hcabs_cnone,taxpay_cnone,80.7776,0.399167,NaN,1615.55,0.39825,0.108208,0.493542,NaN,NaN,NaN
None,hcabs16_cats4,equal_20,hcabs_cnone,taxpay_cnone,90.9182,0.56877,NaN,1818.36,0.238417,0.215583,0.546,NaN,NaN,NaN
None,hcabs16_cats4,equal_20,hcabs_cnone,taxpay_cnone,134.147,0.589286,NaN,2682.93,0.232833,0.182333,0.584833,NaN,NaN,NaN
None,hcabs16_cats4,equal_20,hcabs_cnone,taxpay_cnone,52.545,0.586415,NaN,1050.9,0.32225,0.14775,0.53,NaN,NaN,NaN
None,hcabs16_cats4,equal_20,hcabs_cnone,taxpay_cnone,177.747,0.525918,NaN,3554.93,0.192167,0.208208,0.599625,NaN,NaN,NaN
None,hcabs16_cats4,equal_20,hcabs_cnone,taxpay_cnone,99.1201,0.572435,NaN,1982.4,0.237875,0.211375,0.55075,NaN,NaN,NaN
None,hcabs16_cats4,equal_20,hcabs_cnone,taxpay_cnone,97.3741,0.353436,NaN,1947.48,0.297167,0.104875,0.597958,NaN,NaN,NaN
None,hcabs16_cats4,equal_20,hcabs_cnone,taxpay_cnone,148.944,0.533658,NaN,2978.87,0.269917,0.173583,0.5565,NaN,NaN,NaN
None,hcabs16_cats4,equal_20,hcabs_cnone,taxpay_cnone,58.0064,0.432185,NaN,1160.13,0.423125,0.14375,0.433125,NaN,NaN,NaN
None,hcabs16_cats4,equal_20,hcabs_cnone,taxpay_cnone,68.5223,0.529502,NaN,1370.45,0.222125,0.214125,0.56375,NaN,NaN,NaN
None,hcabs16_cats4,equal_20,hcabs_cnone,taxpay_cnone,95.9471,0.357012,NaN,1918.94,0.302708,0.104042,0.59325,NaN,NaN,NaN
None,hcabs16_cats4,equal_20,hcabs_cnone,taxpay_cnone,84.107,0.388859,NaN,1682.14,0.369958,0.104125,0.525917,NaN,NaN,NaN
None,hcabs16_cats4,equal_20,hcabs_cnone,taxpay_cnone,93.1994,0.324044,NaN,1863.99,0.313917,0.0937083,0.592375,NaN,NaN,NaN
None,hcabs16_cats4,equal_20,hcabs_cnone,taxpay_cnone,71.1075,0.465106,NaN,1422.15,0.362375,0.110917,0.526708,NaN,NaN,NaN
None,hcabs16_cats4,equal_20,hcabs_cnone,taxpay_cnone,75.9457,0.455156,NaN,1518.91,0.325167,0.115625,0.559208,NaN,NaN,NaN
None,hcabs16_cats4,equal_20,hcabs_cnone,taxpay_cnone,82.6169,0.30621,NaN,1652.34,0.323333,0.129125,0.547542,NaN,NaN,NaN
None,hcabs16_cats4,equal_20,hcabs_cnone,taxpay_cnone,68.3968,0.456391,NaN,1367.94,0.324458,0.154083,0.521458,NaN,NaN,NaN
None,hcabs16_cats4,equal_20,hcabs_cnone,taxpay_cnone,91.8544,0.372909,NaN,1837.09,0.317917,0.082,0.600083,NaN,NaN,NaN
None,hcabs16_cats4,equal_20,hcabs_cnone,taxpay_cnone,71.8204,0.462409,NaN,1436.41,0.312042,0.13,0.557958,NaN,NaN,NaN
None,hcabs16_cats4,equal_20,hcabs_cnone,taxpay_cnone,88.9711,0.31155,NaN,1779.42,0.366708,0.108375,0.524917,NaN,NaN,NaN
None,hcabs16_cats4,equal_20,hcabs_cnone,taxpay_cnone,98.3054,0.654356,NaN,1966.11,0.240708,0.223292,0.536,NaN,NaN,NaN
None,hcabs16_cats4,equal_20,hcabs_cnone,taxpay_cnone,61.7704,0.565498,NaN,1235.41,0.488833,0.0964167,0.41475,NaN,NaN,NaN
None,hcabs16_cats4,equal_20,hcabs_cnone,taxpay_cnone,49.3758,0.497204,NaN,987.517,0.271708,0.191875,0.536417,NaN,NaN,NaN
None,hcabs16_cats4,equal_20,hcabs_cnone,taxpay_cnone,86.4712,0.407078,NaN,1729.42,0.334458,0.108292,0.55725,NaN,NaN,NaN
None,hcabs16_cats4,equal_20,hcabs_cnone,taxpay_cnone,76.4853,0.456642,NaN,1529.71,0.345708,0.104375,0.549917,NaN,NaN,NaN
None,hcabs16_cats4,equal_20,hcabs_cnone,taxpay_cnone,96.4138,0.337653,NaN,1928.28,0.275875,0.095375,0.62875,NaN,NaN,NaN
None,hcabs16_cats4,equal_20,hcabs_cnone,taxpay_cnone,96.0317,0.348769,NaN,1920.63,0.316417,0.0845,0.599083,NaN,NaN,NaN
None,hcabs16_cats4,equal_20,hcabs_cnone,taxpay_cnone,90.5902,0.298912,NaN,1811.8,0.43,0.0759583,0.494042,NaN,NaN,NaN
None,hcabs16_cats4,equal_20,hcabs_cnone,taxpay_cnone,97.0346,0.311626,NaN,1940.69,0.362292,0.0800417,0.557667,NaN,NaN,NaN
None,hcabs16_cats4,equal_20,hcabs_cnone,taxpay_cnone,74.3616,0.360136,NaN,1487.23,0.36125,0.106042,0.532708,NaN,NaN,NaN
None,hcabs16_cats4,equal_20,hcabs_cnone,taxpay_cnone,116.233,0.268843,NaN,2324.66,0.285542,0.07975,0.634708,NaN,NaN,NaN
None,hcabs16_cats4,equal_20,hcabs_cnone,taxpay_cnone,58.8655,0.693763,NaN,1177.31,0.317458,0.222833,0.459708,NaN,NaN,NaN
None,hcabs16_cats4,equal_20,hcabs_cnone,taxpay_cnone,91.393,0.407688,NaN,1827.86,0.411458,0.07275,0.515792,NaN,NaN,NaN
None,hcabs16_cats4,equal_20,hcabs_cnone,taxpay_cnone,83.891,0.372999,NaN,1677.82,0.335625,0.11625,0.548125,NaN,NaN,NaN
None,hcabs16_cats4,equal_20,hcabs_cnone,taxpay_cnone,74.6869,0.49663,NaN,1493.74,0.267,0.144917,0.588083,NaN,NaN,NaN
None,hcabs16_cats4,equal_20,hcabs_cnone,taxpay_cnone,98.7255,0.279758,NaN,1974.51,0.327917,0.080875,0.591208,NaN,NaN,NaN
None,hcabs16_cats4,equal_20,hcabs_cnone,taxpay_cnone,66.645,0.606726,NaN,1332.9,0.187875,0.230208,0.581917,NaN,NaN,NaN
None,hcabs16_cats4,equal_20,hcabs_cnone,taxpay_cnone,97.6727,0.28336,NaN,1953.45,0.329375,0.0803333,0.590292,NaN,NaN,NaN
None,hcabs16_cats4,equal_20,hcabs_cnone,taxpay_cnone,59.8921,0.42473,NaN,1197.84,0.302667,0.175417,0.521917,NaN,NaN,NaN
None,hcabs16_cats4,equal_20,hcabs_cnone,taxpay_cnone,87.1886,0.330436,NaN,1743.77,0.3625,0.091625,0.545875,NaN,NaN,NaN
None,hcabs16_cats4,equal_20,hcabs_cnone,taxpay_cnone,104.893,0.572393,NaN,2097.85,0.264,0.209667,0.526333,NaN,NaN,NaN
None,hcabs16_cats4,equal_20,hcabs_cnone,taxpay_cnone,86.111,0.329847,NaN,1722.22,0.35025,0.0992917,0.550458,NaN,NaN,NaN
None,hcabs16_cats4,equal_20,hcabs_cnone,taxpay_cnone,71.254,0.387112,NaN,1425.08,0.3275,0.127583,0.544917,NaN,NaN,NaN
None,hcabs16_cats4,equal_20,hcabs_cnone,taxpay_cnone,125.554,0.599225,NaN,2511.08,0.253708,0.209167,0.537125,NaN,NaN,NaN
None,hcabs16_cats4,equal_20,hcabs_cnone,taxpay_cnone,88.7516,0.436708,NaN,1775.03,0.300625,0.0987917,0.600583,NaN,NaN,NaN
None,hcabs16_cats4,equal_20,hcabs_cnone,taxpay_cnone,104.834,0.607524,NaN,2096.68,0.282,0.202792,0.515208,NaN,NaN,NaN
None,hcabs16_cats4,equal_20,hcabs_cnone,taxpay_cnone,74.9832,0.458181,NaN,1499.66,0.35825,0.123417,0.518333,NaN,NaN,NaN
None,hcabs16_cats4,equal_20,hcabs_cnone,taxpay_cnone,81.0801,0.472552,NaN,1621.6,0.367583,0.0862917,0.546125,NaN,NaN,NaN
None,hcabs16_cats4,equal_20,hcabs_cnone,taxpay_cnone,146.87,0.583456,NaN,2937.39,0.208375,0.241417,0.550208,NaN,NaN,NaN
None,hcabs16_cats4,equal_20,hcabs_cnone,taxpay_cnone,83.9735,0.546227,NaN,1679.47,0.366042,0.188083,0.445875,NaN,NaN,NaN
None,hcabs16_cats4,equal_20,hcabs_cnone,taxpay_cnone,39.4701,0.452273,NaN,789.403,0.267583,0.233,0.499417,NaN,NaN,NaN
None,hcabs16_cats4,equal_20,hcabs_cnone,taxpay_cnone,75.4559,0.521518,NaN,1509.12,0.42125,0.105875,0.472875,NaN,NaN,NaN
None,hcabs16_cats4,equal_20,hcabs_cnone,taxpay_cnone,112.28,0.576186,NaN,2245.6,0.215792,0.192833,0.591375,NaN,NaN,NaN
None,hcabs16_cats4,equal_20,hcabs_cnone,taxpay_cnone,173.206,0.534621,NaN,3464.12,0.240833,0.189375,0.569792,NaN,NaN,NaN
None,hcabs16_cats4,equal_20,hcabs_cnone,taxpay_cnone,66.6736,0.386139,NaN,1333.47,0.348458,0.172542,0.479,NaN,NaN,NaN
None,hcabs16_cats4,equal_20,hcabs_cnone,taxpay_cnone,64.8324,0.550287,NaN,1296.65,0.306042,0.139542,0.554417,NaN,NaN,NaN
None,hcabs16_cats4,equal_20,hcabs_cnone,taxpay_cnone,81.3075,0.392775,NaN,1626.15,0.299708,0.0970417,0.60325,NaN,NaN,NaN
None,hcabs16_cats4,equal_20,hcabs_cnone,taxpay_cnone,82.2212,0.440581,NaN,1644.42,0.279417,0.113583,0.607,NaN,NaN,NaN
None,hcabs16_cats4,equal_20,hcabs_cnone,taxpay_cnone,76.1117,0.349491,NaN,1522.23,0.271458,0.160917,0.567625,NaN,NaN,NaN
