none,p0,0.49173
none,p1,2.23562
none,p2,0.00740824
none,p3,1.14487
none,p4,3.49454
none,p5,0.0827354
none,p6,0.551201
none,p7,0.637788
none,p8,1.21308
none,p9,0.998697
none,p10,0
none,p11,0.0143495
none,p12,502.606
none,p13,3.4284e-14
none,p14,153.833
none,p15,4.21678
none,p16,162.081
none,p17,351.74
none,p18,982.128
none,p19,898.631
none,p0,0.999745
none,p1,0.399378
none,p2,1.77939
none,p3,1.61607
none,p4,0.265446
none,p5,1.65718
none,p6,0.0400895
none,p7,1.43886
none,p8,0.899073
none,p9,2.87467
none,p10,172.567
none,p11,9.15544e-15
none,p12,345.177
none,p13,7.52436e-17
none,p14,5.52083
none,p15,41.8486
none,p16,1298.74
none,p17,840.594
none,p18,1315.17
none,p19,496.345
none,p0,0.744976
none,p1,1.56125e-17
none,p2,7.89733e-16
none,p3,0.251807
none,p4,0
none,p5,0.0894586
none,p6,0.24198
none,p7,4.52409
none,p8,55.3989
none,p9,0.102869
none,p10,239.385
none,p11,189.332
none,p12,507.668
none,p13,538.503
none,p14,592.58
none,p15,806.13
none,p16,0
none,p17,992.107
none,p18,361.985
none,p19,1562.04
none,p0,0.345906
none,p1,1.52656e-16
none,p2,0.309028
none,p3,5.81787
none,p4,4.36499
none,p5,2.12235
none,p6,1.52723
none,p7,0.134626
none,p8,1.33763
none,p9,278.259
none,p10,0
none,p11,1.33402
none,p12,369.839
none,p13,244.501
none,p14,0.0129462
none,p15,267.007
none,p16,207.78
none,p17,519.952
none,p18,1456.41
none,p19,791.249
none,p0,1.54369e-15
none,p1,4.13319
none,p2,0
none,p3,8.79545
none,p4,4.29778e-16
none,p5,2.6288
none,p6,4.25726
none,p7,0.693784
none,p8,10.2298
none,p9,6.4328
none,p10,79.6992
none,p11,46.8369
none,p12,6.53443
none,p13,510.018
none,p14,519.317
none,p15,978.862
none,p16,669.328
none,p17,627.536
none,p18,1113.09
none,p19,1485.41
none,p0,0.435345
none,p1,1.54109
none,p2,1.50745
none,p3,5.09141e-16
none,p4,4.85289e-16
none,p5,2.35611
none,p6,0.302684
none,p7,0.455773
none,p8,5.06539e-16
none,p9,0.719052
none,p10,50.7334
none,p11,5.1608e-17
none,p12,529.716
none,p13,421.207
none,p14,472.522
none,p15,1164.98
none,p16,372.423
none,p17,293.91
none,p18,1577.88
none,p19,2172.85
none,p0,18.2079
none,p1,0.00575893
none,p2,12.7935
none,p3,18.6209
none,p4,4.55358
none,p5,0.0217684
none,p6,75.857
none,p7,144.958
none,p8,3.95618
none,p9,58.24
none,p10,161.427
none,p11,7.27017
none,p12,404.658
none,p13,394.669
none,p14,723.834
none,p15,824.535
none,p16,223.657
none,p17,1068.33
none,p18,1011.01
none,p19,2239.96
none,p0,0.331211
none,p1,21.3939
none,p2,1.89519e-16
none,p3,1.56906e-15
none,p4,30.2251
none,p5,0.109466
none,p6,77.4363
none,p7,0
none,p8,254.783
none,p9,32.1232
none,p10,0.501343
none,p11,207.024
none,p12,130.042
none,p13,354.988
none,p14,467.07
none,p15,418.449
none,p16,186.526
none,p17,507.015
none,p18,1254.76
none,p19,1326.63
none,p0,1.24683e-16
none,p1,9.59302e-16
none,p2,0.634901
none,p3,2.60209e-18
none,p4,0.158751
none,p5,18.6403
none,p6,2.797e-14
none,p7,1.4507
none,p8,196.122
none,p9,258.476
none,p10,24.0829
none,p11,3.75771e-14
none,p12,448.175
none,p13,2.91554
none,p14,580.454
none,p15,836.724
none,p16,786.804
none,p17,512.138
none,p18,739.849
none,p19,1751.12
none,p0,0.108569
none,p1,2.38018
none,p2,12.7438
none,p3,10.3018
none,p4,0.902655
none,p5,18.1249
none,p6,21.665
none,p7,11.5861
none,p8,1.70695
none,p9,1.00657
none,p10,0.313905
none,p11,243.086
none,p12,0
none,p13,37.4945
none,p14,7.62749
none,p15,0.401476
none,p16,10.3674
none,p17,1590.42
none,p18,1060.55
none,p19,91.5597
none,p0,4.34291
none,p1,5.47907
none,p2,8.5958
none,p3,0.0570652
none,p4,4.14441
none,p5,1.65581
none,p6,0
none,p7,2.23407
none,p8,11.4426
none,p9,251.483
none,p10,156.588
none,p11,4.96575
none,p12,500.891
none,p13,417.692
none,p14,120.531
none,p15,796.412
none,p16,918.077
none,p17,1040.67
none,p18,1002.79
none,p19,1672.86
none,p0,12.994
none,p1,0.417718
none,p2,41.5364
none,p3,3.11289
none,p4,9.93307
none,p5,32.7113
none,p6,32.1821
none,p7,63.6102
none,p8,94.1663
none,p9,119.483
none,p10,130.759
none,p11,196.106
none,p12,351.124
none,p13,335.934
none,p14,516.353
none,p15,341.793
none,p16,419.67
none,p17,1307.17
none,p18,1254.86
none,p19,1357.13
none,p0,0.524095
none,p1,1.21412
none,p2,5.62856
none,p3,24.3826
none,p4,51.524
none,p5,12.5279
none,p6,23.5077
none,p7,66.7081
none,p8,93.2199
none,p9,0
none,p10,231.485
none,p11,147.632
none,p12,251.548
none,p13,257.006
none,p14,477.438
none,p15,674.466
none,p16,504.149
none,p17,844.775
none,p18,587.736
none,p19,1379.68
none,p0,32.5547
none,p1,0.548494
none,p2,6.43815
none,p3,45.8379
none,p4,1.4215
none,p5,8.3931
none,p6,4.8065
none,p7,9.94345
none,p8,11.0602
none,p9,1.62817
none,p10,0
none,p11,7.56239
none,p12,1.96154
none,p13,0.939006
none,p14,529.237
none,p15,912.059
none,p16,11.1637
none,p17,1076.67
none,p18,1559.32
none,p19,406.304
none,p0,0.505824
none,p1,0.586364
none,p2,3.00541e-16
none,p3,0.302761
none,p4,8.63025e-17
none,p5,0.773446
none,p6,2.50164
none,p7,0.474813
none,p8,5.64427
none,p9,1.76964
none,p10,10.1901
none,p11,4.8997
none,p12,0.601027
none,p13,34.0846
none,p14,180.839
none,p15,130.337
none,p16,626.952
none,p17,102.849
none,p18,1526.64
none,p19,672.949
none,p0,1.15666
none,p1,52.965
none,p2,45.3766
none,p3,55.333
none,p4,9.17081
none,p5,27.6969
none,p6,15.579
none,p7,175.274
none,p8,65.6479
none,p9,283.708
none,p10,251.962
none,p11,216.168
none,p12,363.682
none,p13,536.974
none,p14,383.442
none,p15,564.38
none,p16,1141.56
none,p17,1077.65
none,p18,1161.47
none,p19,1520.33
none,p0,0
none,p1,0.604477
none,p2,1.39141
none,p3,1.63916
none,p4,47.0881
none,p5,22.3749
none,p6,2.94042
none,p7,59.2172
none,p8,202.119
none,p9,170.844
none,p10,156.482
none,p11,218.491
none,p12,423.009
none,p13,323.743
none,p14,439.18
none,p15,683.826
none,p16,730.385
none,p17,861.663
none,p18,1414.76
none,p19,876.151
none,p0,1.54069
none,p1,0
none,p2,4.21971e-16
none,p3,4.79832
none,p4,7.07333e-16
none,p5,0.547363
none,p6,4.72439
none,p7,11.4699
none,p8,1.12424
none,p9,19.4426
none,p10,204.987
none,p11,0
none,p12,185.546
none,p13,2.97288e-16
none,p14,25.0707
none,p15,828.162
none,p16,894.623
none,p17,1502.44
none,p18,1383.34
none,p19,2184.83
none,p0,6.58931
none,p1,5.376
none,p2,9.40943
none,p3,17.2496
none,p4,21.9125
none,p5,48.5441
none,p6,34.9884
none,p7,31.4955
none,p8,2.04627
none,p9,250.72
none,p10,206.571
none,p11,8.54088
none,p12,162.691
none,p13,0
none,p14,677.741
none,p15,468.734
none,p16,938.604
none,p17,1122.05
none,p18,663.507
none,p19,1686.11
none,p0,5.5085
none,p1,0.503083
none,p2,14.1005
none,p3,7.30587
none,p4,18.8776
none,p5,1.4969
none,p6,36.7573
none,p7,36.9122
none,p8,8.29197
none,p9,27.3604
none,p10,179.973
none,p11,364.297
none,p12,173.409
none,p13,5.86588
none,p14,393.449
none,p15,681.674
none,p16,92.3818
none,p17,1189.83
none,p18,1456.75
none,p19,1868.52
none,p0,3.21482
none,p1,2.60954
none,p2,0.549899
none,p3,4.04497
none,p4,0.959876
none,p5,2.11636e-16
none,p6,0.157985
none,p7,0.412755
none,p8,0.0961915
none,p9,5.89589e-16
none,p10,1.30321e-16
none,p11,0
none,p12,177.181
none,p13,13.2587
none,p14,482.583
none,p15,360.493
none,p16,885.253
none,p17,9.97739
none,p18,809.335
none,p19,1147.1
none,p0,0
none,p1,0.179205
none,p2,0.863361
none,p3,0.412526
none,p4,0
none,p5,0.549752
none,p6,52.2437
none,p7,44.9464
none,p8,238.185
none,p9,115.932
none,p10,117.86
none,p11,350.519
none,p12,322.207
none,p13,309.594
none,p14,458.941
none,p15,492.122
none,p16,597.007
none,p17,366.436
none,p18,1027.82
none,p19,608.941
none,p0,0.829747
none,p1,7.2338e-16
none,p2,2.82665
none,p3,1.92246
none,p4,1.31129
none,p5,0
none,p6,30.0101
none,p7,1.65592
none,p8,10.3593
none,p9,1.62348e-15
none,p10,171.552
none,p11,2.38524e-17
none,p12,60.3406
none,p13,218.014
none,p14,448.777
none,p15,541.726
none,p16,639.107
none,p17,1014.67
none,p18,1051.89
none,p19,719.428
none,p0,0.797852
none,p1,0
none,p2,3.25734
none,p3,8.318e-16
none,p4,6.24067e-16
none,p5,34.315
none,p6,36.8447
none,p7,0.910707
none,p8,148.27
none,p9,147.423
none,p10,212.373
none,p11,160.061
none,p12,576.058
none,p13,182.553
none,p14,1.28753
none,p15,688.498
none,p16,1183.57
none,p17,1310.17
none,p18,1107.42
none,p19,1438.84
none,p0,0.521363
none,p1,2.26314
none,p2,0.0153378
none,p3,1.35145
none,p4,0
none,p5,0
none,p6,1.21847
none,p7,138.232
none,p8,13.7597
none,p9,221.353
none,p10,5.49644
none,p11,190.379
none,p12,160.179
none,p13,193.123
none,p14,1036.86
none,p15,692.164
none,p16,1155.51
none,p17,96.8586
none,p18,796.85
none,p19,707.269
none,p0,17.5332
none,p1,18.9361
none,p2,49.2038
none,p3,0.0632426
none,p4,1.07856e-15
none,p5,1.57149
none,p6,33.8939
none,p7,30.6059
none,p8,4.0215
none,p9,258.444
none,p10,133.485
none,p11,372.176
none,p12,247.426
none,p13,592.418
none,p14,431.366
none,p15,783.019
none,p16,928.377
none,p17,829.45
none,p18,1263.98
none,p19,304.287
none,p0,0
none,p1,0
none,p2,72.7137
none,p3,2.31586e-16
none,p4,0.120076
none,p5,39.4924
none,p6,0.99853
none,p7,132.484
none,p8,136.904
none,p9,159.686
none,p10,156.321
none,p11,258.329
none,p12,241.009
none,p13,329.66
none,p14,427.887
none,p15,611.656
none,p16,609.166
none,p17,591.851
none,p18,1515.8
none,p19,1232.13
none,p0,0.543489
none,p1,2.52888
none,p2,0.343689
none,p3,0.365676
none,p4,11.7022
none,p5,5.86337e-16
none,p6,51.2342
none,p7,84.2617
none,p8,108.624
none,p9,343.763
none,p10,173.471
none,p11,231.2
none,p12,165.242
none,p13,4.08868
none,p14,171.88
none,p15,403.481
none,p16,1196.8
none,p17,574.014
none,p18,717.689
none,p19,2030.04
none,p0,31.3274
none,p1,7.11237e-17
none,p2,0
none,p3,3.48816
none,p4,5.09666
none,p5,9.01581
none,p6,3.18953
none,p7,39.1048
none,p8,172.557
none,p9,165.572
none,p10,302.358
none,p11,54.8698
none,p12,306.714
none,p13,256.011
none,p14,578.293
none,p15,821.259
none,p16,642.948
none,p17,971.692
none,p18,1174.85
none,p19,1390.54
none,p0,0.512961
none,p1,4.0234
none,p2,0.307094
none,p3,0.186889
none,p4,1.0734
none,p5,35.4932
none,p6,0.840967
none,p7,86.4066
none,p8,4.72784
none,p9,8.24561
none,p10,51.8918
none,p11,170.049
none,p12,455.968
none,p13,442.085
none,p14,1.64287
none,p15,861.341
none,p16,1171.7
none,p17,913.551
none,p18,1672.36
none,p19,2248.47
none,p0,14.5699
none,p1,0.118893
none,p2,1.94623
none,p3,1.82766
none,p4,1.70006
none,p5,0
none,p6,25.865
none,p7,1.67817
none,p8,4.38098
none,p9,3.37384
none,p10,1.56152
none,p11,85.0314
none,p12,337.602
none,p13,29.9452
none,p14,476.485
none,p15,729.835
none,p16,623.09
none,p17,1032.52
none,p18,390.93
none,p19,1249.47
none,p0,1.6464
none,p1,7.7774
none,p2,26.4599
none,p3,3.40912
none,p4,7.01063
none,p5,65.5248
none,p6,5.10154
none,p7,164.137
none,p8,82.2587
none,p9,107.621
none,p10,142.038
none,p11,206.605
none,p12,7.58266
none,p13,367.582
none,p14,494.947
none,p15,321.972
none,p16,575.772
none,p17,919.005
none,p18,256.903
none,p19,1297.26
none,p0,0.454301
none,p1,60.8279
none,p2,37.5271
none,p3,46.9073
none,p4,35.3292
none,p5,26.2656
none,p6,57.8812
none,p7,128.687
none,p8,183.068
none,p9,51.8883
none,p10,240.345
none,p11,189.189
none,p12,260.822
none,p13,230.148
none,p14,553.729
none,p15,361.694
none,p16,471.168
none,p17,0
none,p18,1185
none,p19,1253.11
none,p0,1.60319
none,p1,8.01613
none,p2,3.42174e-16
none,p3,58.6419
none,p4,7.40621
none,p5,0.327184
none,p6,15.0803
none,p7,40.2333
none,p8,256.903
none,p9,3.09153
none,p10,86.125
none,p11,0
none,p12,0
none,p13,477.088
none,p14,3.32078
none,p15,6.55787
none,p16,793.288
none,p17,820.794
none,p18,1919.4
none,p19,1934.07
none,p0,0.027829
none,p1,6.14232
none,p2,42.5992
none,p3,1.60538
none,p4,1.60609
none,p5,23.7156
none,p6,120.009
none,p7,107.381
none,p8,95.8826
none,p9,208.088
none,p10,197.992
none,p11,191.917
none,p12,285.649
none,p13,700.672
none,p14,206.094
none,p15,344.086
none,p16,845.345
none,p17,436.936
none,p18,1405.08
none,p19,1029.74
none,p0,4.14382e-16
none,p1,8.41186
none,p2,0.0147905
none,p3,47.7858
none,p4,0.0453768
none,p5,36.0348
none,p6,0.558345
none,p7,50.6098
none,p8,0.180642
none,p9,102.745
none,p10,162.468
none,p11,191.715
none,p12,279.749
none,p13,505.193
none,p14,236.338
none,p15,240.983
none,p16,649.7
none,p17,587.142
none,p18,1392.2
none,p19,1439.9
none,p0,0.884987
none,p1,2.37657e-16
none,p2,0.167932
none,p3,2.84886
none,p4,8.63025e-17
none,p5,0.787156
none,p6,0.369697
none,p7,1.25619
none,p8,0.952608
none,p9,250.443
none,p10,0
none,p11,202.965
none,p12,262.765
none,p13,387.241
none,p14,249.629
none,p15,462.905
none,p16,530.845
none,p17,1129.64
none,p18,43.6801
none,p19,1067.43
none,p0,0.585999
none,p1,0.084919
none,p2,0.320486
none,p3,0.740931
none,p4,1.88068
none,p5,2.60209e-16
none,p6,0.501456
none,p7,0.280095
none,p8,97.4465
none,p9,5.60959
none,p10,263.453
none,p11,238.364
none,p12,376.04
none,p13,139.081
none,p14,457.365
none,p15,500.725
none,p16,1158.72
none,p17,763.057
none,p18,113.161
none,p19,1884.48
none,p0,2.2549
none,p1,2.68663
none,p2,1.9249
none,p3,36.4141
none,p4,2.40604
none,p5,1.25763
none,p6,45.3559
none,p7,70.0633
none,p8,225.824
none,p9,202.209
none,p10,98.4392
none,p11,252.294
none,p12,243.098
none,p13,305.543
none,p14,535.631
none,p15,558.402
none,p16,959.906
none,p17,1032.21
none,p18,1109.37
none,p19,1461.3
none,p0,0
none,p1,1.10363
none,p2,3.33934e-17
none,p3,1.70792
none,p4,0.368999
none,p5,0.00218201
none,p6,0.141354
none,p7,0.721117
none,p8,1.61361
none,p9,1.74764
none,p10,1.99554
none,p11,5.60272e-15
none,p12,1.30698
none,p13,2.56732
none,p14,0
none,p15,2.28365
none,p16,0
none,p17,255.2
none,p18,391.172
none,p19,1251.99
none,p0,12.6448
none,p1,22.1143
none,p2,42.0593
none,p3,0.139906
none,p4,40.7654
none,p5,29.8518
none,p6,111.648
none,p7,112.955
none,p8,33.7603
none,p9,211.92
none,p10,279.41
none,p11,387.924
none,p12,299.762
none,p13,256.132
none,p14,319.286
none,p15,644.916
none,p16,554.73
none,p17,720.147
none,p18,958.895
none,p19,829.101
none,p0,1.12271
none,p1,6.81746e-16
none,p2,196.17
none,p3,20.9123
none,p4,0.305029
none,p5,49.9857
none,p6,8.81877
none,p7,97.4568
none,p8,8.39606e-16
none,p9,61.314
none,p10,175.561
none,p11,321.742
none,p12,571.329
none,p13,677.425
none,p14,563.007
none,p15,391.267
none,p16,691.222
none,p17,864.063
none,p18,350.556
none,p19,574.148
none,p0,0.0409301
none,p1,0.109363
none,p2,1.31332
none,p3,1.92521
none,p4,9.67108e-17
none,p5,2.37649
none,p6,0.290803
none,p7,1.04282
none,p8,0
none,p9,1.22695
none,p10,114.183
none,p11,0.374327
none,p12,372.285
none,p13,542.396
none,p14,495.564
none,p15,844.853
none,p16,833.536
none,p17,1218.81
none,p18,1107.8
none,p19,232.231
none,p0,0.574591
none,p1,3.71803
none,p2,2.13805e-16
none,p3,2.2595
none,p4,0.912534
none,p5,1.79223
none,p6,3.91242
none,p7,0.406548
none,p8,6.93889e-18
none,p9,1.33382
none,p10,456.022
none,p11,1.1786
none,p12,0
none,p13,402.703
none,p14,4.39536e-15
none,p15,990.496
none,p16,195.102
none,p17,1107.4
none,p18,1093.99
none,p19,1258.06
none,p0,0
none,p1,1.99102
none,p2,1.5338
none,p3,2.89833
none,p4,2.62956
none,p5,0.409589
none,p6,0.400329
none,p7,1.90829
none,p8,0.71863
none,p9,0
none,p10,247.525
none,p11,0.361415
none,p12,0.441735
none,p13,0
none,p14,2.40834
none,p15,406.762
none,p16,313.303
none,p17,1730.2
none,p18,46.8029
none,p19,598.618
none,p0,0.533082
none,p1,15.8025
none,p2,2.25382
none,p3,2.55612e-15
none,p4,0.348324
none,p5,79.4117
none,p6,6.90324
none,p7,56.971
none,p8,172.218
none,p9,158.197
none,p10,174.805
none,p11,289.859
none,p12,297.802
none,p13,370.723
none,p14,655.619
none,p15,760.641
none,p16,788.021
none,p17,851.848
none,p18,1444.9
none,p19,1636.79
none,p0,0.615607
none,p1,2.2272
none,p2,2.45597
none,p3,49.2329
none,p4,46.0762
none,p5,4.92672
none,p6,31.3049
none,p7,155.215
none,p8,115.852
none,p9,90.4053
none,p10,220.09
none,p11,267.978
none,p12,396.898
none,p13,587.034
none,p14,719.596
none,p15,829.181
none,p16,139.723
none,p17,764.437
none,p18,1832.2
none,p19,1348.33
none,p0,8.02058
none,p1,21.8607
none,p2,0
none,p3,0.146029
none,p4,1.92464
none,p5,89.7727
none,p6,39.8133
none,p7,89.9797
none,p8,135.413
none,p9,183.116
none,p10,182.135
none,p11,224.618
none,p12,367.45
none,p13,429.618
none,p14,655.196
none,p15,957.884
none,p16,621.384
none,p17,951.762
none,p18,1403.33
none,p19,1640.57
none,p0,15.0016
none,p1,0.166218
none,p2,39.4675
none,p3,40.7723
none,p4,1.30626
none,p5,0.958172
none,p6,40.6336
none,p7,51.0787
none,p8,19.8237
none,p9,335.443
none,p10,271.452
none,p11,233.427
none,p12,328.643
none,p13,333.219
none,p14,240.998
none,p15,535.082
none,p16,657.932
none,p17,849.386
none,p18,809.77
none,p19,1194.88
none,p0,8.07781
none,p1,24.3699
none,p2,0.647948
none,p3,37.6637
none,p4,7.08155
none,p5,7.56339e-16
none,p6,39.8061
none,p7,0.138105
none,p8,82.015
none,p9,252.911
none,p10,343.043
none,p11,305.449
none,p12,52.598
none,p13,217.786
none,p14,571.436
none,p15,73.1585
none,p16,1034.88
none,p17,252.263
none,p18,1213.88
none,p19,1483.71
Balanced priorities,p0,233.199
Balanced priorities,p1,232.866
Balanced priorities,p2,235.487
Balanced priorities,p3,155.503
Balanced priorities,p4,331.508
Balanced priorities,p5,190.919
Balanced priorities,p6,194.994
Balanced priorities,p7,266.716
Balanced priorities,p8,130.147
Balanced priorities,p9,279.249
Balanced priorities,p10,328.17
Balanced priorities,p11,325.917
Balanced priorities,p12,437.479
Balanced priorities,p13,190.972
Balanced priorities,p14,182.738
Balanced priorities,p15,511.943
Balanced priorities,p16,298.447
Balanced priorities,p17,264.72
Balanced priorities,p18,410.42
Balanced priorities,p19,283.686
Balanced priorities,p0,262.353
Balanced priorities,p1,241.738
Balanced priorities,p2,117.016
Balanced priorities,p3,252.486
Balanced priorities,p4,209.538
Balanced priorities,p5,255.177
Balanced priorities,p6,187.589
Balanced priorities,p7,229.659
Balanced priorities,p8,264.383
Balanced priorities,p9,216.266
Balanced priorities,p10,204.785
Balanced priorities,p11,393.179
Balanced priorities,p12,320.424
Balanced priorities,p13,401.965
Balanced priorities,p14,326.936
Balanced priorities,p15,369.98
Balanced priorities,p16,304.124
Balanced priorities,p17,461.901
Balanced priorities,p18,490.365
Balanced priorities,p19,578.886
Balanced priorities,p0,211.512
Balanced priorities,p1,162.43
Balanced priorities,p2,193.243
Balanced priorities,p3,180.368
Balanced priorities,p4,214.119
Balanced priorities,p5,164.277
Balanced priorities,p6,321.791
Balanced priorities,p7,184.275
Balanced priorities,p8,244.778
Balanced priorities,p9,287.408
Balanced priorities,p10,249.401
Balanced priorities,p11,296.065
Balanced priorities,p12,330.136
Balanced priorities,p13,392.196
Balanced priorities,p14,244.439
Balanced priorities,p15,315.45
Balanced priorities,p16,197.442
Balanced priorities,p17,176.724
Balanced priorities,p18,475.689
Balanced priorities,p19,280.184
Balanced priorities,p0,270.816
Balanced priorities,p1,246.655
Balanced priorities,p2,214.956
Balanced priorities,p3,66.4616
Balanced priorities,p4,237.823
Balanced priorities,p5,306.485
Balanced priorities,p6,267.033
Balanced priorities,p7,259.522
Balanced priorities,p8,304.993
Balanced priorities,p9,305.25
Balanced priorities,p10,236.185
Balanced priorities,p11,339.033
Balanced priorities,p12,277.317
Balanced priorities,p13,232.134
Balanced priorities,p14,397.224
Balanced priorities,p15,357.1
Balanced priorities,p16,508.395
Balanced priorities,p17,369.512
Balanced priorities,p18,459.358
Balanced priorities,p19,603.021
Balanced priorities,p0,285.318
Balanced priorities,p1,260.259
Balanced priorities,p2,333.319
Balanced priorities,p3,300.683
Balanced priorities,p4,170.728
Balanced priorities,p5,268.316
Balanced priorities,p6,167.983
Balanced priorities,p7,348.139
Balanced priorities,p8,127.851
Balanced priorities,p9,213.101
Balanced priorities,p10,119.056
Balanced priorities,p11,249.896
Balanced priorities,p12,155.398
Balanced priorities,p13,445.562
Balanced priorities,p14,366.502
Balanced priorities,p15,356.683
Balanced priorities,p16,311.758
Balanced priorities,p17,473.141
Balanced priorities,p18,0.172547
Balanced priorities,p19,732.943
Balanced priorities,p0,273.478
Balanced priorities,p1,325.729
Balanced priorities,p2,307.863
Balanced priorities,p3,287.328
Balanced priorities,p4,320.593
Balanced priorities,p5,249.161
Balanced priorities,p6,335.25
Balanced priorities,p7,309.777
Balanced priorities,p8,256.511
Balanced priorities,p9,355.452
Balanced priorities,p10,349.151
Balanced priorities,p11,196.566
Balanced priorities,p12,339.249
Balanced priorities,p13,357.167
Balanced priorities,p14,383.111
Balanced priorities,p15,295.516
Balanced priorities,p16,304.466
Balanced priorities,p17,390.73
Balanced priorities,p18,503.501
Balanced priorities,p19,598.298
Balanced priorities,p0,249.625
Balanced priorities,p1,247.631
Balanced priorities,p2,305.63
Balanced priorities,p3,285.804
Balanced priorities,p4,251.482
Balanced priorities,p5,190.205
Balanced priorities,p6,285.452
Balanced priorities,p7,287.512
Balanced priorities,p8,233.03
Balanced priorities,p9,200.551
Balanced priorities,p10,290.146
Balanced priorities,p11,285.817
Balanced priorities,p12,345.079
Balanced priorities,p13,276.582
Balanced priorities,p14,0.105004
Balanced priorities,p15,323.935
Balanced priorities,p16,494.38
Balanced priorities,p17,582.546
Balanced priorities,p18,645.982
Balanced priorities,p19,419.133
Balanced priorities,p0,314.455
Balanced priorities,p1,331.306
Balanced priorities,p2,302.628
Balanced priorities,p3,296.91
Balanced priorities,p4,266.573
Balanced priorities,p5,153.314
Balanced priorities,p6,298.849
Balanced priorities,p7,278.385
Balanced priorities,p8,239.031
Balanced priorities,p9,258.126
Balanced priorities,p10,166.456
Balanced priorities,p11,304.353
Balanced priorities,p12,368.068
Balanced priorities,p13,418.505
Balanced priorities,p14,449.351
Balanced priorities,p15,461.842
Balanced priorities,p16,303.239
Balanced priorities,p17,563.785
Balanced priorities,p18,304.585
Balanced priorities,p19,379.63
Balanced priorities,p0,205.743
Balanced priorities,p1,306.856
Balanced priorities,p2,205.014
Balanced priorities,p3,287.913
Balanced priorities,p4,160.178
Balanced priorities,p5,280.299
Balanced priorities,p6,249.8
Balanced priorities,p7,292.787
Balanced priorities,p8,356.255
Balanced priorities,p9,257.152
Balanced priorities,p10,333.516
Balanced priorities,p11,333.753
Balanced priorities,p12,333.797
Balanced priorities,p13,261.344
Balanced priorities,p14,279.808
Balanced priorities,p15,243.193
Balanced priorities,p16,346.494
Balanced priorities,p17,1.52563e-15
Balanced priorities,p18,477.954
Balanced priorities,p19,599.522
Balanced priorities,p0,304.449
Balanced priorities,p1,145.602
Balanced priorities,p2,261.536
Balanced priorities,p3,298.316
Balanced priorities,p4,270.849
Balanced priorities,p5,346.167
Balanced priorities,p6,195.149
Balanced priorities,p7,222.28
Balanced priorities,p8,306.787
Balanced priorities,p9,251.675
Balanced priorities,p10,282.135
Balanced priorities,p11,269.972
Balanced priorities,p12,326.024
Balanced priorities,p13,339.554
Balanced priorities,p14,409.194
Balanced priorities,p15,348.861
Balanced priorities,p16,381.971
Balanced priorities,p17,335.522
Balanced priorities,p18,487.943
Balanced priorities,p19,607.817
Balanced priorities,p0,249.85
Balanced priorities,p1,267.031
Balanced priorities,p2,280.82
Balanced priorities,p3,236.691
Balanced priorities,p4,256.582
Balanced priorities,p5,325.991
Balanced priorities,p6,136.687
Balanced priorities,p7,252.899
Balanced priorities,p8,253.67
Balanced priorities,p9,189.573
Balanced priorities,p10,266.478
Balanced priorities,p11,241.557
Balanced priorities,p12,274.58
Balanced priorities,p13,408.704
Balanced priorities,p14,261.651
Balanced priorities,p15,317.28
Balanced priorities,p16,419.192
Balanced priorities,p17,459.822
Balanced priorities,p18,546.796
Balanced priorities,p19,474.858
Balanced priorities,p0,209.121
Balanced priorities,p1,303.68
Balanced priorities,p2,263.987
Balanced priorities,p3,257.999
Balanced priorities,p4,224.526
Balanced priorities,p5,208.701
Balanced priorities,p6,196.811
Balanced priorities,p7,313.373
Balanced priorities,p8,262.53
Balanced priorities,p9,171.299
Balanced priorities,p10,297.413
Balanced priorities,p11,344.293
Balanced priorities,p12,343.132
Balanced priorities,p13,342.003
Balanced priorities,p14,387.792
Balanced priorities,p15,380.008
Balanced priorities,p16,415.753
Balanced priorities,p17,553.555
Balanced priorities,p18,602.913
Balanced priorities,p19,450.806
Balanced priorities,p0,269.575
Balanced priorities,p1,236.094
Balanced priorities,p2,306.945
Balanced priorities,p3,259.682
Balanced priorities,p4,232.789
Balanced priorities,p5,209.025
Balanced priorities,p6,238.689
Balanced priorities,p7,194.393
Balanced priorities,p8,251.181
Balanced priorities,p9,321.116
Balanced priorities,p10,302.261
Balanced priorities,p11,319.262
Balanced priorities,p12,278.874
Balanced priorities,p13,389.159
Balanced priorities,p14,384.427
Balanced priorities,p15,399.146
Balanced priorities,p16,387.61
Balanced priorities,p17,475.542
Balanced priorities,p18,567.106
Balanced priorities,p19,407.974
Balanced priorities,p0,379.674
Balanced priorities,p1,68.7236
Balanced priorities,p2,264.053
Balanced priorities,p3,297.218
Balanced priorities,p4,257.794
Balanced priorities,p5,376.111
Balanced priorities,p6,292.582
Balanced priorities,p7,308.618
Balanced priorities,p8,395.079
Balanced priorities,p9,220.387
Balanced priorities,p10,236.294
Balanced priorities,p11,279.383
Balanced priorities,p12,285.94
Balanced priorities,p13,276.344
Balanced priorities,p14,215.428
Balanced priorities,p15,348.614
Balanced priorities,p16,278.57
Balanced priorities,p17,449.376
Balanced priorities,p18,153.304
Balanced priorities,p19,473.21
Balanced priorities,p0,133.028
Balanced priorities,p1,191.582
Balanced priorities,p2,228.456
Balanced priorities,p3,308.267
Balanced priorities,p4,290.598
Balanced priorities,p5,312.412
Balanced priorities,p6,289.055
Balanced priorities,p7,278.363
Balanced priorities,p8,254.611
Balanced priorities,p9,405.086
Balanced priorities,p10,177.245
Balanced priorities,p11,357.249
Balanced priorities,p12,218.921
Balanced priorities,p13,272.149
Balanced priorities,p14,416.974
Balanced priorities,p15,310.772
Balanced priorities,p16,189.339
Balanced priorities,p17,452.416
Balanced priorities,p18,486.979
Balanced priorities,p19,388.281
Balanced priorities,p0,180.383
Balanced priorities,p1,303.374
Balanced priorities,p2,324.214
Balanced priorities,p3,263.047
Balanced priorities,p4,369.821
Balanced priorities,p5,268.965
Balanced priorities,p6,247.804
Balanced priorities,p7,281.912
Balanced priorities,p8,369.97
Balanced priorities,p9,330.294
Balanced priorities,p10,131.726
Balanced priorities,p11,273.537
Balanced priorities,p12,294.598
Balanced priorities,p13,311.98
Balanced priorities,p14,369.899
Balanced priorities,p15,359.258
Balanced priorities,p16,408.135
Balanced priorities,p17,480.207
Balanced priorities,p18,559.175
Balanced priorities,p19,649.737
Balanced priorities,p0,200.401
Balanced priorities,p1,232.19
Balanced priorities,p2,274.214
Balanced priorities,p3,313.018
Balanced priorities,p4,298.076
Balanced priorities,p5,261.324
Balanced priorities,p6,224.138
Balanced priorities,p7,221.703
Balanced priorities,p8,0.00273159
Balanced priorities,p9,230.353
Balanced priorities,p10,139.716
Balanced priorities,p11,387.28
Balanced priorities,p12,387.147
Balanced priorities,p13,292.694
Balanced priorities,p14,415.714
Balanced priorities,p15,433.512
Balanced priorities,p16,575.625
Balanced priorities,p17,507.835
Balanced priorities,p18,552.053
Balanced priorities,p19,510.369
Balanced priorities,p0,232.182
Balanced priorities,p1,205.72
Balanced priorities,p2,300.364
Balanced priorities,p3,257.921
Balanced priorities,p4,255.957
Balanced priorities,p5,149.867
Balanced priorities,p6,290.793
Balanced priorities,p7,275.672
Balanced priorities,p8,250.582
Balanced priorities,p9,274.393
Balanced priorities,p10,292.98
Balanced priorities,p11,235.348
Balanced priorities,p12,180.077
Balanced priorities,p13,408.053
Balanced priorities,p14,356.35
Balanced priorities,p15,9.34526e-17
Balanced priorities,p16,379.167
Balanced priorities,p17,530.774
Balanced priorities,p18,450.79
Balanced priorities,p19,643.339
Balanced priorities,p0,275.718
Balanced priorities,p1,300.816
Balanced priorities,p2,278.352
Balanced priorities,p3,192.564
Balanced priorities,p4,303.967
Balanced priorities,p5,180.078
Balanced priorities,p6,226.648
Balanced priorities,p7,255.335
Balanced priorities,p8,265.056
Balanced priorities,p9,299.99
Balanced priorities,p10,282.232
Balanced priorities,p11,322.944
Balanced priorities,p12,283.02
Balanced priorities,p13,377.51
Balanced priorities,p14,436.408
Balanced priorities,p15,384.337
Balanced priorities,p16,392.917
Balanced priorities,p17,446.057
Balanced priorities,p18,722.592
Balanced priorities,p19,667.897
Balanced priorities,p0,244.451
Balanced priorities,p1,243.863
Balanced priorities,p2,317.667
Balanced priorities,p3,227.565
Balanced priorities,p4,208.267
Balanced priorities,p5,310.145
Balanced priorities,p6,353.726
Balanced priorities,p7,262.419
Balanced priorities,p8,293.777
Balanced priorities,p9,155.277
Balanced priorities,p10,306.909
Balanced priorities,p11,278.767
Balanced priorities,p12,422.17
Balanced priorities,p13,317.073
Balanced priorities,p14,303.872
Balanced priorities,p15,440.864
Balanced priorities,p16,252.79
Balanced priorities,p17,415.43
Balanced priorities,p18,440.894
Balanced priorities,p19,525.954
Balanced priorities,p0,144.735
Balanced priorities,p1,269.196
Balanced priorities,p2,307.748
Balanced priorities,p3,296.084
Balanced priorities,p4,241.766
Balanced priorities,p5,308.555
Balanced priorities,p6,158.339
Balanced priorities,p7,253.861
Balanced priorities,p8,149.002
Balanced priorities,p9,220.314
Balanced priorities,p10,325.386
Balanced priorities,p11,399.284
Balanced priorities,p12,234.205
Balanced priorities,p13,357.765
Balanced priorities,p14,322.523
Balanced priorities,p15,537.701
Balanced priorities,p16,518.797
Balanced priorities,p17,558.108
Balanced priorities,p18,475.947
Balanced priorities,p19,691.071
Balanced priorities,p0,265.4
Balanced priorities,p1,177.526
Balanced priorities,p2,327.741
Balanced priorities,p3,90.0668
Balanced priorities,p4,186.148
Balanced priorities,p5,305.185
Balanced priorities,p6,390.637
Balanced priorities,p7,272.236
Balanced priorities,p8,172.492
Balanced priorities,p9,169.944
Balanced priorities,p10,259.586
Balanced priorities,p11,387.295
Balanced priorities,p12,223.092
Balanced priorities,p13,280.804
Balanced priorities,p14,305.878
Balanced priorities,p15,298.067
Balanced priorities,p16,323.446
Balanced priorities,p17,237.527
Balanced priorities,p18,37.0528
Balanced priorities,p19,422.847
Balanced priorities,p0,189.293
Balanced priorities,p1,267.57
Balanced priorities,p2,158.631
Balanced priorities,p3,295.433
Balanced priorities,p4,268.743
Balanced priorities,p5,231.687
Balanced priorities,p6,153.144
Balanced priorities,p7,211.935
Balanced priorities,p8,242.741
Balanced priorities,p9,213.209
Balanced priorities,p10,251.625
Balanced priorities,p11,235.527
Balanced priorities,p12,267.134
Balanced priorities,p13,290.149
Balanced priorities,p14,338.34
Balanced priorities,p15,315.713
Balanced priorities,p16,466.329
Balanced priorities,p17,6.65202e-16
Balanced priorities,p18,319.019
Balanced priorities,p19,8.31903e-15
Balanced priorities,p0,233.856
Balanced priorities,p1,265.739
Balanced priorities,p2,225.422
Balanced priorities,p3,327.846
Balanced priorities,p4,238.045
Balanced priorities,p5,289.196
Balanced priorities,p6,233.449
Balanced priorities,p7,337.631
Balanced priorities,p8,264.919
Balanced priorities,p9,349.321
Balanced priorities,p10,96.269
Balanced priorities,p11,206.007
Balanced priorities,p12,173.083
Balanced priorities,p13,364.547
Balanced priorities,p14,329.038
Balanced priorities,p15,329.514
Balanced priorities,p16,417.36
Balanced priorities,p17,461.438
Balanced priorities,p18,597.365
Balanced priorities,p19,678.118
Balanced priorities,p0,277.423
Balanced priorities,p1,250.701
Balanced priorities,p2,233.564
Balanced priorities,p3,251.732
Balanced priorities,p4,320.1
Balanced priorities,p5,239.358
Balanced priorities,p6,250.806
Balanced priorities,p7,272.522
Balanced priorities,p8,265.701
Balanced priorities,p9,378.513
Balanced priorities,p10,239.896
Balanced priorities,p11,329.57
Balanced priorities,p12,350.331
Balanced priorities,p13,372.826
Balanced priorities,p14,418.176
Balanced priorities,p15,424.34
Balanced priorities,p16,319.248
Balanced priorities,p17,385.708
Balanced priorities,p18,472.363
Balanced priorities,p19,180.826
Balanced priorities,p0,267.766
Balanced priorities,p1,241.087
Balanced priorities,p2,285.296
Balanced priorities,p3,285.787
Balanced priorities,p4,222.392
Balanced priorities,p5,267.633
Balanced priorities,p6,149.621
Balanced priorities,p7,227.758
Balanced priorities,p8,251.532
Balanced priorities,p9,204.05
Balanced priorities,p10,369.065
Balanced priorities,p11,224.859
Balanced priorities,p12,292.702
Balanced priorities,p13,8.76787e-16
Balanced priorities,p14,274.973
Balanced priorities,p15,97.3216
Balanced priorities,p16,335.538
Balanced priorities,p17,388.032
Balanced priorities,p18,379.91
Balanced priorities,p19,475.74
Balanced priorities,p0,329.708
Balanced priorities,p1,193.131
Balanced priorities,p2,218.935
Balanced priorities,p3,252.801
Balanced priorities,p4,254.615
Balanced priorities,p5,284.98
Balanced priorities,p6,198.278
Balanced priorities,p7,361.613
Balanced priorities,p8,282.731
Balanced priorities,p9,274.825
Balanced priorities,p10,307.397
Balanced priorities,p11,339.14
Balanced priorities,p12,278.439
Balanced priorities,p13,386.831
Balanced priorities,p14,421.055
Balanced priorities,p15,291.962
Balanced priorities,p16,293.815
Balanced priorities,p17,315.028
Balanced priorities,p18,515.42
Balanced priorities,p19,730.459
Balanced priorities,p0,230.22
Balanced priorities,p1,243.442
Balanced priorities,p2,128.589
Balanced priorities,p3,249.315
Balanced priorities,p4,303.432
Balanced priorities,p5,292.033
Balanced priorities,p6,217.428
Balanced priorities,p7,264.2
Balanced priorities,p8,250.877
Balanced priorities,p9,333.023
Balanced priorities,p10,241.945
Balanced priorities,p11,308.072
Balanced priorities,p12,237.202
Balanced priorities,p13,349.888
Balanced priorities,p14,419.979
Balanced priorities,p15,359.08
Balanced priorities,p16,211.87
Balanced priorities,p17,438.336
Balanced priorities,p18,528.028
Balanced priorities,p19,265.3
Balanced priorities,p0,242.07
Balanced priorities,p1,318.457
Balanced priorities,p2,184.656
Balanced priorities,p3,219.85
Balanced priorities,p4,228.86
Balanced priorities,p5,190.325
Balanced priorities,p6,285.125
Balanced priorities,p7,356.306
Balanced priorities,p8,352.185
Balanced priorities,p9,261.771
Balanced priorities,p10,334.314
Balanced priorities,p11,294.504
Balanced priorities,p12,289.943
Balanced priorities,p13,193.263
Balanced priorities,p14,402.151
Balanced priorities,p15,517.816
Balanced priorities,p16,463.068
Balanced priorities,p17,649.056
Balanced priorities,p18,603.753
Balanced priorities,p19,561.854
Balanced priorities,p0,293.898
Balanced priorities,p1,223.665
Balanced priorities,p2,242.096
Balanced priorities,p3,238.212
Balanced priorities,p4,309.7
Balanced priorities,p5,266.072
Balanced priorities,p6,229.763
Balanced priorities,p7,320.91
Balanced priorities,p8,285.283
Balanced priorities,p9,309.235
Balanced priorities,p10,299.638
Balanced priorities,p11,402.284
Balanced priorities,p12,359.564
Balanced priorities,p13,332.275
Balanced priorities,p14,372.021
Balanced priorities,p15,453.693
Balanced priorities,p16,509.796
Balanced priorities,p17,437.212
Balanced priorities,p18,458.621
Balanced priorities,p19,526.065
Balanced priorities,p0,197.176
Balanced priorities,p1,255.632
Balanced priorities,p2,210.752
Balanced priorities,p3,251.122
Balanced priorities,p4,298.059
Balanced priorities,p5,337.216
Balanced priorities,p6,348.116
Balanced priorities,p7,316.016
Balanced priorities,p8,268.849
Balanced priorities,p9,265.387
Balanced priorities,p10,385.644
Balanced priorities,p11,306.491
Balanced priorities,p12,351.055
Balanced priorities,p13,354.973
Balanced priorities,p14,266.869
Balanced priorities,p15,438.817
Balanced priorities,p16,475.267
Balanced priorities,p17,484.268
Balanced priorities,p18,309.102
Balanced priorities,p19,360.801
Balanced priorities,p0,298.312
Balanced priorities,p1,248.964
Balanced priorities,p2,233.75
Balanced priorities,p3,320.977
Balanced priorities,p4,167.287
Balanced priorities,p5,272.342
Balanced priorities,p6,240.708
Balanced priorities,p7,350.2
Balanced priorities,p8,315.624
Balanced priorities,p9,343.467
Balanced priorities,p10,265.283
Balanced priorities,p11,223.789
Balanced priorities,p12,333.999
Balanced priorities,p13,456.485
Balanced priorities,p14,342.291
Balanced priorities,p15,372.194
Balanced priorities,p16,497.356
Balanced priorities,p17,502.983
Balanced priorities,p18,294.806
Balanced priorities,p19,364.05
Balanced priorities,p0,191.862
Balanced priorities,p1,248.858
Balanced priorities,p2,216.701
Balanced priorities,p3,253.351
Balanced priorities,p4,265.901
Balanced priorities,p5,305.859
Balanced priorities,p6,226.934
Balanced priorities,p7,230.201
Balanced priorities,p8,109.649
Balanced priorities,p9,195.352
Balanced priorities,p10,282.796
Balanced priorities,p11,293.32
Balanced priorities,p12,308.474
Balanced priorities,p13,411.144
Balanced priorities,p14,386.589
Balanced priorities,p15,511.748
Balanced priorities,p16,378.456
Balanced priorities,p17,534.944
Balanced priorities,p18,369.654
Balanced priorities,p19,397.55
Balanced priorities,p0,250.63
Balanced priorities,p1,261.578
Balanced priorities,p2,297.47
Balanced priorities,p3,245.889
Balanced priorities,p4,237.937
Balanced priorities,p5,302.644
Balanced priorities,p6,287.231
Balanced priorities,p7,226.782
Balanced priorities,p8,241.129
Balanced priorities,p9,309.25
Balanced priorities,p10,323.899
Balanced priorities,p11,181.891
Balanced priorities,p12,148.658
Balanced priorities,p13,375.293
Balanced priorities,p14,407.644
Balanced priorities,p15,343.259
Balanced priorities,p16,367.073
Balanced priorities,p17,498.608
Balanced priorities,p18,478.179
Balanced priorities,p19,398.767
Balanced priorities,p0,240.196
Balanced priorities,p1,264.351
Balanced priorities,p2,308.89
Balanced priorities,p3,239.799
Balanced priorities,p4,190.07
Balanced priorities,p5,204.917
Balanced priorities,p6,305.731
Balanced priorities,p7,176.059
Balanced priorities,p8,293.544
Balanced priorities,p9,365.07
Balanced priorities,p10,277.202
Balanced priorities,p11,344.858
Balanced priorities,p12,223.775
Balanced priorities,p13,393.586
Balanced priorities,p14,453.477
Balanced priorities,p15,486.626
Balanced priorities,p16,409.752
Balanced priorities,p17,465.146
Balanced priorities,p18,499.451
Balanced priorities,p19,592.576
Balanced priorities,p0,180.731
Balanced priorities,p1,141.261
Balanced priorities,p2,139.529
Balanced priorities,p3,272.068
Balanced priorities,p4,201.499
Balanced priorities,p5,278.792
Balanced priorities,p6,25.9741
Balanced priorities,p7,256.126
Balanced priorities,p8,224.075
Balanced priorities,p9,256.919
Balanced priorities,p10,335.442
Balanced priorities,p11,210.412
Balanced priorities,p12,261.236
Balanced priorities,p13,270.598
Balanced priorities,p14,180.751
Balanced priorities,p15,364.155
Balanced priorities,p16,369.432
Balanced priorities,p17,521.083
Balanced priorities,p18,518.644
Balanced priorities,p19,592.175
Balanced priorities,p0,260.902
Balanced priorities,p1,302.456
Balanced priorities,p2,304.689
Balanced priorities,p3,233.622
Balanced priorities,p4,243.039
Balanced priorities,p5,318.888
Balanced priorities,p6,145
Balanced priorities,p7,216.796
Balanced priorities,p8,362.929
Balanced priorities,p9,356.558
Balanced priorities,p10,230.986
Balanced priorities,p11,294.825
Balanced priorities,p12,440.887
Balanced priorities,p13,439.12
Balanced priorities,p14,352.264
Balanced priorities,p15,504.398
Balanced priorities,p16,575.128
Balanced priorities,p17,435.995
Balanced priorities,p18,565.139
Balanced priorities,p19,526.186
Balanced priorities,p0,228.936
Balanced priorities,p1,272.311
Balanced priorities,p2,316.514
Balanced priorities,p3,296.6
Balanced priorities,p4,294.197
Balanced priorities,p5,269.326
Balanced priorities,p6,312.186
Balanced priorities,p7,281.176
Balanced priorities,p8,292.688
Balanced priorities,p9,143.48
Balanced priorities,p10,314.518
Balanced priorities,p11,366.907
Balanced priorities,p12,345.66
Balanced priorities,p13,136.271
Balanced priorities,p14,299.167
Balanced priorities,p15,475.398
Balanced priorities,p16,359.247
Balanced priorities,p17,422.41
Balanced priorities,p18,380.55
Balanced priorities,p19,309.075
Balanced priorities,p0,276.385
Balanced priorities,p1,170.584
Balanced priorities,p2,273.763
Balanced priorities,p3,223.975
Balanced priorities,p4,325.907
Balanced priorities,p5,230.048
Balanced priorities,p6,184.939
Balanced priorities,p7,289.621
Balanced priorities,p8,292.849
Balanced priorities,p9,301.164
Balanced priorities,p10,368.64
Balanced priorities,p11,268.697
Balanced priorities,p12,272.937
Balanced priorities,p13,356.683
Balanced priorities,p14,325.499
Balanced priorities,p15,450.513
Balanced priorities,p16,426.706
Balanced priorities,p17,389.405
Balanced priorities,p18,628.213
Balanced priorities,p19,451.888
Balanced priorities,p0,292.402
Balanced priorities,p1,227.812
Balanced priorities,p2,210.239
Balanced priorities,p3,276.187
Balanced priorities,p4,279.477
Balanced priorities,p5,274.505
Balanced priorities,p6,221.808
Balanced priorities,p7,257.3
Balanced priorities,p8,297.987
Balanced priorities,p9,306.02
Balanced priorities,p10,274.7
Balanced priorities,p11,214.179
Balanced priorities,p12,333.725
Balanced priorities,p13,38.8296
Balanced priorities,p14,385.951
Balanced priorities,p15,436.425
Balanced priorities,p16,429.56
Balanced priorities,p17,582.974
Balanced priorities,p18,490.589
Balanced priorities,p19,771.043
Balanced priorities,p0,299.924
Balanced priorities,p1,158.057
Balanced priorities,p2,254.232
Balanced priorities,p3,199.112
Balanced priorities,p4,305.151
Balanced priorities,p5,307.222
Balanced priorities,p6,314.743
Balanced priorities,p7,239.432
Balanced priorities,p8,306.221
Balanced priorities,p9,289.395
Balanced priorities,p10,217.003
Balanced priorities,p11,295.226
Balanced priorities,p12,283.874
Balanced priorities,p13,226.976
Balanced priorities,p14,381.574
Balanced priorities,p15,405.484
Balanced priorities,p16,281.952
Balanced priorities,p17,559.507
Balanced priorities,p18,535.834
Balanced priorities,p19,632.803
Balanced priorities,p0,188.189
Balanced priorities,p1,338.369
Balanced priorities,p2,350.374
Balanced priorities,p3,353.367
Balanced priorities,p4,271.802
Balanced priorities,p5,281.235
Balanced priorities,p6,299.677
Balanced priorities,p7,202.517
Balanced priorities,p8,251.404
Balanced priorities,p9,345.003
Balanced priorities,p10,282.244
Balanced priorities,p11,297.914
Balanced priorities,p12,279.397
Balanced priorities,p13,366.335
Balanced priorities,p14,345.908
Balanced priorities,p15,416.423
Balanced priorities,p16,447.617
Balanced priorities,p17,579.149
Balanced priorities,p18,533.52
Balanced priorities,p19,614.997
Balanced priorities,p0,254.366
Balanced priorities,p1,195.356
Balanced priorities,p2,248.868
Balanced priorities,p3,304.002
Balanced priorities,p4,158.997
Balanced priorities,p5,270.575
Balanced priorities,p6,118.628
Balanced priorities,p7,224.768
Balanced priorities,p8,251.229
Balanced priorities,p9,341.955
Balanced priorities,p10,328.882
Balanced priorities,p11,245.169
Balanced priorities,p12,260.172
Balanced priorities,p13,411.925
Balanced priorities,p14,399.813
Balanced priorities,p15,415.825
Balanced priorities,p16,463.089
Balanced priorities,p17,380.208
Balanced priorities,p18,584.638
Balanced priorities,p19,616.718
Balanced priorities,p0,178.521
Balanced priorities,p1,321.573
Balanced priorities,p2,223.591
Balanced priorities,p3,290.262
Balanced priorities,p4,105.727
Balanced priorities,p5,235.373
Balanced priorities,p6,303.618
Balanced priorities,p7,310.411
Balanced priorities,p8,115.106
Balanced priorities,p9,250.658
Balanced priorities,p10,249.223
Balanced priorities,p11,182.746
Balanced priorities,p12,224.256
Balanced priorities,p13,245.641
Balanced priorities,p14,352.48
Balanced priorities,p15,443.713
Balanced priorities,p16,298.141
Balanced priorities,p17,312.57
Balanced priorities,p18,280.607
Balanced priorities,p19,408.273
Balanced priorities,p0,282.881
Balanced priorities,p1,360.767
Balanced priorities,p2,342.791
Balanced priorities,p3,340.237
Balanced priorities,p4,331.78
Balanced priorities,p5,270.869
Balanced priorities,p6,150.674
Balanced priorities,p7,248.471
Balanced priorities,p8,350.982
Balanced priorities,p9,161.493
Balanced priorities,p10,278.855
Balanced priorities,p11,243.159
Balanced priorities,p12,0
Balanced priorities,p13,363.053
Balanced priorities,p14,314.074
Balanced priorities,p15,389.591
Balanced priorities,p16,405.949
Balanced priorities,p17,483.777
Balanced priorities,p18,262.129
Balanced priorities,p19,667.473
Balanced priorities,p0,297.257
Balanced priorities,p1,213.45
Balanced priorities,p2,223.29
Balanced priorities,p3,295.593
Balanced priorities,p4,284.067
Balanced priorities,p5,308.128
Balanced priorities,p6,255.86
Balanced priorities,p7,272.29
Balanced priorities,p8,226.705
Balanced priorities,p9,274.48
Balanced priorities,p10,123.241
Balanced priorities,p11,306.971
Balanced priorities,p12,0.705404
Balanced priorities,p13,342.567
Balanced priorities,p14,263.398
Balanced priorities,p15,553.438
Balanced priorities,p16,288.871
Balanced priorities,p17,345.898
Balanced priorities,p18,424.62
Balanced priorities,p19,467.421
Balanced priorities,p0,300.849
Balanced priorities,p1,238.344
Balanced priorities,p2,270.585
Balanced priorities,p3,241.919
Balanced priorities,p4,294.781
Balanced priorities,p5,282.051
Balanced priorities,p6,298.497
Balanced priorities,p7,293.687
Balanced priorities,p8,307.411
Balanced priorities,p9,333.779
Balanced priorities,p10,316.92
Balanced priorities,p11,257.962
Balanced priorities,p12,225.691
Balanced priorities,p13,410.469
Balanced priorities,p14,409.942
Balanced priorities,p15,441.941
Balanced priorities,p16,500.511
Balanced priorities,p17,289.939
Balanced priorities,p18,373.494
Balanced priorities,p19,431.846
Balanced priorities,p0,240.875
Balanced priorities,p1,222.951
Balanced priorities,p2,262.414
Balanced priorities,p3,226.549
Balanced priorities,p4,240.539
Balanced priorities,p5,273.562
Balanced priorities,p6,311.387
Balanced priorities,p7,311.045
Balanced priorities,p8,322.977
Balanced priorities,p9,144.855
Balanced priorities,p10,328.991
Balanced priorities,p11,313.746
Balanced priorities,p12,272.485
Balanced priorities,p13,273.103
Balanced priorities,p14,328.97
Balanced priorities,p15,240.331
Balanced priorities,p16,352.367
Balanced priorities,p17,296.52
Balanced priorities,p18,506.737
Balanced priorities,p19,427.019
Balanced priorities,p0,137.062
Balanced priorities,p1,303.331
Balanced priorities,p2,248.647
Balanced priorities,p3,289.246
Balanced priorities,p4,7.9642
Balanced priorities,p5,179.82
Balanced priorities,p6,196.354
Balanced priorities,p7,360.32
Balanced priorities,p8,290.101
Balanced priorities,p9,283.816
Balanced priorities,p10,248.162
Balanced priorities,p11,236.828
Balanced priorities,p12,280.309
Balanced priorities,p13,308.5
Balanced priorities,p14,377.917
Balanced priorities,p15,441.774
Balanced priorities,p16,411.796
Balanced priorities,p17,364.227
Balanced priorities,p18,474.714
Balanced priorities,p19,846.049
Balanced priorities,p0,32.7552
Balanced priorities,p1,182.764
Balanced priorities,p2,267.614
Balanced priorities,p3,316.695
Balanced priorities,p4,270.157
Balanced priorities,p5,260.223
Balanced priorities,p6,279.979
Balanced priorities,p7,287.632
Balanced priorities,p8,253.328
Balanced priorities,p9,227.519
Balanced priorities,p10,338.236
Balanced priorities,p11,407.79
Balanced priorities,p12,311.236
Balanced priorities,p13,339.412
Balanced priorities,p14,379.991
Balanced priorities,p15,437.784
Balanced priorities,p16,366.444
Balanced priorities,p17,299.468
Balanced priorities,p18,437.577
Balanced priorities,p19,716.982
